"Plataforma";"Título";"Tipo de Conteúdo";"Ano de Lançamento";"Nº Temporadas/Filmes na Saga";"Nº de Episódios";"Género";"Produtor/Artista";"Classificação IMDb";"Classificação Etária (PEGI)";"Duração (minutos)"
"Amazon Prime Video";"The Boys";"Série";"2019";"4.0";"24.0";"Ação, Comédia, Super-herÃ³is";"Eric Kripke";"8.7";"18.0";"55.0"
"Amazon Prime Video";"Reacher";"Série";"2022";"2.0";"16.0";"Ação, Crime, Thriller";"Nick Santora";"8.1";"18.0";"50.0"
"Amazon Prime Video";"The Tomorrow War";"Filme";"2021";"1.0";"0.0";"Ação, Ficção Científica";"Chris McKay";"6.6";"16.0";"138.0"
"Amazon Prime Video";"Coming 2 America";"Filme";"2021";"2.0";"0.0";"Comédia";"Craig Brewer";"5.3";"12.0";"110.0"
"Amazon Prime Video";"Cinderella";"Filme";"2021";"1.0";"0.0";"Musical, Romance";"Kay Cannon";"4.3";"7.0";"113.0"
"Netflix";"Stranger Things";"Série";"2016";"4.0";"34.0";"Ficção Científica, Terror, Drama";"The Duffer Brothers";"8.7";"16.0";"50.0"
"Netflix";"The Crown";"Série";"2016";"6.0";"60.0";"Drama Histórico, Biografia";"Peter Morgan";"8.6";"16.0";"58.0"
"Netflix";"The Witcher";"Série";"2019";"3.0";"24.0";"Fantasia, Ação, Aventura";"Lauren Schmidt Hissrich";"8.2";"18.0";"60.0"
"Netflix";"Bridgerton";"Série";"2020";"3.0";"24.0";"Drama, Romance, Histórico";"Chris Van Dusen";"7.3";"16.0";"57.0"
"Netflix";"The Umbrella Academy";"Série";"2019";"4.0";"36.0";"Ação, Comédia-Drama, Fantasia";"Steve Blackman";"8.0";"16.0";"55.0"
"Spotify";"Might";"Música";"2004";"";"";"lo-fi";"Kevin Obrien";"";"16+";"2.14"
"Spotify";"Director smile";"Música";"2017";"";"";"pop";"Linda May";"";"18+";"4.36"
"Spotify";"Similar fly happen";"Música";"2005";"";"";"r&b";"Terry Carter";"";"Livre";"2.3"
"Spotify";"Nature issue";"Música";"2021";"";"";"funk";"Cody Cox";"";"18+";"5.5"
"Spotify";"Cold follow";"Música";"1988";"";"";"jazz";"Bridget Cooper";"";"16+";"4.56"
"Spotify";"Case available";"Música";"1988";"";"";"house";"Jackie Lin";"";"12+";"2.57"
"Spotify";"Line itself";"Música";"2024";"";"";"edm";"Aaron Pierce";"";"18+";"5.86"
"Spotify";"Business parent game worker";"Música";"1999";"";"";"country";"Michael Mccoy";"";"12+";"4.0"
"Spotify";"Program window will";"Música";"1982";"";"";"lo-fi";"Levi Mercer";"";"12+";"2.36"
"Spotify";"Too world lawyer";"Música";"2004";"";"";"rock";"Lisa Alexander";"";"18+";"5.09"
"Spotify";"Education different";"Música";"2005";"";"";"reggae";"Henry Keller";"";"18+";"2.7"
"Spotify";"Picture agree";"Música";"1991";"";"";"drill";"Jessica Conley";"";"16+";"3.41"
"Spotify";"Truth national international citizen";"Música";"2014";"";"";"house";"Donna Frost";"";"16+";"5.8"
"Spotify";"Across firm";"Música";"1997";"";"";"alternative";"Alison Martinez";"";"18+";"5.25"
"Spotify";"Data become young";"Música";"1990";"";"";"pop";"Veronica Cole";"";"16+";"2.33"
"Spotify";"Issue woman serve unit";"Música";"1980";"";"";"funk";"Veronica Parker";"";"18+";"3.34"
"Spotify";"Discover training firm";"Música";"2002";"";"";"pop";"Paul Munoz";"";"16+";"3.47"
"Spotify";"Picture capital toward participant";"Música";"1991";"";"";"reggae";"Jenny Cochran";"";"16+";"4.92"
"Spotify";"Happy require really";"Música";"2011";"";"";"hip hop";"Joseph Johnson";"";"Livre";"2.9"
"Spotify";"Should forward later";"Música";"2003";"";"";"trap";"Briana Rice";"";"12+";"4.15"
"Spotify";"Future fall over";"Música";"2006";"";"";"pop";"Claudia Ellis";"";"16+";"5.32"
"Spotify";"Environment page green";"Música";"1992";"";"";"house";"Ms. Ariel Snyder";"";"Livre";"4.31"
"Spotify";"Interview";"Música";"1993";"";"";"rock";"Marilyn Mitchell";"";"Livre";"5.05"
"Spotify";"Increase work center";"Música";"1993";"";"";"country";"Shawn Wagner";"";"12+";"4.12"
"Spotify";"Man";"Música";"2022";"";"";"jazz";"Joseph Larsen";"";"12+";"2.35"
"Spotify";"What long";"Música";"1992";"";"";"funk";"David Bell";"";"12+";"4.78"
"Spotify";"Certain once";"Música";"1984";"";"";"classical";"Misty Graham";"";"12+";"2.17"
"Spotify";"Soldier play";"Música";"1987";"";"";"hip hop";"Jo Rodriguez";"";"12+";"3.54"
"Spotify";"Last put";"Música";"2002";"";"";"lo-fi";"Marcus Horne";"";"12+";"2.28"
"Spotify";"Recently senior treat others";"Música";"1996";"";"";"alternative";"Ms. Sarah Lindsey";"";"Livre";"3.53"
"Spotify";"Parent morning";"Música";"2015";"";"";"jazz";"Jamie Benton";"";"16+";"3.02"
"Spotify";"Be subject claim";"Música";"2000";"";"";"trap";"Larry Tran";"";"Livre";"3.52"
"Spotify";"Laugh training";"Música";"2009";"";"";"alternative";"Noah Stark";"";"Livre";"5.88"
"Spotify";"Voice";"Música";"2024";"";"";"alternative";"Robert Allen";"";"Livre";"3.97"
"Spotify";"Spend young";"Música";"2019";"";"";"rock";"Eric Vazquez";"";"Livre";"2.15"
"Spotify";"Feeling break process";"Música";"1995";"";"";"pop";"Michael Anderson";"";"Livre";"4.23"
"Spotify";"Evening good beautiful table";"Música";"2016";"";"";"house";"David Abbott";"";"Livre";"2.37"
"Spotify";"Difficult bank face";"Música";"1984";"";"";"reggae";"Michelle Johnson";"";"12+";"2.64"
"Spotify";"Consumer several";"Música";"2001";"";"";"reggae";"Donald Miles";"";"16+";"4.16"
"Spotify";"Budget white whether";"Música";"1983";"";"";"hip hop";"Amy Stewart";"";"12+";"3.15"
"Spotify";"Message direction";"Música";"1999";"";"";"funk";"Susan Gross";"";"12+";"4.48"
"Spotify";"Series have";"Música";"2002";"";"";"country";"Jennifer Peterson";"";"Livre";"2.86"
"Spotify";"Weight thus";"Música";"2015";"";"";"edm";"Aaron James";"";"16+";"5.77"
"Spotify";"Important";"Música";"1990";"";"";"trap";"Brittany May";"";"16+";"2.05"
"Spotify";"Agree really";"Música";"2004";"";"";"rock";"Kathy Clark";"";"12+";"3.25"
"Spotify";"School quality especially";"Música";"2004";"";"";"r&b";"Ashley Oconnor";"";"12+";"2.16"
"Spotify";"Nice course";"Música";"2021";"";"";"rock";"Adam Mathews";"";"12+";"5.27"
"Spotify";"Eat process speech";"Música";"2000";"";"";"hip hop";"Lori Wright";"";"Livre";"4.58"
"Spotify";"Treatment watch boy";"Música";"1997";"";"";"edm";"Emily Krause";"";"Livre";"4.52"
"Spotify";"Will hair item";"Música";"2009";"";"";"r&b";"Adam Giles";"";"12+";"2.01"
"Spotify";"Call once";"Música";"1987";"";"";"funk";"Matthew Simpson";"";"18+";"3.03"
"Spotify";"Notice range";"Música";"2010";"";"";"classical";"Jorge Lawrence";"";"Livre";"5.24"
"Spotify";"Another national";"Música";"2009";"";"";"indie";"Diana Acevedo";"";"16+";"4.87"
"Spotify";"Whom";"Música";"2023";"";"";"pop";"Ms. Angela Ray";"";"18+";"5.67"
"Spotify";"Else";"Música";"2000";"";"";"drill";"Maria Fisher";"";"Livre";"5.53"
"Spotify";"Mission Mrs effort";"Música";"2009";"";"";"r&b";"Holly Richardson";"";"18+";"4.79"
"Spotify";"Recent whole investment they";"Música";"2022";"";"";"country";"Dalton Richardson";"";"12+";"2.09"
"Spotify";"Avoid modern political";"Música";"1985";"";"";"r&b";"Megan Phillips";"";"16+";"3.74"
"Spotify";"Total add watch";"Música";"1985";"";"";"edm";"Brittney Ball";"";"16+";"4.34"
"Spotify";"Join none win";"Música";"2022";"";"";"country";"Margaret Little";"";"Livre";"3.39"
"Spotify";"Participant activity";"Música";"2005";"";"";"reggae";"Elizabeth Watson";"";"Livre";"5.57"
"Spotify";"Measure single";"Música";"1980";"";"";"r&b";"Allison Saunders";"";"16+";"2.98"
"Spotify";"Use guy";"Música";"1988";"";"";"r&b";"Travis Wilson";"";"16+";"2.7"
"Spotify";"Reality stage technology";"Música";"1995";"";"";"lo-fi";"Rebekah Fernandez";"";"12+";"2.94"
"Spotify";"Run four future";"Música";"2010";"";"";"trap";"Brittany Glenn";"";"16+";"5.53"
"Spotify";"Join control";"Música";"2011";"";"";"edm";"Jamie Brown";"";"Livre";"5.55"
"Spotify";"Capital attack";"Música";"2017";"";"";"edm";"Janet Leonard";"";"Livre";"4.06"
"Spotify";"Sound nice year";"Música";"2004";"";"";"classical";"Antonio Golden";"";"Livre";"4.68"
"Spotify";"Support bring knowledge";"Música";"2000";"";"";"country";"Brooke Rogers";"";"18+";"5.16"
"Spotify";"Rock size";"Música";"2009";"";"";"rock";"Yesenia Murphy";"";"Livre";"2.55"
"Spotify";"Generation subject";"Música";"2020";"";"";"trap";"Diana Davis";"";"18+";"3.42"
"Spotify";"Event modern";"Música";"2000";"";"";"lo-fi";"Brian Berger";"";"Livre";"5.61"
"Spotify";"Around someone their";"Música";"1982";"";"";"pop";"Nicholas Walker";"";"12+";"5.06"
"Spotify";"True";"Música";"2014";"";"";"rock";"Dr. Crystal Johnson";"";"Livre";"4.95"
"Spotify";"Big set";"Música";"1996";"";"";"lo-fi";"James Hicks";"";"18+";"3.51"
"Spotify";"Health support";"Música";"2008";"";"";"pop";"Jamie Shepherd";"";"16+";"3.38"
"Spotify";"Ago month";"Música";"1983";"";"";"r&b";"Richard Benson";"";"18+";"3.73"
"Spotify";"Effect direction woman";"Música";"2010";"";"";"house";"Marc Patel";"";"16+";"4.27"
"Spotify";"Month recent set";"Música";"1981";"";"";"pop";"Megan Li DVM";"";"16+";"2.39"
"Spotify";"Big tonight";"Música";"1982";"";"";"reggae";"Valerie Cruz";"";"Livre";"2.11"
"Spotify";"Innovative motivating alliance";"Podcast";"2018";"";"43.0";"Ciência";"Julie Nelson";"";"18+";"29.61"
"Spotify";"Vision-oriented client-server monitoring";"Podcast";"2024";"";"109.0";"Tecnologia";"Tara Davis";"";"18+";"47.37"
"Spotify";"Optimized asynchronous success";"Podcast";"2016";"";"155.0";"História";"David Thompson";"";"Livre";"73.42"
"Spotify";"Implemented 3rdgeneration architecture";"Podcast";"2024";"";"129.0";"História";"Laura Davis";"";"12+";"74.28"
"Spotify";"Vision-oriented leadingedge customer loyalty";"Podcast";"2017";"";"292.0";"Comédia";"Mark Hansen";"";"16+";"81.28"
"Spotify";"Configurable optimizing neural-net";"Podcast";"2017";"";"273.0";"Comédia";"Patrick Lee";"";"Livre";"61.9"
"Spotify";"Team-oriented incremental toolset";"Podcast";"2023";"";"207.0";"Comédia";"Cheryl Bradford";"";"Livre";"51.24"
"Spotify";"Reactive high-level framework";"Podcast";"2021";"";"204.0";"Negócios";"Danielle Cross";"";"Livre";"33.73"
"Spotify";"Progressive clear-thinking approach";"Podcast";"2017";"";"250.0";"Comédia";"Brittany Rogers";"";"Livre";"64.73"
"Spotify";"Up-sized asymmetric algorithm";"Podcast";"2023";"";"141.0";"Ciência";"Jacqueline Thompson";"";"16+";"85.59"
"Spotify";"Function-based dynamic Internet solution";"Podcast";"2022";"";"15.0";"Negócios";"Nathaniel Coleman";"";"16+";"69.36"
"Spotify";"Profit-focused fresh-thinking capability";"Podcast";"2017";"";"171.0";"História";"Christopher Rogers";"";"12+";"58.71"
"Spotify";"Networked zero tolerance service-desk";"Podcast";"2016";"";"29.0";"História";"Marvin Allen";"";"Livre";"38.02"
"Spotify";"Managed analyzing artificial intelligence";"Podcast";"2019";"";"165.0";"Tecnologia";"Nathaniel Bowman";"";"Livre";"63.87"
"Spotify";"Inverse multimedia policy";"Podcast";"2021";"";"173.0";"História";"Julie Cohen";"";"Livre";"71.85"
"Spotify";"Stand-alone heuristic standardization";"Podcast";"2023";"";"49.0";"Tecnologia";"Cheryl Andrews";"";"16+";"68.93"
"Spotify";"User-friendly motivating model";"Podcast";"2023";"";"283.0";"Negócios";"Patrick Walker";"";"16+";"34.45"
"Spotify";"Open-source context-sensitive access";"Podcast";"2018";"";"253.0";"Comédia";"Christine Harrington";"";"18+";"53.66"
"Spotify";"Stand-alone systematic productivity";"Podcast";"2015";"";"104.0";"Negócios";"Stefanie Jenkins";"";"12+";"87.41"
"Spotify";"Optional neutral infrastructure";"Podcast";"2022";"";"177.0";"Tecnologia";"Andrew Gonzalez";"";"16+";"50.84"
"Apple Music";"Politics wife line";"Música";"1990";"";"";"classical";"Carla Marsh";"";"12+";"2.13"
"Apple Music";"Move station";"Música";"1983";"";"";"jazz";"Robert Benitez";"";"12+";"3.68"
"Apple Music";"Five hit give";"Música";"1985";"";"";"edm";"Brandon Ross";"";"18+";"2.17"
"Apple Music";"Themselves space";"Música";"2016";"";"";"country";"Jill Brewer";"";"Livre";"5.17"
"Apple Music";"Property everything go";"Música";"2020";"";"";"reggae";"Faith Tate";"";"12+";"3.99"
"Apple Music";"Analysis Mr";"Música";"1996";"";"";"alternative";"Candice Tran";"";"12+";"5.95"
"Apple Music";"Professional record hair";"Música";"1991";"";"";"reggae";"Taylor Miranda";"";"16+";"2.34"
"Apple Music";"Relate trip bag job";"Música";"2004";"";"";"house";"Brandi Hernandez";"";"Livre";"4.12"
"Apple Music";"Agree around reach";"Música";"2005";"";"";"funk";"George Collins";"";"Livre";"3.85"
"Apple Music";"Left smile likely";"Música";"1981";"";"";"drill";"Gerald Andrews";"";"12+";"2.97"
"Apple Music";"Fire report";"Música";"1981";"";"";"indie";"Katherine Lyons";"";"16+";"2.63"
"Apple Music";"Civil performance";"Música";"1994";"";"";"rock";"Robert Donaldson";"";"16+";"3.44"
"Apple Music";"Late trouble thank million";"Música";"1995";"";"";"drill";"David Payne Jr.";"";"16+";"3.79"
"Apple Music";"Article peace";"Música";"2005";"";"";"country";"Sara Torres";"";"18+";"5.52"
"Apple Music";"Technology beyond out";"Música";"2015";"";"";"funk";"Mary Newton";"";"16+";"4.55"
"Apple Music";"Your";"Música";"2017";"";"";"country";"Mason Boyle";"";"12+";"2.98"
"Apple Music";"Ten parent organization";"Música";"1991";"";"";"reggae";"Stacey Sawyer";"";"16+";"3.23"
"Apple Music";"General start east wonder";"Música";"2012";"";"";"classical";"Bryan Hill";"";"Livre";"4.12"
"Apple Music";"Unit the";"Música";"1987";"";"";"classical";"Andrea Griffin";"";"12+";"2.32"
"Apple Music";"Culture manager cup";"Música";"1993";"";"";"rock";"Thomas Fox";"";"Livre";"2.75"
"Apple Music";"Could part";"Música";"2004";"";"";"lo-fi";"Mr. Duane Stein";"";"16+";"2.06"
"Apple Music";"Public yeah small";"Música";"1984";"";"";"trap";"Richard Rocha";"";"Livre";"5.38"
"Apple Music";"Because ten however";"Música";"2000";"";"";"hip hop";"Christopher Shah";"";"12+";"5.69"
"Apple Music";"Under thing onto";"Música";"2016";"";"";"edm";"Cheryl Lucas";"";"Livre";"2.77"
"Apple Music";"Hit food";"Música";"2022";"";"";"lo-fi";"Justin Griffin";"";"Livre";"3.99"
"Apple Music";"School what rule early";"Música";"2004";"";"";"r&b";"Meagan Adams";"";"16+";"4.4"
"Apple Music";"Voice either";"Música";"2004";"";"";"classical";"Nathaniel Sharp";"";"18+";"2.41"
"Apple Music";"Help record";"Música";"1995";"";"";"r&b";"Dakota Anderson";"";"Livre";"5.0"
"Apple Music";"As force";"Música";"1988";"";"";"drill";"Victoria Avila";"";"12+";"2.9"
"Apple Music";"Also appear television";"Música";"2011";"";"";"reggae";"Paula Warner";"";"12+";"2.73"
"Apple Music";"Can throw until";"Música";"2023";"";"";"r&b";"Christopher Myers";"";"16+";"5.33"
"Apple Music";"Minute feel";"Música";"2010";"";"";"house";"Selena Ortega";"";"16+";"5.73"
"Apple Music";"Camera author firm";"Música";"1998";"";"";"classical";"Jerome Boyd";"";"12+";"3.12"
"Apple Music";"Leader range per";"Música";"1993";"";"";"edm";"Timothy Harper";"";"18+";"4.29"
"Apple Music";"Tonight involve today how";"Música";"2015";"";"";"r&b";"Caleb Lee";"";"12+";"2.14"
"Apple Music";"Teacher put";"Música";"2006";"";"";"rock";"Peter Hardin";"";"18+";"2.19"
"Apple Music";"My simple";"Música";"1995";"";"";"trap";"Melissa Lowery";"";"Livre";"2.09"
"Apple Music";"Receive";"Música";"2022";"";"";"reggae";"Robert Tran";"";"18+";"2.96"
"Apple Music";"Father interest season government";"Música";"2002";"";"";"lo-fi";"Heather Washington";"";"Livre";"5.0"
"Apple Music";"Become more bit";"Música";"1990";"";"";"pop";"Randy Thomas";"";"12+";"2.92"
"Apple Music";"Possible fund network";"Música";"2007";"";"";"pop";"Amber King";"";"Livre";"2.05"
"Apple Music";"Once player";"Música";"1987";"";"";"drill";"Nicole Price";"";"Livre";"2.18"
"Apple Music";"Region important song";"Música";"2001";"";"";"funk";"Daniel Carpenter";"";"12+";"4.7"
"Apple Music";"Think";"Música";"2021";"";"";"country";"Charlene Stark";"";"16+";"5.49"
"Apple Music";"Appear activity";"Música";"2019";"";"";"drill";"Carrie Contreras";"";"18+";"5.14"
"Apple Music";"More magazine";"Música";"2004";"";"";"lo-fi";"Morgan Vasquez";"";"12+";"4.42"
"Apple Music";"With through";"Música";"2003";"";"";"lo-fi";"John Torres";"";"16+";"5.8"
"Apple Music";"Shake exist";"Música";"1999";"";"";"funk";"Rodney Woodward";"";"12+";"3.86"
"Apple Music";"Thank both";"Música";"2005";"";"";"funk";"Zachary Thomas";"";"16+";"4.15"
"Apple Music";"Speak clear";"Música";"1986";"";"";"edm";"Evelyn Wood";"";"16+";"3.59"
"Apple Music";"Model tough method reality";"Música";"1999";"";"";"country";"Heather Flores";"";"16+";"4.37"
"Apple Music";"Public land";"Música";"1981";"";"";"trap";"Robin Decker";"";"Livre";"2.45"
"Apple Music";"Old near keep";"Música";"1986";"";"";"classical";"Jason Hardy";"";"18+";"3.3"
"Apple Music";"Ever believe";"Música";"1997";"";"";"hip hop";"Andrea Rivera";"";"18+";"2.23"
"Apple Music";"We start which";"Música";"1985";"";"";"house";"Jamie Lindsey";"";"Livre";"3.57"
"Apple Music";"As usually court";"Música";"2023";"";"";"indie";"Ryan Cooke";"";"12+";"2.71"
"Apple Music";"Inside discussion response";"Música";"1990";"";"";"reggae";"Joshua Ortiz";"";"16+";"2.24"
"Apple Music";"Finally big";"Música";"1987";"";"";"rock";"Nicole Joseph";"";"16+";"4.2"
"Apple Music";"Call hold effect";"Música";"1989";"";"";"pop";"Lauren Hawkins";"";"12+";"3.69"
"Apple Music";"Common lawyer";"Música";"2007";"";"";"reggae";"Alex Good";"";"18+";"4.41"
"Apple Music";"Decide dog";"Música";"1987";"";"";"funk";"Melissa Houston";"";"Livre";"5.95"
"Apple Music";"Leave keep hope";"Música";"2005";"";"";"classical";"Walter Andrews";"";"Livre";"5.77"
"Apple Music";"Generation consumer more";"Música";"1997";"";"";"house";"Christine Leach";"";"12+";"3.61"
"Apple Music";"Service newspaper prove";"Música";"1993";"";"";"house";"Ms. Sarah Smith";"";"16+";"4.41"
"Apple Music";"Seem best";"Música";"2019";"";"";"hip hop";"Linda Hendricks";"";"Livre";"5.7"
"Apple Music";"Authority foot radio";"Música";"1997";"";"";"edm";"Michael Gibson";"";"Livre";"4.07"
"Apple Music";"Heart research evidence";"Música";"1999";"";"";"rock";"Cheyenne Thomas";"";"16+";"4.69"
"Apple Music";"Boy sister";"Música";"2017";"";"";"hip hop";"Ann Murray";"";"18+";"5.98"
"Apple Music";"Couple blue";"Música";"2012";"";"";"lo-fi";"Bill Burke";"";"18+";"3.86"
"Apple Music";"Wide out voice";"Música";"1983";"";"";"drill";"James Jones";"";"16+";"4.39"
"Apple Music";"Long born";"Música";"2010";"";"";"alternative";"Lisa Parker";"";"Livre";"5.57"
"Apple Music";"Add listen";"Música";"2023";"";"";"drill";"Alyssa Hicks";"";"18+";"5.82"
"Apple Music";"Phone";"Música";"1991";"";"";"drill";"Maurice Hester";"";"Livre";"3.64"
"Apple Music";"Because system more";"Música";"2000";"";"";"drill";"Justin Mckinney";"";"16+";"3.14"
"Apple Music";"History claim amount";"Música";"2010";"";"";"classical";"Tom Payne";"";"12+";"2.76"
"Apple Music";"Charge far drive";"Música";"1986";"";"";"pop";"Kimberly Anderson";"";"12+";"2.4"
"Apple Music";"Single yeah result boy";"Música";"2021";"";"";"house";"Mindy Chavez";"";"16+";"2.71"
"Apple Music";"Trade";"Música";"2008";"";"";"lo-fi";"Christina Bradley";"";"16+";"2.11"
"Apple Music";"Person";"Música";"2010";"";"";"house";"Cynthia Russo";"";"Livre";"2.64"
"Apple Music";"Word remain";"Música";"2008";"";"";"trap";"Mrs. Jessica Wilson";"";"18+";"4.09"
"Apple Music";"Note security low school";"Música";"2012";"";"";"indie";"Jennifer Hill";"";"12+";"4.02"
"Apple Music";"Next box finally";"Música";"2021";"";"";"jazz";"Olivia Smith";"";"18+";"2.11"
"Apple Music";"Focus call almost";"Música";"2009";"";"";"drill";"Mark Franco";"";"12+";"2.14"
"Apple Music";"Already return";"Música";"1988";"";"";"indie";"Crystal Lang";"";"Livre";"5.72"
"Apple Music";"Off partner chair";"Música";"2019";"";"";"alternative";"Cheryl Richardson";"";"12+";"3.63"
"Apple Music";"Sister them";"Música";"1998";"";"";"hip hop";"Daniel Rubio";"";"18+";"4.28"
"Apple Music";"Article across send sing";"Música";"2000";"";"";"pop";"John Ramirez";"";"Livre";"3.23"
"Apple Music";"Factor begin";"Música";"2006";"";"";"hip hop";"Bradley Ray";"";"18+";"2.08"
"Apple Music";"Book man";"Música";"2012";"";"";"alternative";"Joshua Rice";"";"18+";"3.96"
"Apple Music";"Interesting defense network";"Música";"2006";"";"";"jazz";"Jennifer Ramos";"";"12+";"5.66"
"Apple Music";"Population right never";"Música";"1984";"";"";"funk";"Monica Arroyo";"";"18+";"2.47"
"Apple Music";"Information next";"Música";"1993";"";"";"pop";"Felicia Hall";"";"18+";"2.92"
"Apple Music";"Range become speech";"Música";"2018";"";"";"jazz";"Melanie Stout";"";"18+";"5.3"
"Apple Music";"Major room";"Música";"2022";"";"";"reggae";"Michael Fields";"";"16+";"2.59"
"Apple Music";"Record goal his hour";"Música";"1992";"";"";"edm";"Nicole Lewis";"";"12+";"5.38"
"Apple Music";"Mouth out stuff";"Música";"1994";"";"";"lo-fi";"Susan Carey";"";"16+";"2.82"
"Apple Music";"Effect chair";"Música";"2019";"";"";"reggae";"Cameron Chapman DDS";"";"18+";"3.43"
"Apple Music";"Director side half";"Música";"2016";"";"";"funk";"Michael Jordan";"";"12+";"4.6"
"Apple Music";"Level whose admit";"Música";"1985";"";"";"drill";"Mary Herrera";"";"16+";"3.42"
"Apple Music";"Soldier success";"Música";"2002";"";"";"classical";"Justin Rodriguez";"";"Livre";"2.49"
"Tidal";"Responsibility author federal";"Música";"1982";"";"";"jazz";"Pedro Mcgee";"";"18+";"4.29"
"Tidal";"Art political";"Música";"2014";"";"";"funk";"Chase Stewart";"";"18+";"2.47"
"Tidal";"Indicate fly";"Música";"1993";"";"";"country";"Justin Freeman";"";"18+";"4.25"
"Tidal";"Sign decision";"Música";"2006";"";"";"jazz";"Virginia Abbott";"";"12+";"5.61"
"Tidal";"Letter shoulder";"Música";"1989";"";"";"pop";"Carla Proctor";"";"12+";"4.79"
"Tidal";"Test red";"Música";"1999";"";"";"r&b";"Kevin Chung";"";"Livre";"2.98"
"Tidal";"Seven chair risk";"Música";"1994";"";"";"reggae";"John Salazar";"";"12+";"4.49"
"Tidal";"Entire";"Música";"1993";"";"";"house";"Michael Sellers";"";"12+";"5.45"
"Tidal";"Now end determine";"Música";"1982";"";"";"jazz";"Jennifer Hale";"";"18+";"2.99"
"Tidal";"Power door age";"Música";"2020";"";"";"house";"Mark Hoffman";"";"Livre";"3.79"
"Tidal";"Police power answer become";"Música";"2011";"";"";"edm";"Laura Salazar";"";"18+";"2.35"
"Tidal";"Indicate dream never";"Música";"2016";"";"";"drill";"Anna Reyes";"";"18+";"3.73"
"Tidal";"Model letter";"Música";"2013";"";"";"pop";"Brian Gross";"";"Livre";"4.38"
"Tidal";"Attorney religious";"Música";"2000";"";"";"alternative";"John Henderson";"";"Livre";"4.54"
"Tidal";"Think hand bill";"Música";"1991";"";"";"edm";"Alexander Dennis";"";"18+";"3.38"
"Tidal";"Learn time might";"Música";"1996";"";"";"funk";"Thomas Ortiz";"";"16+";"3.45"
"Tidal";"Probably various";"Música";"1987";"";"";"indie";"Justin Weber";"";"16+";"2.26"
"Tidal";"Me appear both";"Música";"1980";"";"";"alternative";"William Brooks";"";"12+";"2.53"
"Tidal";"Order environment return";"Música";"1995";"";"";"house";"Sarah Le";"";"12+";"4.96"
"Tidal";"Window close information";"Música";"2021";"";"";"classical";"Todd Smith";"";"Livre";"2.32"
"Tidal";"After none stock";"Música";"2004";"";"";"jazz";"Lisa Gilbert";"";"Livre";"4.62"
"Tidal";"Ahead morning address baby";"Música";"2003";"";"";"classical";"Laurie Castro";"";"12+";"3.88"
"Tidal";"Benefit prove expert ability";"Música";"2000";"";"";"alternative";"Bethany Marshall";"";"Livre";"4.21"
"Tidal";"Identify else";"Música";"2010";"";"";"pop";"Michael Johnson";"";"12+";"3.52"
"Tidal";"Suddenly thought notice";"Música";"1995";"";"";"pop";"Jonathan French";"";"12+";"2.89"
"Tidal";"Section";"Música";"2022";"";"";"edm";"Kevin Orozco";"";"16+";"2.17"
"Tidal";"Almost significant factor";"Música";"1990";"";"";"hip hop";"Brett Johnson";"";"18+";"3.86"
"Tidal";"Soldier especially lose move";"Música";"2014";"";"";"edm";"Eric Patterson";"";"18+";"2.21"
"Tidal";"Song find support";"Música";"1998";"";"";"country";"Aaron Roberts";"";"12+";"2.8"
"Tidal";"Part hair";"Música";"2015";"";"";"edm";"Oscar Taylor";"";"18+";"5.43"
"Tidal";"Next break";"Música";"2019";"";"";"country";"Kevin Fox";"";"12+";"5.27"
"Tidal";"Apply only himself student";"Música";"2007";"";"";"rock";"Allison Martinez";"";"18+";"4.65"
"Tidal";"Candidate behind";"Música";"2018";"";"";"jazz";"Erika Ponce";"";"12+";"5.98"
"Tidal";"View next";"Música";"2007";"";"";"lo-fi";"Christine Dunn";"";"12+";"4.36"
"Tidal";"Black";"Música";"1992";"";"";"pop";"Rhonda Silva";"";"12+";"2.59"
"Tidal";"Bad";"Música";"2020";"";"";"alternative";"Joshua Davis";"";"16+";"5.47"
"Tidal";"Specific notice";"Música";"1988";"";"";"rock";"Jacob David";"";"18+";"5.81"
"Tidal";"Force close authority";"Música";"1991";"";"";"indie";"Darren Donovan";"";"18+";"2.55"
"Tidal";"Audience after";"Música";"1994";"";"";"hip hop";"Xavier Brown";"";"18+";"2.05"
"Tidal";"Film article environmental";"Música";"1984";"";"";"funk";"Kevin Smith";"";"Livre";"4.61"
"Tidal";"Economic memory song";"Música";"1995";"";"";"pop";"Gary Johnson";"";"18+";"2.25"
"Tidal";"Himself remember";"Música";"2021";"";"";"classical";"Robert Hubbard";"";"12+";"4.73"
"Tidal";"Artist bar list";"Música";"2020";"";"";"rock";"Sarah Suarez";"";"Livre";"3.34"
"Tidal";"Piece story others";"Música";"2012";"";"";"trap";"Sarah Harris";"";"18+";"4.15"
"Tidal";"Water allow very";"Música";"2010";"";"";"hip hop";"Gregory Johnson";"";"12+";"5.3"
"Tidal";"Remain toward success";"Música";"2012";"";"";"country";"Heather Marshall";"";"12+";"4.42"
"Tidal";"Wear successful";"Música";"2020";"";"";"r&b";"Alexander Vincent";"";"16+";"2.72"
"Tidal";"Bring cell";"Música";"2008";"";"";"r&b";"Angela Chan";"";"Livre";"2.63"
"Tidal";"Reflect surface";"Música";"2004";"";"";"country";"Terry Hall";"";"16+";"4.09"
"Tidal";"Mention remember";"Música";"2014";"";"";"trap";"Christine Wallace";"";"Livre";"5.0"
"Tidal";"Positive set reflect";"Música";"1992";"";"";"indie";"Wendy Johnston";"";"18+";"5.62"
"Tidal";"Dream both movie";"Música";"2006";"";"";"pop";"Alan Cook";"";"Livre";"5.42"
"Tidal";"Concern something though";"Música";"2003";"";"";"reggae";"Steven Miller";"";"Livre";"3.89"
"Tidal";"Against light positive";"Música";"2012";"";"";"house";"Brenda Brown";"";"12+";"4.22"
"Tidal";"After size ok";"Música";"2010";"";"";"rock";"Michael Carr";"";"Livre";"4.31"
"Tidal";"Soon group";"Música";"2002";"";"";"lo-fi";"Sarah Taylor";"";"12+";"3.52"
"Tidal";"Think";"Música";"2013";"";"";"house";"Ebony Bird";"";"Livre";"2.89"
"Tidal";"My charge source";"Música";"1980";"";"";"house";"David Graham";"";"18+";"5.56"
"Tidal";"Energy could";"Música";"1989";"";"";"rock";"James Perez";"";"12+";"2.62"
"Tidal";"Exist will";"Música";"2019";"";"";"trap";"Brittney Hampton";"";"Livre";"3.07"
"Tidal";"Project in";"Música";"1982";"";"";"hip hop";"Dustin Hogan";"";"12+";"3.3"
"Tidal";"Free man";"Música";"2015";"";"";"pop";"Sylvia Stone";"";"16+";"4.98"
"Tidal";"Chance feel";"Música";"2021";"";"";"funk";"Robert Bell";"";"16+";"3.69"
"Tidal";"Determine campaign";"Música";"2000";"";"";"r&b";"Joel Ramos MD";"";"16+";"4.76"
"Tidal";"Increase training several";"Música";"1997";"";"";"alternative";"Brianna Brown";"";"18+";"5.06"
"Tidal";"Outside risk";"Música";"2009";"";"";"classical";"Michael Garcia";"";"12+";"2.11"
"Tidal";"Computer current young discover";"Música";"2001";"";"";"jazz";"Joshua Duran";"";"18+";"3.2"
"Tidal";"Practice our";"Música";"1995";"";"";"edm";"Martin Young";"";"16+";"3.68"
"Tidal";"Ball walk cost";"Música";"1985";"";"";"house";"Teresa Garza";"";"12+";"2.84"
"Tidal";"Second true forward";"Música";"1982";"";"";"trap";"Jessica Weaver";"";"16+";"3.82"
"Tidal";"Issue present";"Música";"2017";"";"";"classical";"Stacey Mahoney";"";"18+";"4.39"
"Tidal";"Whether should describe race";"Música";"2016";"";"";"house";"Ryan Davidson";"";"12+";"5.25"
"Tidal";"Point wear Mr";"Música";"2005";"";"";"rock";"Carlos Nguyen";"";"Livre";"3.79"
"Tidal";"Skin smile";"Música";"1991";"";"";"reggae";"Lisa Price";"";"12+";"5.38"
"Tidal";"Necessary hard standard";"Música";"2009";"";"";"country";"Ronald Hamilton";"";"12+";"2.05"
"Tidal";"Could";"Música";"2018";"";"";"edm";"Leslie Hardin";"";"16+";"5.03"
"Tidal";"Threat least left";"Música";"2002";"";"";"house";"Tara Holmes";"";"16+";"5.23"
"Tidal";"Middle network";"Música";"1980";"";"";"classical";"Scott Foster";"";"18+";"5.34"
"Tidal";"Style";"Música";"2000";"";"";"indie";"Samantha Guerrero";"";"Livre";"5.23"
"Tidal";"Ahead rate";"Música";"2017";"";"";"classical";"David Bryan";"";"Livre";"4.41"
"Tidal";"Choice mind force";"Música";"1992";"";"";"rock";"Andrew Jenkins";"";"Livre";"2.56"
"Tidal";"Good successful";"Música";"1981";"";"";"house";"Elizabeth Martinez";"";"18+";"5.73"
"Tidal";"Account almost";"Música";"2007";"";"";"funk";"Dr. Scott Norris";"";"Livre";"2.66"
"Tidal";"Artist well owner gun";"Música";"2019";"";"";"r&b";"Megan Howe";"";"16+";"4.66"
"Tidal";"Enter election light style";"Música";"1998";"";"";"country";"Alan White";"";"12+";"3.53"
"Tidal";"Produce";"Música";"2002";"";"";"classical";"Kristen Bradford";"";"16+";"2.19"
"Tidal";"Rather save";"Música";"2008";"";"";"pop";"Antonio Black";"";"Livre";"4.65"
"Tidal";"Seek";"Música";"2002";"";"";"rock";"Joshua Caldwell";"";"12+";"4.05"
"Tidal";"Source second sit";"Música";"2002";"";"";"rock";"Gregory Lee";"";"Livre";"2.87"
"Tidal";"Common finish share";"Música";"2022";"";"";"house";"Joseph Marks";"";"Livre";"4.8"
"Tidal";"Audience program long";"Música";"1984";"";"";"rock";"Todd Campos";"";"18+";"3.48"
"Tidal";"Front";"Música";"2008";"";"";"rock";"Theresa Frazier";"";"12+";"5.2"
"Tidal";"Against control almost";"Música";"2006";"";"";"edm";"Shannon Carter";"";"16+";"4.41"
"Tidal";"Seven";"Música";"2012";"";"";"indie";"Jeffrey Trevino";"";"18+";"5.05"
"Tidal";"Notice appear include";"Música";"1984";"";"";"trap";"Billy Lopez";"";"Livre";"3.15"
"Tidal";"Share word form";"Música";"1988";"";"";"house";"John Adams";"";"18+";"3.16"
"Tidal";"Report let line score";"Música";"2002";"";"";"rock";"Matthew Black";"";"Livre";"2.32"
"Tidal";"Decision participant reality";"Música";"2000";"";"";"house";"Ms. Amy Ferguson DDS";"";"Livre";"5.45"
"Tidal";"Popular return try";"Música";"1989";"";"";"trap";"Morgan Byrd";"";"Livre";"2.88"
"Tidal";"Talk bed";"Música";"2007";"";"";"trap";"Joseph Ford";"";"16+";"2.97"
"Deezer";"Toward fly";"Música";"2013";"";"";"lo-fi";"Melinda Johnson MD";"";"18+";"5.06"
"Deezer";"Can song indicate";"Música";"1999";"";"";"indie";"Noah Sexton";"";"16+";"5.8"
"Deezer";"Physical act save";"Música";"2002";"";"";"r&b";"Latasha Delgado";"";"16+";"4.09"
"Deezer";"These night";"Música";"2013";"";"";"pop";"Kyle Morales";"";"12+";"2.62"
"Deezer";"Front deep security";"Música";"1997";"";"";"trap";"Jessica Baker";"";"12+";"4.55"
"Deezer";"Year stuff";"Música";"2016";"";"";"reggae";"Amy Cochran";"";"16+";"2.6"
"Deezer";"Large";"Música";"1990";"";"";"funk";"Michael Campbell";"";"18+";"3.57"
"Deezer";"Establish necessary choice";"Música";"1990";"";"";"jazz";"Tiffany White";"";"12+";"4.09"
"Deezer";"Energy be";"Música";"2016";"";"";"lo-fi";"William Cooper";"";"18+";"5.71"
"Deezer";"Hope";"Música";"2014";"";"";"classical";"Kara Wilkinson";"";"12+";"2.36"
"Deezer";"Red direction visit";"Música";"2018";"";"";"edm";"Nicholas West";"";"Livre";"4.1"
"Deezer";"Without term";"Música";"1983";"";"";"alternative";"Denise Crawford";"";"12+";"2.24"
"Deezer";"Southern admit present";"Música";"2000";"";"";"country";"Patrick Gonzales";"";"12+";"3.9"
"Deezer";"College people attorney";"Música";"2014";"";"";"funk";"Martin Gordon";"";"18+";"5.85"
"Deezer";"Strong now";"Música";"1997";"";"";"jazz";"Justin Castillo";"";"Livre";"5.88"
"Deezer";"Course soldier including";"Música";"2017";"";"";"rock";"Theresa Arias";"";"12+";"4.35"
"Deezer";"Rich";"Música";"1999";"";"";"trap";"Regina Goodman";"";"12+";"5.94"
"Deezer";"Concern ball";"Música";"1997";"";"";"funk";"Mark Campos";"";"16+";"2.57"
"Deezer";"Writer some who deep";"Música";"1982";"";"";"indie";"Erika Anderson";"";"Livre";"2.68"
"Deezer";"Information society";"Música";"1984";"";"";"pop";"Mr. William Barry";"";"16+";"3.78"
"Deezer";"Star";"Música";"1982";"";"";"trap";"Chelsea Cook";"";"16+";"2.4"
"Deezer";"Them unit special";"Música";"2018";"";"";"country";"Eugene Simpson";"";"18+";"3.4"
"Deezer";"Condition listen";"Música";"1983";"";"";"reggae";"Brittany Harris";"";"12+";"2.17"
"Deezer";"Language";"Música";"2010";"";"";"jazz";"Christopher Jackson DDS";"";"16+";"3.95"
"Deezer";"Drop kind full";"Música";"2005";"";"";"pop";"Brandon Roberts";"";"12+";"3.72"
"Deezer";"Main";"Música";"2019";"";"";"house";"Daniel Taylor";"";"Livre";"5.36"
"Deezer";"Test";"Música";"2012";"";"";"funk";"Elizabeth Lawson";"";"18+";"4.8"
"Deezer";"Sport at";"Música";"1982";"";"";"trap";"Nicole Hodges";"";"12+";"3.36"
"Deezer";"Each summer send";"Música";"2014";"";"";"house";"Kenneth Castaneda";"";"18+";"5.99"
"Deezer";"Case population bit";"Música";"2008";"";"";"house";"Steven Peterson";"";"12+";"4.34"
"Deezer";"Or mention";"Música";"1999";"";"";"funk";"Beverly Oconnor";"";"18+";"4.83"
"Deezer";"Alone receive across";"Música";"1998";"";"";"lo-fi";"Ann Klein";"";"18+";"2.22"
"Deezer";"Color interview listen";"Música";"2017";"";"";"drill";"Brittany Kennedy";"";"12+";"5.32"
"Deezer";"Truth design sense";"Música";"2013";"";"";"trap";"Michelle Steele";"";"16+";"3.91"
"Deezer";"Country matter be";"Música";"1983";"";"";"lo-fi";"Jack Jones";"";"Livre";"3.49"
"Deezer";"Event level almost";"Música";"1995";"";"";"house";"Kenneth Ray";"";"Livre";"3.73"
"Deezer";"Seven measure";"Música";"1980";"";"";"hip hop";"Dylan Lewis";"";"18+";"2.19"
"Deezer";"Now season";"Música";"1994";"";"";"drill";"Helen May";"";"Livre";"5.95"
"Deezer";"Around believe current him";"Música";"2019";"";"";"reggae";"Amy Medina";"";"12+";"5.71"
"Deezer";"From time detail";"Música";"2017";"";"";"jazz";"Marvin Stevens";"";"Livre";"5.74"
"Deezer";"Attorney religious onto";"Música";"2007";"";"";"edm";"Carlos Ortega";"";"Livre";"2.17"
"Deezer";"Especially occur already";"Música";"2013";"";"";"alternative";"Brittany Choi";"";"Livre";"2.41"
"Deezer";"Federal western";"Música";"1990";"";"";"reggae";"Theresa Jones";"";"12+";"4.35"
"Deezer";"Require soon item";"Música";"1993";"";"";"jazz";"Wendy Jackson";"";"18+";"3.95"
"Deezer";"Guy";"Música";"2007";"";"";"drill";"Scott Myers";"";"Livre";"4.47"
"Deezer";"This hit";"Música";"1992";"";"";"funk";"Mark Walker";"";"16+";"3.65"
"Deezer";"Opportunity heavy";"Música";"2009";"";"";"reggae";"Zachary Gill";"";"18+";"5.87"
"Deezer";"Billion professor";"Música";"2017";"";"";"country";"Stephanie Ward";"";"16+";"4.71"
"Deezer";"Republican improve friend";"Música";"1994";"";"";"country";"Lisa Reyes";"";"Livre";"2.77"
"Deezer";"Actually state thousand full";"Música";"2013";"";"";"drill";"Shawn Roth";"";"16+";"2.85"
"Deezer";"Baby investment to";"Música";"2020";"";"";"classical";"Chad Roberts";"";"16+";"5.85"
"Deezer";"Sport rate conference";"Música";"2013";"";"";"funk";"Katherine Blackwell";"";"Livre";"4.28"
"Deezer";"Three shoulder table scientist";"Música";"1991";"";"";"r&b";"Ryan Carlson";"";"18+";"5.48"
"Deezer";"Administration less without";"Música";"2021";"";"";"pop";"David Blackwell";"";"Livre";"2.45"
"Deezer";"Degree good every";"Música";"2012";"";"";"edm";"Robert Lane";"";"18+";"3.03"
"Deezer";"Soldier maybe";"Música";"2006";"";"";"rock";"Matthew Mullins";"";"18+";"4.84"
"Deezer";"Special once computer somebody";"Música";"2020";"";"";"drill";"Carla Torres";"";"12+";"4.53"
"Deezer";"Other the";"Música";"1998";"";"";"classical";"Laura Bennett";"";"12+";"4.63"
"Deezer";"Article security practice";"Música";"2006";"";"";"trap";"Henry Cooper";"";"18+";"4.5"
"Deezer";"Measure either fall";"Música";"2018";"";"";"edm";"Stephanie Bernard";"";"Livre";"2.74"
"Deezer";"National";"Música";"1980";"";"";"trap";"Wesley Perez";"";"18+";"2.56"
"Deezer";"Bit everyone floor finally";"Música";"2009";"";"";"alternative";"Timothy Olson";"";"16+";"3.29"
"Deezer";"Suffer";"Música";"2012";"";"";"pop";"Marilyn White";"";"Livre";"4.06"
"Deezer";"Tree anyone force";"Música";"1980";"";"";"edm";"Alejandro Schroeder";"";"16+";"4.03"
"Deezer";"Say less";"Música";"2008";"";"";"house";"Ronald Diaz";"";"Livre";"2.82"
"Deezer";"Culture top";"Música";"2018";"";"";"drill";"Andrea Ruiz";"";"Livre";"5.32"
"Deezer";"Officer create bed";"Música";"2022";"";"";"house";"Joseph Dorsey";"";"18+";"4.56"
"Deezer";"Establish assume lose";"Música";"2009";"";"";"house";"Maria Brown";"";"18+";"3.97"
"Deezer";"Baby";"Música";"2017";"";"";"reggae";"Julia Wolf";"";"12+";"5.6"
"Deezer";"Suffer throughout church";"Música";"1996";"";"";"drill";"Mrs. Lindsay Spears";"";"18+";"4.91"
"Deezer";"Painting understand";"Música";"2021";"";"";"funk";"Belinda Martinez";"";"18+";"3.3"
"Deezer";"Number young";"Música";"1993";"";"";"jazz";"Victor Yang";"";"Livre";"3.22"
"Deezer";"Ahead responsibility computer";"Música";"1999";"";"";"funk";"Sara Roberson";"";"18+";"2.4"
"Deezer";"President";"Música";"1988";"";"";"r&b";"Clifford Alexander";"";"Livre";"2.17"
"Deezer";"Over pull case";"Música";"1994";"";"";"indie";"Crystal Cantu";"";"18+";"5.96"
"Deezer";"Deep morning";"Música";"2019";"";"";"hip hop";"Tyler Zhang";"";"18+";"2.16"
"Deezer";"Shoulder coach";"Música";"1980";"";"";"classical";"Deborah Fisher";"";"18+";"5.95"
"Deezer";"Feel without specific";"Música";"2005";"";"";"r&b";"Rebecca Tate";"";"12+";"2.79"
"Deezer";"Heavy foreign";"Música";"2012";"";"";"rock";"Daniel Martin";"";"18+";"4.24"
"Deezer";"Study program";"Música";"2015";"";"";"house";"John Jones";"";"12+";"4.52"
"Deezer";"Performance";"Música";"2008";"";"";"reggae";"Laura Perez";"";"Livre";"4.57"
"Deezer";"Seven look sit";"Música";"2005";"";"";"drill";"Stephanie Flores";"";"12+";"4.17"
"Deezer";"Late report population";"Música";"2010";"";"";"edm";"Joseph Mckenzie";"";"Livre";"2.21"
"Deezer";"Job maybe course";"Música";"1989";"";"";"rock";"Angela Martinez";"";"Livre";"2.54"
"Deezer";"Thousand agreement above";"Música";"1985";"";"";"pop";"Bryan Walter";"";"18+";"5.26"
"Deezer";"Task its court";"Música";"1984";"";"";"indie";"Alex Mueller";"";"16+";"2.06"
"Deezer";"Anything quality your";"Música";"2014";"";"";"funk";"Joy Byrd";"";"16+";"5.76"
"Deezer";"Remain discussion";"Música";"2023";"";"";"r&b";"Derek Chavez";"";"Livre";"2.17"
"Deezer";"Strong";"Música";"1985";"";"";"alternative";"Tracy Jones";"";"Livre";"3.61"
"Deezer";"Note simple myself";"Música";"2022";"";"";"r&b";"Christopher Gonzalez";"";"16+";"4.82"
"Deezer";"Southern bad";"Música";"2017";"";"";"house";"Kimberly Lopez";"";"16+";"2.78"
"Deezer";"Responsibility learn";"Música";"1987";"";"";"edm";"Andrea Coleman";"";"16+";"3.39"
"Deezer";"Another child carry blue";"Música";"2001";"";"";"indie";"Andrew Martin";"";"16+";"3.91"
"Deezer";"Son reach including";"Música";"1986";"";"";"classical";"Morgan Bell";"";"Livre";"2.17"
"Deezer";"Line news";"Música";"2014";"";"";"reggae";"Adam Gregory";"";"12+";"3.51"
"Deezer";"Population senior cover hotel";"Música";"1991";"";"";"jazz";"Gary Huang";"";"Livre";"2.0"
"Deezer";"Program somebody";"Música";"2015";"";"";"trap";"Timothy Adams";"";"16+";"2.65"
"Deezer";"Or theory skill";"Música";"1997";"";"";"pop";"Sarah Hill";"";"18+";"2.6"
"Deezer";"Team manage fine";"Música";"1987";"";"";"house";"Jessica Sutton";"";"16+";"2.55"
"Deezer";"Deal then student";"Música";"1988";"";"";"lo-fi";"Janet Jones";"";"18+";"3.98"
"SoundCloud";"Must suggest";"Música";"2023";"";"";"rock";"Michael Marquez";"";"Livre";"3.35"
"SoundCloud";"Minute one";"Música";"1985";"";"";"alternative";"Timothy Miller DVM";"";"18+";"3.91"
"SoundCloud";"Dinner movement wear";"Música";"1990";"";"";"funk";"Corey Haley";"";"16+";"4.09"
"SoundCloud";"Spring keep loss who";"Música";"1990";"";"";"funk";"Stacy Mckee";"";"Livre";"3.96"
"SoundCloud";"List growth";"Música";"1998";"";"";"lo-fi";"Jessica Jackson";"";"18+";"4.66"
"SoundCloud";"Provide thought grow";"Música";"2001";"";"";"trap";"Natasha Lee";"";"Livre";"2.31"
"SoundCloud";"To TV";"Música";"2018";"";"";"classical";"Bradley Sullivan";"";"16+";"3.2"
"SoundCloud";"Fill heart son";"Música";"2006";"";"";"classical";"Heidi Wilson";"";"12+";"3.87"
"SoundCloud";"High seven beautiful";"Música";"2002";"";"";"funk";"Gloria Burke";"";"12+";"5.72"
"SoundCloud";"Indeed glass organization";"Música";"1995";"";"";"trap";"Hannah Hess";"";"16+";"4.32"
"SoundCloud";"Doctor friend agreement couple";"Música";"1982";"";"";"classical";"Henry Kaufman";"";"16+";"4.84"
"SoundCloud";"Speak before";"Música";"2004";"";"";"hip hop";"Ashley Robinson";"";"18+";"2.58"
"SoundCloud";"Increase";"Música";"1991";"";"";"lo-fi";"Gregory Pena";"";"16+";"5.02"
"SoundCloud";"Face";"Música";"2014";"";"";"pop";"Matthew Lindsey";"";"Livre";"2.04"
"SoundCloud";"Environmental herself range";"Música";"2009";"";"";"lo-fi";"Heidi Sanchez";"";"12+";"2.12"
"SoundCloud";"By rest";"Música";"2021";"";"";"lo-fi";"Andrea Woods";"";"12+";"2.15"
"SoundCloud";"Time management top";"Música";"1994";"";"";"trap";"Kelli Marsh";"";"18+";"5.66"
"SoundCloud";"Land to effect";"Música";"1989";"";"";"edm";"Mark Brooks";"";"18+";"3.56"
"SoundCloud";"Image";"Música";"1996";"";"";"alternative";"Kevin Jacobs";"";"12+";"3.21"
"SoundCloud";"Political land";"Música";"2023";"";"";"trap";"Angela Stone";"";"16+";"3.91"
"SoundCloud";"Feeling white process";"Música";"2006";"";"";"jazz";"Edward Rodriguez";"";"16+";"5.18"
"SoundCloud";"Rule let despite";"Música";"2003";"";"";"drill";"Ronald Watkins MD";"";"16+";"4.76"
"SoundCloud";"Mean young";"Música";"2010";"";"";"rock";"Tyler Obrien";"";"12+";"3.73"
"SoundCloud";"Send actually";"Música";"2018";"";"";"drill";"Andre Chen";"";"16+";"3.9"
"SoundCloud";"Store red";"Música";"2002";"";"";"rock";"Tony Snyder";"";"18+";"2.94"
"SoundCloud";"Require choice there right";"Música";"1987";"";"";"reggae";"Michael Roman";"";"Livre";"5.74"
"SoundCloud";"Race represent";"Música";"1999";"";"";"classical";"Donald Dean";"";"16+";"2.3"
"SoundCloud";"Challenge at";"Música";"1996";"";"";"edm";"Dylan Merritt";"";"16+";"4.98"
"SoundCloud";"Center because focus";"Música";"2001";"";"";"lo-fi";"Kimberly Jones";"";"18+";"4.88"
"SoundCloud";"Speech life we";"Música";"1996";"";"";"house";"Tammie Young";"";"18+";"3.3"
"SoundCloud";"Food behind";"Música";"2001";"";"";"funk";"Michael Blackwell";"";"16+";"5.62"
"SoundCloud";"Since material many";"Música";"2024";"";"";"edm";"Michael Vargas";"";"16+";"2.72"
"SoundCloud";"Seat task later";"Música";"1987";"";"";"classical";"Daniel Wagner";"";"16+";"3.87"
"SoundCloud";"Eight star green";"Música";"2008";"";"";"edm";"Kaitlyn Gregory";"";"16+";"3.85"
"SoundCloud";"Happen nothing act";"Música";"2006";"";"";"country";"Mr. Juan Hawkins";"";"16+";"3.46"
"SoundCloud";"Herself analysis artist product";"Música";"1985";"";"";"reggae";"David Rivera";"";"12+";"5.1"
"SoundCloud";"Particular economic";"Música";"1980";"";"";"classical";"Linda Huynh";"";"Livre";"5.62"
"SoundCloud";"Record decide";"Música";"1999";"";"";"pop";"Beverly Compton";"";"18+";"3.77"
"SoundCloud";"World management";"Música";"1990";"";"";"funk";"Grant Franklin";"";"Livre";"3.81"
"SoundCloud";"Standard fight increase";"Música";"2004";"";"";"classical";"Adam Marks";"";"18+";"3.96"
"SoundCloud";"Police none success";"Música";"2023";"";"";"reggae";"Erin Williams DDS";"";"Livre";"4.61"
"SoundCloud";"Fine surface home range";"Música";"1996";"";"";"trap";"Mark Martin";"";"12+";"2.32"
"SoundCloud";"Necessary expect have";"Música";"2007";"";"";"r&b";"Timothy Smith";"";"16+";"3.51"
"SoundCloud";"Also";"Música";"2023";"";"";"pop";"Timothy Rogers";"";"12+";"5.94"
"SoundCloud";"Drive speak";"Música";"2016";"";"";"funk";"David Pennington";"";"Livre";"2.26"
"SoundCloud";"Choose bill language";"Música";"1999";"";"";"jazz";"Kyle Wilson";"";"Livre";"3.81"
"SoundCloud";"Thousand must learn";"Música";"2018";"";"";"house";"Courtney Wilson";"";"12+";"3.21"
"SoundCloud";"Add lose weight";"Música";"2012";"";"";"classical";"Sara Erickson";"";"16+";"3.45"
"SoundCloud";"Civil food";"Música";"2017";"";"";"house";"Zachary Jackson";"";"16+";"2.46"
"SoundCloud";"Back federal two";"Música";"1987";"";"";"alternative";"Joseph Williams";"";"Livre";"2.03"
"SoundCloud";"For anyone deep";"Música";"2004";"";"";"country";"Rebecca Garcia";"";"Livre";"4.11"
"SoundCloud";"Step structure";"Música";"1991";"";"";"funk";"Ethan Davis";"";"16+";"4.81"
"SoundCloud";"Recognize close";"Música";"2015";"";"";"reggae";"Anthony Smith";"";"12+";"2.79"
"SoundCloud";"Certainly all bad";"Música";"2011";"";"";"reggae";"Patricia Allen";"";"18+";"5.5"
"SoundCloud";"Magazine capital hard argue";"Música";"2020";"";"";"funk";"Robert Smith";"";"12+";"4.92"
"SoundCloud";"Then policy";"Música";"2013";"";"";"classical";"Jeffrey Pena";"";"12+";"5.62"
"SoundCloud";"Policy campaign easy";"Música";"1984";"";"";"jazz";"Tonya Adams";"";"12+";"2.98"
"SoundCloud";"Seven away degree";"Música";"1987";"";"";"country";"Michael Byrd";"";"Livre";"2.73"
"SoundCloud";"Discover nice southern";"Música";"2022";"";"";"country";"Amy Burns";"";"16+";"5.83"
"SoundCloud";"Want current";"Música";"2008";"";"";"trap";"Danielle Walker";"";"18+";"4.44"
"SoundCloud";"Sure area";"Música";"2013";"";"";"pop";"Jacob Coffey";"";"Livre";"3.25"
"SoundCloud";"Detail nation direction";"Música";"2000";"";"";"pop";"Mrs. Joanna Baldwin";"";"12+";"5.49"
"SoundCloud";"Yes throughout";"Música";"2007";"";"";"country";"Andrea Miranda";"";"Livre";"2.75"
"SoundCloud";"West several";"Música";"2003";"";"";"funk";"Lisa Miller";"";"18+";"4.1"
"SoundCloud";"Six six";"Música";"2011";"";"";"indie";"Theodore Smith";"";"18+";"5.49"
"SoundCloud";"Until news born";"Música";"2016";"";"";"country";"Andrew Fowler";"";"16+";"4.27"
"SoundCloud";"Strong";"Música";"2023";"";"";"edm";"Kayla Richardson";"";"18+";"2.12"
"SoundCloud";"Time stuff";"Música";"1985";"";"";"funk";"Kendra Collins MD";"";"16+";"3.8"
"SoundCloud";"Surface claim pattern";"Música";"2018";"";"";"hip hop";"Tristan Valdez";"";"Livre";"5.78"
"SoundCloud";"Into education citizen old";"Música";"1990";"";"";"house";"Pamela Hall";"";"16+";"3.65"
"SoundCloud";"Seek half issue";"Música";"2010";"";"";"alternative";"Nicole Hernandez";"";"16+";"2.62"
"SoundCloud";"Conference industry";"Música";"2006";"";"";"trap";"Adrian Gomez";"";"Livre";"4.04"
"SoundCloud";"Spend woman live";"Música";"2005";"";"";"pop";"Kristen Smith";"";"Livre";"3.57"
"SoundCloud";"Most";"Música";"1987";"";"";"drill";"David Turner";"";"Livre";"5.59"
"SoundCloud";"Base on expert";"Música";"2010";"";"";"hip hop";"Abigail Garcia";"";"12+";"5.16"
"SoundCloud";"Else again";"Música";"2019";"";"";"drill";"Dr. Michelle Landry";"";"Livre";"4.92"
"SoundCloud";"Morning fact";"Música";"2010";"";"";"reggae";"Jason Martin";"";"12+";"5.93"
"SoundCloud";"Box another animal";"Música";"1985";"";"";"jazz";"Rachel Rodriguez";"";"12+";"5.74"
"SoundCloud";"Night green";"Música";"2000";"";"";"pop";"Johnny Barnes";"";"16+";"5.42"
"SoundCloud";"Point beat financial";"Música";"2020";"";"";"hip hop";"Anthony Wilson";"";"18+";"2.86"
"SoundCloud";"Right loss";"Música";"1993";"";"";"edm";"Alice Jenkins";"";"18+";"4.77"
"SoundCloud";"Serve question former";"Música";"2015";"";"";"drill";"Jacqueline Reynolds";"";"Livre";"5.26"
"SoundCloud";"Arrive since";"Música";"1992";"";"";"reggae";"Eric Evans";"";"Livre";"2.47"
"SoundCloud";"Customer realize suggest another";"Música";"2002";"";"";"indie";"Katie West";"";"12+";"4.93"
"SoundCloud";"Thank";"Música";"2012";"";"";"indie";"John Berg";"";"16+";"2.77"
"SoundCloud";"We former white";"Música";"2003";"";"";"indie";"Ricardo Francis";"";"12+";"3.03"
"SoundCloud";"Second door blood";"Música";"1986";"";"";"country";"Justin Young";"";"12+";"2.94"
"SoundCloud";"Doctor free trial";"Música";"2014";"";"";"alternative";"Kayla Lozano";"";"12+";"3.72"
"SoundCloud";"Theory fine";"Música";"1996";"";"";"alternative";"John Ryan";"";"Livre";"2.1"
"SoundCloud";"Only figure";"Música";"1984";"";"";"lo-fi";"Joseph Montes";"";"18+";"4.39"
"SoundCloud";"Really fast";"Música";"1982";"";"";"house";"Cindy Diaz";"";"Livre";"4.47"
"SoundCloud";"If stand building";"Música";"2013";"";"";"edm";"Jordan Freeman";"";"Livre";"2.61"
"SoundCloud";"Whom instead";"Música";"2004";"";"";"jazz";"Sheryl Griffin";"";"18+";"3.73"
"SoundCloud";"Box life last";"Música";"2007";"";"";"pop";"Jacob Rodriguez";"";"18+";"4.22"
"SoundCloud";"Financial give";"Música";"1991";"";"";"indie";"Damon Huang";"";"16+";"3.65"
"SoundCloud";"Group conference";"Música";"1988";"";"";"reggae";"Jordan Welch";"";"18+";"3.8"
"SoundCloud";"Rather staff begin";"Música";"1983";"";"";"rock";"William Ortiz";"";"18+";"2.61"
"SoundCloud";"Truth suggest";"Música";"1998";"";"";"trap";"Matthew Garcia";"";"12+";"2.24"
"SoundCloud";"Ball eight degree";"Música";"2001";"";"";"house";"Jose Sanchez";"";"12+";"2.52"
"SoundCloud";"Food rather author";"Música";"1996";"";"";"jazz";"Elizabeth Bennett";"";"12+";"3.82"
"Napster";"Consumer evening";"Música";"1983";"";"";"reggae";"Larry Campos";"";"18+";"2.97"
"Napster";"Also candidate religious";"Música";"2002";"";"";"indie";"Marc Tucker";"";"16+";"4.46"
"Napster";"Others film and";"Música";"2010";"";"";"jazz";"Victoria Lee";"";"12+";"2.35"
"Napster";"Voice none";"Música";"1981";"";"";"drill";"Robert Harvey DDS";"";"12+";"5.46"
"Napster";"Food same";"Música";"2002";"";"";"rock";"John Chavez";"";"12+";"4.7"
"Napster";"Industry smile";"Música";"1988";"";"";"reggae";"Sean Robinson";"";"16+";"5.37"
"Napster";"Pass four party";"Música";"2002";"";"";"edm";"Jason Garcia";"";"12+";"2.12"
"Napster";"Happy may move down";"Música";"1988";"";"";"pop";"Tracy Long";"";"12+";"3.55"
"Napster";"Notice state";"Música";"2024";"";"";"funk";"Charles Leon";"";"Livre";"3.83"
"Napster";"Move red management";"Música";"1991";"";"";"trap";"Daniel Scott";"";"Livre";"3.85"
"Napster";"Our weight";"Música";"2019";"";"";"drill";"Joshua Villarreal";"";"Livre";"5.63"
"Napster";"Very kid";"Música";"1982";"";"";"funk";"Cynthia Walters";"";"Livre";"4.3"
"Napster";"Behind wrong claim";"Música";"2023";"";"";"drill";"Stephen Cook";"";"12+";"3.29"
"Napster";"Capital century experience certainly";"Música";"1986";"";"";"lo-fi";"Jerry Anderson";"";"16+";"3.92"
"Napster";"Cup relationship";"Música";"2012";"";"";"pop";"Jared Patterson";"";"16+";"5.45"
"Napster";"Person certain water";"Música";"1981";"";"";"alternative";"Robin Gray";"";"Livre";"3.74"
"Napster";"Cell nature";"Música";"2018";"";"";"rock";"Andrew Sandoval";"";"18+";"5.71"
"Napster";"Learn establish commercial often";"Música";"2011";"";"";"lo-fi";"Connor Miller";"";"16+";"4.36"
"Napster";"These forget clearly";"Música";"2012";"";"";"indie";"Dana Christensen";"";"Livre";"4.48"
"Napster";"Summer anyone";"Música";"1996";"";"";"jazz";"Anthony Pearson";"";"12+";"2.99"
"Napster";"List case force";"Música";"2016";"";"";"pop";"Deborah Gordon";"";"16+";"2.42"
"Napster";"Ahead street face cause";"Música";"1981";"";"";"r&b";"Alexa Osborne";"";"Livre";"5.2"
"Napster";"Pm and";"Música";"1986";"";"";"alternative";"Rebecca Owens";"";"16+";"3.33"
"Napster";"Commercial ever";"Música";"1997";"";"";"rock";"Erin Oconnor";"";"16+";"4.0"
"Napster";"Early black";"Música";"2007";"";"";"drill";"Debra Patel";"";"18+";"3.87"
"Napster";"Art week care";"Música";"2011";"";"";"jazz";"Jeremy Short";"";"18+";"3.92"
"Napster";"Sometimes perhaps young";"Música";"1992";"";"";"drill";"Robert Lewis";"";"Livre";"3.18"
"Napster";"Hour indeed describe";"Música";"2021";"";"";"house";"Christina Mcclain";"";"16+";"4.01"
"Napster";"Challenge challenge place";"Música";"1980";"";"";"lo-fi";"Dawn Grant";"";"Livre";"2.51"
"Napster";"Morning yard";"Música";"1999";"";"";"jazz";"Dr. Jason Figueroa";"";"18+";"4.75"
"Napster";"Society";"Música";"2011";"";"";"jazz";"Stephen Hammond";"";"12+";"5.81"
"Napster";"Family each";"Música";"1982";"";"";"reggae";"Anthony Carter";"";"Livre";"4.05"
"Napster";"It real";"Música";"2002";"";"";"pop";"Ruth Moody";"";"12+";"3.69"
"Napster";"Seek nearly record";"Música";"2013";"";"";"jazz";"Anna Anderson";"";"12+";"3.56"
"Napster";"Probably along bed";"Música";"1997";"";"";"lo-fi";"Kimberly Henderson";"";"12+";"5.99"
"Napster";"Investment season";"Música";"1984";"";"";"classical";"Jay Ford";"";"Livre";"5.15"
"Napster";"Scientist sell";"Música";"2024";"";"";"edm";"Maria Weaver";"";"Livre";"2.02"
"Napster";"Six age budget";"Música";"1997";"";"";"alternative";"Anna Beltran";"";"16+";"3.63"
"Napster";"Technology move nature";"Música";"1999";"";"";"country";"Michael Davis";"";"18+";"3.62"
"Napster";"Again";"Música";"1984";"";"";"indie";"Melvin Barker MD";"";"16+";"3.24"
"Napster";"More quickly worker";"Música";"2008";"";"";"edm";"Michael Barrera";"";"Livre";"2.75"
"Napster";"On plant just";"Música";"1995";"";"";"rock";"David Lee";"";"16+";"2.4"
"Napster";"Successful international notice along";"Música";"2002";"";"";"lo-fi";"Matthew Briggs";"";"18+";"3.04"
"Napster";"Executive budget";"Música";"1991";"";"";"pop";"Ashley Perez DDS";"";"12+";"3.15"
"Napster";"Reach me quality";"Música";"1994";"";"";"jazz";"Robin Lee";"";"Livre";"4.75"
"Napster";"Experience beyond seat";"Música";"1980";"";"";"drill";"Thomas Phillips";"";"12+";"5.21"
"Napster";"Serious detail second";"Música";"1994";"";"";"country";"Mary Thompson";"";"18+";"5.47"
"Napster";"Ok second different";"Música";"1980";"";"";"indie";"Kristin Rodriguez";"";"Livre";"5.36"
"Napster";"Hot art born";"Música";"2023";"";"";"edm";"Chase Ramos";"";"16+";"2.96"
"Napster";"No collection wonder firm";"Música";"1990";"";"";"house";"Matthew Henderson";"";"16+";"2.39"
"Napster";"Just evidence their";"Música";"1997";"";"";"r&b";"Amanda Walker";"";"18+";"5.24"
"Napster";"Expect sign here";"Música";"2024";"";"";"rock";"Emily Calhoun";"";"12+";"3.48"
"Napster";"Significant matter establish";"Música";"1980";"";"";"drill";"David Clark";"";"12+";"3.13"
"Napster";"Kind under research";"Música";"1988";"";"";"rock";"Sabrina James";"";"12+";"2.78"
"Napster";"Word affect support";"Música";"2016";"";"";"lo-fi";"Roy Taylor";"";"18+";"3.84"
"Napster";"Point suggest any";"Música";"1989";"";"";"trap";"Ronnie Torres";"";"18+";"2.63"
"Napster";"Specific";"Música";"2008";"";"";"lo-fi";"Trevor Lee";"";"18+";"3.35"
"Napster";"Range house";"Música";"2019";"";"";"hip hop";"Shelly Benson";"";"12+";"5.78"
"Napster";"Control easy";"Música";"2004";"";"";"country";"Victoria Drake DDS";"";"Livre";"4.09"
"Napster";"Any speech";"Música";"2023";"";"";"pop";"Tiffany Brewer";"";"18+";"2.24"
"Napster";"Himself quickly";"Música";"1994";"";"";"r&b";"Christina Hill";"";"12+";"4.76"
"Napster";"Represent against Congress";"Música";"2005";"";"";"jazz";"Anthony Mills";"";"12+";"2.64"
"Napster";"Partner hundred";"Música";"1985";"";"";"country";"Kimberly Allen";"";"18+";"2.17"
"Napster";"Group off cost";"Música";"2012";"";"";"drill";"Tracy Lin";"";"16+";"3.96"
"Napster";"Central too";"Música";"2012";"";"";"classical";"Teresa Perez";"";"18+";"2.25"
"Napster";"Others everything image live";"Música";"2016";"";"";"trap";"Richard Brown";"";"16+";"2.69"
"Napster";"Unit admit";"Música";"1995";"";"";"house";"Jill Galvan";"";"18+";"3.45"
"Napster";"Beyond talk";"Música";"2007";"";"";"r&b";"Kimberly Lawson";"";"Livre";"5.41"
"Napster";"Skill fast wrong entire";"Música";"2020";"";"";"edm";"Julia Peterson";"";"12+";"5.17"
"Napster";"Prevent hold significant";"Música";"2013";"";"";"alternative";"Robert Logan";"";"16+";"2.81"
"Napster";"Before tend";"Música";"1983";"";"";"reggae";"Chad Barr";"";"16+";"3.59"
"Napster";"Water for";"Música";"2013";"";"";"trap";"Sara Stark";"";"Livre";"4.4"
"Napster";"Job thank";"Música";"1990";"";"";"pop";"Nicole Jones";"";"12+";"3.17"
"Napster";"Far capital test";"Música";"2023";"";"";"r&b";"Jose Ortega";"";"18+";"4.05"
"Napster";"One somebody theory";"Música";"2020";"";"";"funk";"Nina Boyer";"";"Livre";"2.75"
"Napster";"Listen benefit";"Música";"2021";"";"";"funk";"Katie Hood";"";"16+";"4.04"
"Napster";"Work";"Música";"1999";"";"";"indie";"James Hunter";"";"16+";"3.57"
"Napster";"Per buy effort";"Música";"2024";"";"";"r&b";"Ashley Fleming";"";"18+";"5.07"
"Napster";"Sure such Democrat";"Música";"1981";"";"";"edm";"Sydney Bond";"";"Livre";"3.49"
"Napster";"Nothing power successful window";"Música";"2016";"";"";"lo-fi";"Tiffany Erickson";"";"18+";"5.4"
"Napster";"Huge recognize";"Música";"2014";"";"";"country";"Michelle Salas";"";"Livre";"5.8"
"Napster";"Window loss";"Música";"1986";"";"";"rock";"Ronald West";"";"18+";"5.04"
"Napster";"Trade huge";"Música";"1984";"";"";"alternative";"Jacqueline Lee";"";"16+";"5.89"
"Napster";"Suggest care your";"Música";"1991";"";"";"lo-fi";"Jodi Peterson";"";"16+";"4.33"
"Napster";"Return resource be";"Música";"1980";"";"";"funk";"David Smith";"";"18+";"2.46"
"Napster";"Green practice";"Música";"2016";"";"";"edm";"Karen Jordan";"";"18+";"5.64"
"Napster";"Glass space";"Música";"2014";"";"";"country";"Robert Williams";"";"18+";"4.27"
"Napster";"Through region drug";"Música";"1987";"";"";"classical";"Melissa Heath";"";"18+";"2.81"
"Napster";"Service wear half could";"Música";"2010";"";"";"country";"Amber Hunt";"";"18+";"2.4"
"Napster";"School agent";"Música";"2008";"";"";"lo-fi";"Shane Williams";"";"Livre";"3.75"
"Napster";"Kid skill";"Música";"2008";"";"";"edm";"Mary Hays";"";"12+";"2.56"
"Napster";"News me again rather";"Música";"1986";"";"";"alternative";"Abigail Smith";"";"18+";"2.95"
"Napster";"Relate standard";"Música";"1980";"";"";"alternative";"Hannah Martin";"";"18+";"2.7"
"Napster";"Language beautiful";"Música";"2011";"";"";"drill";"Victoria Gomez";"";"18+";"2.69"
"Napster";"Cause seat could";"Música";"1998";"";"";"trap";"Molly Clayton";"";"12+";"3.99"
"Napster";"City world";"Música";"2023";"";"";"trap";"Jordan Mcgee";"";"Livre";"5.32"
"Napster";"Allow through";"Música";"2000";"";"";"lo-fi";"Paul Gonzales";"";"12+";"3.44"
"Napster";"Make police get";"Música";"2014";"";"";"rock";"Curtis Morales";"";"Livre";"4.04"
"Napster";"Condition measure least";"Música";"1980";"";"";"drill";"Michael Cox";"";"12+";"4.68"
"Napster";"Money check while";"Música";"1992";"";"";"house";"Cody Rojas";"";"Livre";"4.09"
"YouTube Music";"Might";"Música";"2004";"";"";"lo-fi";"Kevin Obrien";"";"16+";"2.14"
"YouTube Music";"Director smile";"Música";"2017";"";"";"pop";"Linda May";"";"18+";"4.36"
"YouTube Music";"Similar fly happen";"Música";"2005";"";"";"r&b";"Terry Carter";"";"Livre";"2.3"
"YouTube Music";"Nature issue";"Música";"2021";"";"";"funk";"Cody Cox";"";"18+";"5.5"
"YouTube Music";"Cold follow";"Música";"1988";"";"";"jazz";"Bridget Cooper";"";"16+";"4.56"
"YouTube Music";"Case available";"Música";"1988";"";"";"house";"Jackie Lin";"";"12+";"2.57"
"YouTube Music";"Line itself";"Música";"2024";"";"";"edm";"Aaron Pierce";"";"18+";"5.86"
"YouTube Music";"Business parent game worker";"Música";"1999";"";"";"country";"Michael Mccoy";"";"12+";"4.0"
"YouTube Music";"Program window will";"Música";"1982";"";"";"lo-fi";"Levi Mercer";"";"12+";"2.36"
"YouTube Music";"Too world lawyer";"Música";"2004";"";"";"rock";"Lisa Alexander";"";"18+";"5.09"
"YouTube Music";"Education different";"Música";"2005";"";"";"reggae";"Henry Keller";"";"18+";"2.7"
"YouTube Music";"Picture agree";"Música";"1991";"";"";"drill";"Jessica Conley";"";"16+";"3.41"
"YouTube Music";"Truth national international citizen";"Música";"2014";"";"";"house";"Donna Frost";"";"16+";"5.8"
"YouTube Music";"Across firm";"Música";"1997";"";"";"alternative";"Alison Martinez";"";"18+";"5.25"
"YouTube Music";"Data become young";"Música";"1990";"";"";"pop";"Veronica Cole";"";"16+";"2.33"
"YouTube Music";"Issue woman serve unit";"Música";"1980";"";"";"funk";"Veronica Parker";"";"18+";"3.34"
"YouTube Music";"Discover training firm";"Música";"2002";"";"";"pop";"Paul Munoz";"";"16+";"3.47"
"YouTube Music";"Picture capital toward participant";"Música";"1991";"";"";"reggae";"Jenny Cochran";"";"16+";"4.92"
"YouTube Music";"Happy require really";"Música";"2011";"";"";"hip hop";"Joseph Johnson";"";"Livre";"2.9"
"YouTube Music";"Should forward later";"Música";"2003";"";"";"trap";"Briana Rice";"";"12+";"4.15"
"YouTube Music";"Future fall over";"Música";"2006";"";"";"pop";"Claudia Ellis";"";"16+";"5.32"
"YouTube Music";"Environment page green";"Música";"1992";"";"";"house";"Ms. Ariel Snyder";"";"Livre";"4.31"
"YouTube Music";"Interview";"Música";"1993";"";"";"rock";"Marilyn Mitchell";"";"Livre";"5.05"
"YouTube Music";"Increase work center";"Música";"1993";"";"";"country";"Shawn Wagner";"";"12+";"4.12"
"YouTube Music";"Man";"Música";"2022";"";"";"jazz";"Joseph Larsen";"";"12+";"2.35"
"YouTube Music";"What long";"Música";"1992";"";"";"funk";"David Bell";"";"12+";"4.78"
"YouTube Music";"Certain once";"Música";"1984";"";"";"classical";"Misty Graham";"";"12+";"2.17"
"YouTube Music";"Soldier play";"Música";"1987";"";"";"hip hop";"Jo Rodriguez";"";"12+";"3.54"
"YouTube Music";"Last put";"Música";"2002";"";"";"lo-fi";"Marcus Horne";"";"12+";"2.28"
"YouTube Music";"Recently senior treat others";"Música";"1996";"";"";"alternative";"Ms. Sarah Lindsey";"";"Livre";"3.53"
"YouTube Music";"Parent morning";"Música";"2015";"";"";"jazz";"Jamie Benton";"";"16+";"3.02"
"YouTube Music";"Be subject claim";"Música";"2000";"";"";"trap";"Larry Tran";"";"Livre";"3.52"
"YouTube Music";"Laugh training";"Música";"2009";"";"";"alternative";"Noah Stark";"";"Livre";"5.88"
"YouTube Music";"Voice";"Música";"2024";"";"";"alternative";"Robert Allen";"";"Livre";"3.97"
"YouTube Music";"Spend young";"Música";"2019";"";"";"rock";"Eric Vazquez";"";"Livre";"2.15"
"YouTube Music";"Feeling break process";"Música";"1995";"";"";"pop";"Michael Anderson";"";"Livre";"4.23"
"YouTube Music";"Evening good beautiful table";"Música";"2016";"";"";"house";"David Abbott";"";"Livre";"2.37"
"YouTube Music";"Difficult bank face";"Música";"1984";"";"";"reggae";"Michelle Johnson";"";"12+";"2.64"
"YouTube Music";"Consumer several";"Música";"2001";"";"";"reggae";"Donald Miles";"";"16+";"4.16"
"YouTube Music";"Budget white whether";"Música";"1983";"";"";"hip hop";"Amy Stewart";"";"12+";"3.15"
"YouTube Music";"Message direction";"Música";"1999";"";"";"funk";"Susan Gross";"";"12+";"4.48"
"YouTube Music";"Series have";"Música";"2002";"";"";"country";"Jennifer Peterson";"";"Livre";"2.86"
"YouTube Music";"Weight thus";"Música";"2015";"";"";"edm";"Aaron James";"";"16+";"5.77"
"YouTube Music";"Important";"Música";"1990";"";"";"trap";"Brittany May";"";"16+";"2.05"
"YouTube Music";"Agree really";"Música";"2004";"";"";"rock";"Kathy Clark";"";"12+";"3.25"
"YouTube Music";"School quality especially";"Música";"2004";"";"";"r&b";"Ashley Oconnor";"";"12+";"2.16"
"YouTube Music";"Nice course";"Música";"2021";"";"";"rock";"Adam Mathews";"";"12+";"5.27"
"YouTube Music";"Eat process speech";"Música";"2000";"";"";"hip hop";"Lori Wright";"";"Livre";"4.58"
"YouTube Music";"Treatment watch boy";"Música";"1997";"";"";"edm";"Emily Krause";"";"Livre";"4.52"
"YouTube Music";"Will hair item";"Música";"2009";"";"";"r&b";"Adam Giles";"";"12+";"2.01"
"YouTube Music";"Call once";"Música";"1987";"";"";"funk";"Matthew Simpson";"";"18+";"3.03"
"YouTube Music";"Notice range";"Música";"2010";"";"";"classical";"Jorge Lawrence";"";"Livre";"5.24"
"YouTube Music";"Another national";"Música";"2009";"";"";"indie";"Diana Acevedo";"";"16+";"4.87"
"YouTube Music";"Whom";"Música";"2023";"";"";"pop";"Ms. Angela Ray";"";"18+";"5.67"
"YouTube Music";"Else";"Música";"2000";"";"";"drill";"Maria Fisher";"";"Livre";"5.53"
"YouTube Music";"Mission Mrs effort";"Música";"2009";"";"";"r&b";"Holly Richardson";"";"18+";"4.79"
"YouTube Music";"Recent whole investment they";"Música";"2022";"";"";"country";"Dalton Richardson";"";"12+";"2.09"
"YouTube Music";"Avoid modern political";"Música";"1985";"";"";"r&b";"Megan Phillips";"";"16+";"3.74"
"YouTube Music";"Total add watch";"Música";"1985";"";"";"edm";"Brittney Ball";"";"16+";"4.34"
"YouTube Music";"Join none win";"Música";"2022";"";"";"country";"Margaret Little";"";"Livre";"3.39"
"YouTube Music";"Participant activity";"Música";"2005";"";"";"reggae";"Elizabeth Watson";"";"Livre";"5.57"
"YouTube Music";"Measure single";"Música";"1980";"";"";"r&b";"Allison Saunders";"";"16+";"2.98"
"YouTube Music";"Use guy";"Música";"1988";"";"";"r&b";"Travis Wilson";"";"16+";"2.7"
"YouTube Music";"Reality stage technology";"Música";"1995";"";"";"lo-fi";"Rebekah Fernandez";"";"12+";"2.94"
"YouTube Music";"Run four future";"Música";"2010";"";"";"trap";"Brittany Glenn";"";"16+";"5.53"
"YouTube Music";"Join control";"Música";"2011";"";"";"edm";"Jamie Brown";"";"Livre";"5.55"
"YouTube Music";"Capital attack";"Música";"2017";"";"";"edm";"Janet Leonard";"";"Livre";"4.06"
"YouTube Music";"Sound nice year";"Música";"2004";"";"";"classical";"Antonio Golden";"";"Livre";"4.68"
"YouTube Music";"Support bring knowledge";"Música";"2000";"";"";"country";"Brooke Rogers";"";"18+";"5.16"
"YouTube Music";"Rock size";"Música";"2009";"";"";"rock";"Yesenia Murphy";"";"Livre";"2.55"
"YouTube Music";"Generation subject";"Música";"2020";"";"";"trap";"Diana Davis";"";"18+";"3.42"
"YouTube Music";"Event modern";"Música";"2000";"";"";"lo-fi";"Brian Berger";"";"Livre";"5.61"
"YouTube Music";"Around someone their";"Música";"1982";"";"";"pop";"Nicholas Walker";"";"12+";"5.06"
"YouTube Music";"True";"Música";"2014";"";"";"rock";"Dr. Crystal Johnson";"";"Livre";"4.95"
"YouTube Music";"Big set";"Música";"1996";"";"";"lo-fi";"James Hicks";"";"18+";"3.51"
"YouTube Music";"Health support";"Música";"2008";"";"";"pop";"Jamie Shepherd";"";"16+";"3.38"
"YouTube Music";"Ago month";"Música";"1983";"";"";"r&b";"Richard Benson";"";"18+";"3.73"
"YouTube Music";"Effect direction woman";"Música";"2010";"";"";"house";"Marc Patel";"";"16+";"4.27"
"YouTube Music";"Month recent set";"Música";"1981";"";"";"pop";"Megan Li DVM";"";"16+";"2.39"
"YouTube Music";"Big tonight";"Música";"1982";"";"";"reggae";"Valerie Cruz";"";"Livre";"2.11"
"YouTube Music";"Especially test body";"Música";"2013";"";"";"trap";"Adam Pace";"";"16+";"4.42"
"YouTube Music";"Themselves commercial";"Música";"2000";"";"";"country";"Ricky Harrison DDS";"";"Livre";"3.33"
"YouTube Music";"Any himself pick";"Música";"1992";"";"";"edm";"Daniel Ramirez";"";"16+";"3.1"
"YouTube Music";"Walk sing enough";"Música";"2010";"";"";"classical";"Aaron Cochran";"";"16+";"3.24"
"YouTube Music";"Thing rate";"Música";"1988";"";"";"lo-fi";"Joseph West";"";"12+";"5.32"
"YouTube Music";"College";"Música";"2023";"";"";"r&b";"Jackson Martinez";"";"Livre";"5.77"
"YouTube Music";"Statement probably its";"Música";"2017";"";"";"trap";"James Hart";"";"12+";"3.63"
"YouTube Music";"Everyone me star";"Música";"2001";"";"";"reggae";"John Kirby";"";"16+";"4.94"
"YouTube Music";"Send shoulder poor event";"Música";"2005";"";"";"r&b";"David Wilson";"";"18+";"4.13"
"YouTube Music";"Article none";"Música";"1995";"";"";"drill";"Heather Jackson";"";"16+";"4.34"
"YouTube Music";"Under itself interview";"Música";"2021";"";"";"reggae";"Jermaine Myers";"";"Livre";"5.71"
"YouTube Music";"Bank third maintain";"Música";"1998";"";"";"alternative";"Francisco Lee";"";"12+";"4.27"
"YouTube Music";"Room nice wish";"Música";"2016";"";"";"reggae";"Dennis Jackson";"";"12+";"5.3"
"YouTube Music";"Will thing design";"Música";"2003";"";"";"hip hop";"Robin Jones";"";"18+";"2.32"
"YouTube Music";"Daughter carry who";"Música";"1996";"";"";"pop";"Thomas Mcfarland";"";"12+";"5.53"
"YouTube Music";"Clear";"Música";"1985";"";"";"trap";"Joseph Duffy";"";"16+";"5.34"
"YouTube Music";"Series tree central";"Música";"1988";"";"";"drill";"Stephanie Harrington";"";"12+";"3.02"
"YouTube Music";"Difference agency suddenly";"Música";"2006";"";"";"house";"Robert Robinson";"";"Livre";"3.27"
"YouTube Music";"Other hundred focus";"Música";"2018";"";"";"trap";"Christopher Galvan";"";"Livre";"5.55"
"YouTube Music";"Month hit";"Música";"1993";"";"";"alternative";"Alexa Wright";"";"16+";"5.11"
