Disney+;Magic of Disney's Animal Kingdom;Série;2020;2;18;Documentary Reality;;7.5;10+;36
Disney+;History's Greatest Mysteries;Série;2020;6;77;Documentary Mystery;;7.5;14+;
Disney+;How to Win at Everything;Série;2015;1;14;Documentary;;0.0;10+;23
Disney+;Ms. Marvel;Série;2022;1;6;Sci-Fi & Fantasy Action & Adventure Comedy;Bisha K. Ali;6.353;14+;
Disney+;Dian Fossey: Secrets in the Mist;Série;2017;1;3;Documentary;;7.0;14+;43
Disney+;Hyper Knife;Série;2025;1;8;Drama Crime;Kim Jung-hyun;7.992;Livre;
Disney+;Brain Games;Série;2011;8;65;Documentary Comedy Reality;;7.478;Livre;60
Disney+;Me & Winnie the Pooh;Série;2023;2;49;Animation Kids;;7.6;Livre;
Disney+;In the SOOP: Friendcation;Série;2022;1;4;Reality;;9.0;Livre;55
Disney+;The Book of Pooh;Série;2001;3;106;Kids Animation Family;A.A. Milne;6.7;Livre;30
Disney+;Stan Lee's Superhumans;Série;2010;3;31;Documentary Sci-Fi & Fantasy;Stan Lee;6.8;10+;45
Disney+;Tierra Incognita;Série;2022;2;16;Mystery Sci-Fi & Fantasy Family;;7.2;14+;30
Disney+;Born in Africa;Série;2018;1;4;Documentary;;0.0;Livre;44
Disney+;Rapunzel's Tangled Adventure;Série;2017;3;59;Kids Animation Comedy;Chris Sonnenburg;7.3;Livre;21
Disney+;The Proud Family: Louder and Prouder;Série;2022;2;20;Family Animation Comedy;Bruce W. Smith;6.05;10+;30
Disney+;Pirates: Behind the Legends;Série;2024;1;8;Drama Documentary;;6.8;14+;44
Disney+;Loki;Série;2021;2;12;Drama Sci-Fi & Fantasy;Michael Waldron;8.2;14+;
Disney+;The Finder;Série;2012;1;13;Drama;Hart Hanson;7.0;14+;43
Disney+;Iwájú;Série;2024;1;6;Animation Comedy Sci-Fi & Fantasy Family;;7.0;10+;
Disney+;Me & Mickey;Série;2022;2;54;Kids Animation;;7.7;TV-Y;2
Disney+;The Ghost and Molly McGee;Série;2021;2;78;Animation Sci-Fi & Fantasy Kids;Bill Motz;8.2;TV-Y7;11
Disney+;Zorro;Série;1957;2;78;Western Action & Adventure Drama Comedy Family;Johnston McCulley;7.5;Livre;24
Disney+;Gordon Ramsay: Uncharted;Série;2019;4;29;Documentary;;7.6;14+;47
Disney+;Kindergarten: The Musical!;Série;2024;1;32;Kids Animation;Charlton Pettus;0.0;TV-Y;
Disney+;Primos;Série;2024;1;55;Animation Comedy Kids;Natasha Kline;7.0;TV-Y7;22
Disney+;PB&J Otter;Série;1998;3;124;Animation Kids;Jim Jinkins;6.9;TV-Y;20
Disney+;4Ever;Série;2023;1;5;Drama Comedy;;9.2;10+;
Disney+;Secrets of the Penguins;Série;2025;1;3;Documentary;;7.5;10+;
Disney+;Star Wars: Young Jedi Adventures;Série;2023;3;48;Animation Kids Action & Adventure Comedy;Michael Olson;4.7;TV-Y;27
Disney+;Disney Channel Games;Série;2006;3;24;;;9.0;Livre;30
Disney+;Glee;Série;2009;6;121;Comedy Drama;Ryan Murphy;6.8;14+;43
Disney+;Jake and the Never Land Pirates;Série;2011;4;214;Family Animation Action & Adventure;;6.5;TV-Y;22
Disney+;Matildas: The World at Our Feet;Série;2023;1;6;Documentary;;7.2;16+;41
Disney+;The Beatles: Get Back;Série;2021;1;3;Documentary;Peter Jackson;8.392;16+;
Disney+;Ancient China from Above;Série;2020;1;3;Documentary;;10.0;Livre;44
Disney+;The Beauty Queen Killer: 9 Days of Terror;Série;2024;1;3;Documentary Crime;;7.5;Livre;
Disney+;The Muppet Show;Série;1976;5;120;Kids Comedy Family;Jim Henson;8.0;Livre;26
Disney+;Benefits with Friends;Série;2024;1;10;Drama Comedy;Matheus Souza;8.2;Livre;
Disney+;grown-ish;Série;2018;6;105;Comedy;Kenya Barris;8.0;14+;
Disney+;Even Stevens;Série;2000;3;65;Comedy;Matt Dearborn;7.0;Livre;22
Disney+;Disney Intertwined;Série;2021;2;17;Sci-Fi & Fantasy Comedy Family Drama Soap;;7.6;Livre;
Disney+;Daddies on Request;Série;2022;2;17;Drama Comedy Family Kids;Ana Sofía Clerici;8.3;14+;33
Disney+;Nature Boom Time;Série;2016;1;12;Kids Documentary;;0.0;Livre;
Disney+;Spider-Man and His Amazing Friends;Série;1981;3;24;Action & Adventure Animation Family Sci-Fi & Fantasy;Steve Ditko;7.4;TV-Y7;25
Disney+;Iron Man;Série;1994;2;26;Animation Action & Adventure Sci-Fi & Fantasy;;6.6;TV-Y7;22
Disney+;Buried Secrets of WWII;Série;2019;1;6;Documentary War & Politics;;6.1;14+;44
Disney+;重复词条;Série;2021;2;64;;;0.0;Livre;
Disney+;Gypsy Rose: Life After Lock Up;Série;2024;2;14;Documentary;;8.7;Livre;
Disney+;Phil of the Future;Série;2004;2;43;Sci-Fi & Fantasy Comedy Family Kids;Tim Maile;6.8;10+;22
Disney+;Marvel's The Punisher;Série;2017;2;26;Action & Adventure Crime Drama;Steve Lightfoot;8.1;16+;53
Disney+;Gathering Storm;Série;2020;1;6;Documentary;;5.7;Livre;
Disney+;Whiskey on the Rocks;Série;2024;1;6;Drama Comedy War & Politics;Henrik Jansson-Schweizer;6.2;16+;29
Disney+;The Simpsons;Série;1989;36;786;Family Animation Comedy;Matt Groening;8.016;10+;22
Disney+;Science of Stupid;Série;2014;8;168;Documentary Reality;;0.0;Livre;
Disney+;Mickey's Christmas Tales;Série;2023;1;5;Animation Kids;;8.2;Livre;
Disney+;X-Men '97;Série;2024;1;10;Animation Action & Adventure Sci-Fi & Fantasy;;8.5;14+;
Disney+;Europa: le meraviglie dall'alto;Série;2020;4;23;;;2.0;Livre;
Disney+;Psychic Kids;Série;2019;1;1;;;0.0;Livre;
Disney+;Celtics/Lakers: Best of Enemies;Série;2017;1;3;Documentary;;0.0;Livre;85
Disney+;Marvel Rising: Initiation;Série;2018;2;12;Animation Action & Adventure;Alfred Gimeno;6.7;Livre;24
Disney+;MECH-X4;Série;2016;2;36;Sci-Fi & Fantasy Comedy Family;Steve Marmel;8.0;TV-Y7;21
Disney+;Seconda Guerra: Nuove Rivelazioni;Série;2019;1;6;Documentary War & Politics;;2.0;Livre;
Disney+;Celebrity Ghost Stories;Série;2009;5;90;Reality Sci-Fi & Fantasy Mystery Talk;;7.3;10+;45
Disney+;Big Hero 6 The Series;Série;2017;3;65;Action & Adventure Animation Comedy Family;Mark McCorkle;7.6;TV-Y7;21
Disney+;Great Migrations;Série;2010;1;7;Documentary;;7.6;10+;45
Disney+;Alice's Wonderland Bakery;Série;2022;2;98;Animation Kids Comedy;Chelsea Beyl;6.1;Livre;
Disney+;Smart Guy;Série;1997;3;51;Comedy Drama Kids;Danny Kallis;7.8;Livre;22
Disney+;Wahlburgers;Série;2014;10;96;Reality;Mark Wahlberg;6.067;10+;30
Disney+;Sonny with a Chance;Série;2009;2;46;Comedy Family;Steve Marmel;7.8;Livre;22
Disney+;Star Wars: Tales of the Jedi;Série;2022;1;6;Animation Sci-Fi & Fantasy Action & Adventure;Dave Filoni;8.1;10+;
Disney+;Little Einsteins;Série;2005;2;67;Animation Family Kids;Eric Weiner;7.2;TV-Y;24
Disney+;Queens;Série;2024;1;7;Documentary;;7.9;14+;45
Disney+;Gravity Falls;Série;2012;2;40;Animation Comedy Mystery Sci-Fi & Fantasy Kids Action & Adventure Family;Alex Hirsch;8.6;TV-Y7;22
Disney+;United States of Animals;Série;2016;1;12;Documentary;;0.0;10+;22
Disney+;Limitless with Chris Hemsworth;Série;2022;2;6;Documentary Action & Adventure;Darren Aronofsky;8.1;14+;
Disney+;Calling All T.O.T.S.;Série;2020;2;20;Kids;Travis Braun;7.0;Livre;
Disney+;The Mega-Brands That Built America;Série;2023;3;16;Documentary;;8.3;10+;42
Disney+;The Toys That Built America;Série;2021;3;26;Documentary;;7.0;Livre;20
Disney+;Abby's Studio Rescue;Série;2014;1;7;Reality;;0.0;10+;
Disney+;Star Wars Resistance;Série;2018;2;38;Sci-Fi & Fantasy Animation Action & Adventure;Dave Filoni;6.319;TV-Y7;22
Disney+;Marvel's Rocket & Groot;Série;2017;1;12;Kids Animation Action & Adventure Sci-Fi & Fantasy Comedy Family;;6.8;Livre;2
Disney+;My Ghost Story;Série;2010;2;10;Documentary Drama;;4.7;10+;43
Disney+;Kiff;Série;2023;2;80;Animation Comedy;Lucy Heavens;7.5;TV-Y7;11
Disney+;Sydney to the Max;Série;2019;3;63;Comedy Family;Mark Reisman;7.7;Livre;23
Disney+;Playtime with Puppy Dog Pals;Série;2018;2;16;Animation Kids;;4.5;Livre;
Disney+;The UnXplained;Série;2019;7;89;Documentary;;6.6;14+;43
Disney+;Big City Greens;Série;2018;5;191;Family Animation Comedy;Shane Houghton;7.3;TV-Y7;11
Disney+;Welcome to Earth;Série;2021;1;6;Documentary;;7.6;10+;44
Disney+;Animal Fight Night;Série;2013;6;38;Documentary;;6.7;10+;44
Disney+;Positive Energy;Série;2017;1;3;Documentary;;2.0;Livre;
Disney+;Small & Mighty;Série;2022;1;26;Drama Comedy;Fu-Hsiang Hsu;7.1;Livre;40
Disney+;Goosebumps: The Vanishing;Série;2025;1;8;Action & Adventure Sci-Fi & Fantasy Comedy;Rob Letterman;6.8;14+;
Disney+;101 Dalmatians: The Series;Série;1997;2;105;Kids Animation Action & Adventure;Jim Jinkins;6.6;TV-Y7;22
Disney+;Bizaardvark;Série;2016;3;63;Family Comedy;Kyle Stegina;7.2;Livre;22
Disney+;Wizards of Waverly Place;Série;2007;4;109;Comedy Sci-Fi & Fantasy Kids;Todd J. Greenwald;8.475;Livre;23
Disney+;Elena of Avalor;Série;2016;3;81;Animation Kids;Craig Gerber;0.0;Livre;
Disney+;Marvel Funko Shorts;Série;2016;1;12;Animation Sci-Fi & Fantasy Kids Comedy;;5.5;Livre;3
Disney+;Superkitties;Série;2023;2;90;Animation Kids;Paula Rosenthal;6.7;TV-Y;11
Disney+;Ultimate Airport Dubai;Série;2013;3;30;Documentary Reality;;7.6;10+;45
Disney+;The Crossover;Série;2023;1;8;Drama;Kwame Alexander;6.5;10+;
Disney+;Boy Meets World;Série;1993;7;158;Drama Comedy Family;Michael Jacobs;8.242;Livre;24
Disney+;PJ Masks;Série;2015;5;260;Animation Family Kids Sci-Fi & Fantasy Comedy;Romuald Racioppo;4.8;TV-Y;12
Disney+;Epic Adventures with Bertie Gregory;Série;2022;1;5;Documentary;;7.3;10+;41
Disney+;Obi-Wan Kenobi;Série;2022;1;6;Sci-Fi & Fantasy Action & Adventure Drama;;7.055;14+;
Disney+;Animals They're Just Like Us!;Série;2025;1;6;;;0.0;Livre;
Disney+;Snowdrop;Série;2021;1;16;Drama War & Politics;Yoo Hyun-mi;8.5;14+;86
Disney+;JFK: One Day in America;Série;2023;1;3;Documentary;;8.2;14+;45
Disney+;Sumo Do Sumo Don't;Série;2022;1;10;Comedy Drama;;6.3;Livre;45
Disney+;Mira Royal Detective;Série;2020;2;104;Kids Animation;Becca Topol;6.2;TV-Y7;24
Disney+;Tiny House Nation: Unpacked;Série;2016;1;1;;;0.0;Livre;
Disney+;Darkwing Duck;Série;1991;3;91;Action & Adventure Animation Comedy Family Kids;Tad Stones;7.3;TV-Y7;22
Disney+;The Lodge;Série;2016;2;25;Family Drama Mystery Reality;Michal Cooper Keren;7.5;Livre;21
Disney+;Österreichs wunderbare Jahre;Série;2021;1;6;Documentary;;0.0;Livre;
Disney+;Mickey's Spooky Stories;Série;2024;1;5;Animation;;5.0;Livre;
Disney+;Percy Jackson and the Olympians;Série;2023;2;8;Action & Adventure Sci-Fi & Fantasy Drama Family;Rick Riordan;7.371;10+;
Disney+;Love & Vets;Série;2017;1;3;Documentary;;0.0;Livre;42
Disney+;Shark Attack Files;Série;2021;2;14;Documentary;;7.0;Livre;44
Disney+;The Proud Family;Série;2001;3;52;Animation Comedy Kids Family;Bruce W. Smith;7.761;Livre;22
Disney+;Kingdom of the Mummies;Série;2020;1;4;Documentary;;6.8;14+;45
Disney+;The Wonder Years;Série;2021;2;32;Comedy Drama Family;Saladin K. Patterson;7.069;10+;21
Disney+;Daredevil: Born Again;Série;2025;1;9;Drama Crime;Dario Scardapane;8.034;16+;
Disney+;Tangled: Short Cuts;Série;2017;1;9;Animation Comedy;Kelly Hannon;2.0;Livre;
Disney+;Choir;Série;2024;1;6;Documentary;;8.5;10+;
Disney+;Win or Lose;Série;2025;1;8;Animation Drama Family Comedy;;8.043;10+;
Disney+;All the Same… or Not;Série;2022;2;18;Comedy Drama Family;;6.4;10+;40
Disney+;Secret Invasion;Série;2023;1;6;Drama Sci-Fi & Fantasy Action & Adventure;Kyle Bradstreet;6.615;14+;
Disney+;Recess;Série;1976;1;6;Animation;;2.0;Livre;
Disney+;TRON: Uprising;Série;2012;1;18;Animation Drama Action & Adventure Sci-Fi & Fantasy Family;Edward Kitsis;7.5;TV-Y7;430
Disney+;Growing Up;Série;2022;1;10;Documentary Reality;Brie Larson;6.7;10+;
Disney+;Lab Rats: Elite Force;Série;2016;1;16;Comedy Kids Sci-Fi & Fantasy;Chris Peterson;7.9;TV-Y7;22
Disney+;＜JUNG KOOK: I AM STILL＞ THE ORIGINAL;Série;2024;1;3;Documentary;;8.5;10+;
Disney+;101 Dalmatian Street;Série;2019;1;52;Animation Family Kids;Miklos Weigert;7.2;TV-Y7;10
Disney+;UFOs: Investigating the Unknown;Série;2023;2;11;Documentary;;6.8;Livre;43
Disney+;Hostile Planet;Série;2019;1;6;Documentary;;7.5;10+;47
Disney+;The Doc Files;Série;2013;1;10;Kids;;2.0;Livre;4
Disney+;Fantastic Four;Série;1994;2;26;Action & Adventure Animation Kids Sci-Fi & Fantasy;Jack Kirby;6.5;TV-Y7;22
Disney+;Chip 'n' Dale Rescue Rangers;Série;1989;3;65;Animation Comedy Kids Family;Tad Stones;7.5;TV-Y7;22
Disney+;Star Wars: Clone Wars;Série;2003;3;25;Action & Adventure Animation Sci-Fi & Fantasy;Henry Gilroy;7.8;TV-Y7;3
Disney+;Oklahoma City Bombing: One Day in America;Série;2025;1;3;Documentary;;6.667;14+;44
Disney+;David Blaine Do Not Attempt;Série;2025;1;6;Documentary;;7.3;14+;
Disney+;That's So Raven;Série;2003;4;100;Comedy Sci-Fi & Fantasy;Michael Poryes;7.2;Livre;23
Disney+;Spider-Man Unlimited;Série;1999;1;13;Animation Action & Adventure Sci-Fi & Fantasy Kids;Avi Arad;7.5;TV-Y7;
Disney+;Legend of the Three Caballeros;Série;2018;1;13;Action & Adventure Animation;;7.2;Livre;22
Disney+;Dr. Oakley Yukon Vet;Série;2014;12;118;Reality;;5.2;10+;45
Disney+;High School Musical: The Musical: The Series;Série;2019;4;38;Family Comedy Drama;Tim Federle;7.967;10+;
Disney+;Muppets Now;Série;2020;1;6;Comedy Family;;5.6;10+;22
Disney+;Walk the Prank;Série;2016;3;60;Family Comedy Reality;Adam Small;6.8;TV-Y7;30
Disney+;Ready for Preschool;Série;2019;3;64;Animation Kids;;2.0;Livre;2
Disney+;Henry Hugglemonster;Série;2013;2;49;Kids Animation Family;;7.3;TV-Y;22
Disney+;No Taste Like Home with Antoni Porowski;Série;2025;1;6;Documentary;;7.3;10+;
Disney+;Mickey Mouse: Hot Diggity Dog Tales;Série;2019;1;18;Animation Kids;;10.0;Livre;2
Disney+;The Mandalorian;Série;2019;3;24;Sci-Fi & Fantasy Action & Adventure Drama;Jon Favreau;8.424;14+;
Disney+;Primal Survivor: Escape the Amazon;Série;2022;1;5;Reality Documentary;;2.0;14+;45
Disney+;National Treasure: Edge of History;Série;2022;1;10;Action & Adventure;Marianne Wibberley;6.9;14+;43
Disney+;King Fishers;Série;2013;1;10;Documentary Reality;;0.0;Livre;46
Disney+;Drain the Oceans;Série;2018;6;55;Documentary;;7.4;10+;47
Disney+;Vince's Places;Série;2022;1;10;Documentary;;0.0;Livre;
Disney+;Last of the Giants;Série;2021;4;32;Reality Documentary;;9.5;Livre;45
Disney+;In the Arena: Serena Williams;Série;2024;1;8;Documentary;;4.5;Livre;
Disney+;Secrets of the Zoo;Série;2018;5;44;Reality Family Documentary;;8.0;10+;45
Disney+;Rolie Polie Olie;Série;1998;6;79;Kids Animation;William Joyce;6.6;TV-Y;22
Disney+;What Sam Sees;Série;2018;1;13;Documentary Kids;;2.0;Livre;
Disney+;Doogie Howser M.D.;Série;1989;4;97;Drama Comedy;David E. Kelley;6.6;Livre;24
Disney+;Lost Treasures of Rome;Série;2022;2;12;Documentary;Julian Barratt;6.0;Livre;44
Disney+;Life Below Zero;Série;2013;23;251;Reality Documentary;;7.5;14+;60
Disney+;Die Ozeane - Geheimnisse der Weltmeere;Série;2010;1;4;Documentary;;4.0;Livre;44
Disney+;Take Two with Phineas and Ferb;Série;2010;3;32;Talk Kids Animation;Jeff 'Swampy' Marsh;7.5;Livre;2
Disney+;OceanXplorers;Série;2024;1;6;Documentary;Brian Catalina;7.9;Livre;
Disney+;Soy Luna;Série;2016;3;220;Soap Kids Family Comedy;Jorge Edelstein;7.956;Livre;45
Disney+;Dr. K's Exotic Animal ER;Série;2014;9;84;Documentary Reality;;3.0;10+;44
Disney+;P.K.'s Places;Série;2023;1;10;;;0.0;Livre;
Disney+;Soundtrack #2;Série;2023;1;6;Drama;Jung Hye-seung;4.5;10+;
Disney+;Liv and Maddie;Série;2013;4;80;Comedy Family Drama;John D. Beck;8.071;Livre;24
Disney+;Primal Survivor: Over the Andes;Série;2022;1;6;Documentary Reality;;2.0;14+;44
Disney+;Secrets of the Zoo: Tampa;Série;2020;4;37;Documentary;;9.5;10+;45
Disney+;Shark Attack 360;Série;2024;1;8;Documentary;;0.0;14+;
Disney+;Isabel Preysler: My Christmas;Série;2023;1;2;Reality Documentary Family;;7.7;10+;
Disney+;Schoolhouse Rock!;Série;1973;7;65;Animation;;7.5;Livre;3
Disney+;WWE Rivals;Série;2022;5;40;Documentary Talk;Vince McMahon;7.3;Livre;43
Disney+;Marvel's Hulk and the Agents of S.M.A.S.H.;Série;2013;2;52;Action & Adventure Animation Sci-Fi & Fantasy;;6.0;TV-Y7;25
Disney+;To Catch a Smuggler: Tropical Takedown;Série;2024;1;10;Documentary Reality;;0.0;Livre;
Disney+;Zombie House Flipping;Série;2016;7;110;Reality;;6.5;Livre;43
Disney+;ZOMBIES: The Re-Animated Series Shorts;Série;2023;1;9;Comedy Animation Kids Sci-Fi & Fantasy;;0.0;Livre;
Disney+;Big Bet;Série;2022;2;16;Drama Action & Adventure Crime;Kang Yun-sung;5.8;16+;55
Disney+;Selenkay;Série;2024;2;16;Drama Sci-Fi & Fantasy Mystery;;7.7;10+;
Disney+;Mother Undercover;Série;2023;1;4;Documentary Crime;;7.0;14+;52
Disney+;Cheers to Europe;Série;2019;1;6;Documentary;;0.0;Livre;
Disney+;The Montaners;Série;2022;2;16;Reality;Lex Borrero;7.8;Livre;42
Disney+;The Emperor's New School;Série;2006;2;90;Comedy Kids Animation Sci-Fi & Fantasy;Mark Dindal;7.3;Livre;23
Disney+;Awesome Animals;Série;2017;1;10;Kids;;0.0;Livre;
Disney+;Wild Yellowstone;Série;2015;1;2;Documentary;;7.0;Livre;45
Disney+;Recess;Série;1997;6;127;Animation Kids Comedy;Joe Ansolabehere;7.7;TV-Y7;11
Disney+;Kim of Queens;Série;2014;2;22;;;0.0;Livre;
Disney+;Restaurants at the End of the World;Série;2023;1;4;Reality Documentary;;9.3;Livre;
Disney+;World's Deadliest: Jaws & Sins;Série;2013;1;2;Documentary;;0.0;Livre;44
Disney+;Cars on the Road;Série;2022;1;9;Family Comedy Kids Animation;;7.4;Livre;
Disney+;Primal Survivor;Série;2016;9;53;Documentary Drama Reality;;6.8;14+;45
Disney+;Lost Cities Revealed with Albert Lin;Série;2023;1;6;Documentary;;7.4;Livre;45
Disney+;Prince William: We Can End Homelessness;Série;2024;1;2;Documentary;;8.0;Livre;
Disney+;Fantastic Four: World's Greatest Heroes;Série;2006;1;26;Animation Action & Adventure Sci-Fi & Fantasy Kids;Craig Kyle;7.5;TV-Y7;22
Disney+;Scuba Sam's World;Série;2018;1;6;;;0.0;Livre;3
Disney+;Marvel's Spider-Man;Série;2017;3;57;Animation Sci-Fi & Fantasy Comedy Family;;7.5;Livre;21
Disney+;Paranormal State;Série;2007;6;86;Drama Documentary Reality;;7.1;Livre;
Disney+;48 Hours To Buy;Série;2024;2;15;Reality;;0.0;Livre;
Disney+;Morphle and the Magic Pets;Série;2024;1;42;Kids Animation Sci-Fi & Fantasy;Arthur van Merwijk;0.0;TV-Y;
Disney+;Spidey and His Amazing Friends;Série;2021;4;169;Kids Animation Comedy;;7.3;TV-Y7;12
Disney+;Zenimation;Série;2020;2;18;Animation Family Sci-Fi & Fantasy;David Bess;7.4;Livre;7
Disney+;Origins: The Journey of Humankind;Série;2017;1;8;Documentary;Erik Nelson;6.3;14+;50
Disney+;Are You Sure?! Behind;Série;2024;1;3;Documentary Reality;;10.0;Livre;
Disney+;The Book of Boba Fett;Série;2021;1;7;Action & Adventure Sci-Fi & Fantasy;Jon Favreau;7.558;14+;
Disney+;Primal Survivor: Extreme African Safari;Série;2023;1;6;Documentary Reality;;0.0;Livre;44
Disney+;The Sound and the Syllable;Série;2024;1;8;Drama;Miguel Falabella;7.0;10+;
Disney+;Spider-Man;Série;1981;1;26;Animation Kids Action & Adventure Sci-Fi & Fantasy;Steve Ditko;7.3;TV-Y7;23
Disney+;Austin & Ally;Série;2011;4;87;Comedy Kids Drama;Heath Seifert;7.8;Livre;25
Disney+;Riding Britain's Railways;Série;2010;1;3;Documentary;;0.0;Livre;44
Disney+;Secrets of Sulphur Springs;Série;2021;3;27;Family Drama Mystery Sci-Fi & Fantasy;Tracey Thomson;8.207;10+;25
Disney+;Echo;Série;2024;1;5;Drama Crime Action & Adventure;;6.1;16+;
Disney+;Home Improvement;Série;1991;8;203;Comedy;Carmen Finestra;7.403;10+;22
Disney+;Super Robot Monkey Team Hyperforce Go!;Série;2004;4;52;Animation Kids Action & Adventure Family Sci-Fi & Fantasy Comedy;Ciro Nieli;7.2;TV-Y7;30
Disney+;To Catch a Smuggler;Série;2020;8;77;Documentary;;8.2;Livre;44
Disney+;Star Wars: Tales of the Underworld;Série;2025;1;6;Animation Sci-Fi & Fantasy Crime Action & Adventure;Dave Filoni;7.7;10+;
Disney+;Chip 'n' Dale: Park Life;Série;2021;2;30;Animation Kids;;6.3;TV-Y7;
Disney+;LEGO Pixar: BrickToons;Série;2024;1;5;Animation Comedy Family;;6.0;Livre;9
Disney+;Gigantosaurus;Série;2019;3;156;Kids Family Animation;Fernando Worcel;6.9;Livre;12
Disney+;National Geographic Presents: IMPACT with Gal Gadot;Série;2021;1;6;Documentary;;6.0;14+;13
Disney+;Jessie;Série;2011;4;98;Comedy Kids Drama Family;Pamela Eells;8.0;Livre;23
Disney+;Bluey Minisodes;Série;2024;1;18;Animation Family;Joe Brumm;8.3;TV-Y;
Disney+;The Knights of Castelcorvo;Série;2020;1;15;Mystery;;6.5;Livre;25
Disney+;Weekend Family;Série;2022;2;16;Comedy;Baptiste Filleul;5.8;10+;
Disney+;Roll it Back;Série;2019;1;10;Documentary;;10.0;Livre;6
Disney+;Past Lies;Série;2024;1;6;Drama Mystery;José Manuel Lorenzo;6.5;Livre;
Disney+;X-Men;Série;1992;5;76;Kids Sci-Fi & Fantasy Animation Action & Adventure;Eric Lewald;8.171;TV-Y7;21
Disney+;Adventures in Wonderland;Série;1992;1;100;Sci-Fi & Fantasy Family Kids Comedy;Stan Brodsky;7.7;Livre;30
Disney+;The Suite Life on Deck;Série;2008;3;73;Comedy Family Kids;Danny Kallis;7.8;Livre;23
Disney+;Marvel's Jessica Jones;Série;2015;3;39;Sci-Fi & Fantasy Drama;Melissa Rosenberg;7.49;16+;52
Disney+;Secrets of the Octopus;Série;2024;1;3;Documentary;;8.4;10+;42
Disney+;I Didn't Do It;Série;2014;2;39;Comedy Drama;Tod Himmel;7.6;Livre;22
Disney+;Invisible;Série;2024;1;6;Drama;Paco Caballero;8.2;14+;
Disney+;Rennervations;Série;2023;1;4;Documentary Reality;;7.9;10+;
Disney+;Zeke and Luther;Série;2009;3;73;Comedy Kids;Matt Dearborn;7.7;TV-Y7;23
Disney+;Morphle;Série;2023;1;6;;;8.2;Livre;29
Disney+;Hercules;Série;1998;1;65;Comedy Kids Animation Action & Adventure;;6.8;TV-Y;23
Disney+;Monsters at Work;Série;2021;2;20;Family Comedy Animation;Bobs Gannaway;7.2;Livre;
Disney+;World's Deadliest Snakes;Série;2020;1;3;Documentary;Mannix54;8.0;Livre;44
Disney+;Descendants: Wicked World;Série;2015;2;36;Animation Comedy Sci-Fi & Fantasy;;7.9;Livre;2
Disney+;Unlikely Animal Friends;Série;2012;4;29;Documentary;;3.5;Livre;45
Disney+;Zombies: The Re-Animated Series;Série;2024;1;37;Animation Kids Sci-Fi & Fantasy Comedy;;6.0;Livre;25
Disney+;Teacher's Pet;Série;2000;2;47;Animation Comedy Kids;Gary Baseman;6.6;Livre;15
Disney+;The Hatcher Family Dairy;Série;2021;1;8;Reality;;0.0;Livre;44
Disney+;Kiya & the Kimoja Heroes;Série;2023;1;49;Animation Kids;Robert Vargas;6.7;10+;12
Disney+;Earth Moods;Série;2021;1;5;Documentary;;7.8;Livre;31
Disney+;Underworld Inc.;Série;2015;2;16;Documentary Crime;;7.2;Livre;44
Disney+;Howie Mandel's Animals Doing Things;Série;2018;2;19;;;0.0;Livre;
Disney+;Star Wars: Droids;Série;1985;1;13;Kids Animation Action & Adventure Sci-Fi & Fantasy;George Lucas;5.325;TV-Y7;22
Disney+;Lost Treasures of Egypt;Série;2019;5;41;Documentary;;6.8;10+;45
Disney+;Are You Sure?!;Série;2024;1;8;Reality Documentary;;9.111;10+;
Disney+;Star vs. the Forces of Evil;Série;2015;4;140;Action & Adventure Animation Comedy Sci-Fi & Fantasy Family;Daron Nefcy;8.358;TV-Y7;11
Disney+;Lost Treasures of the Maya;Série;2019;1;4;Documentary Mystery;;7.4;10+;43
Disney+;Europe from Above;Série;2019;6;36;Documentary;;7.4;Livre;45
Disney+;America's National Parks;Série;2015;1;8;Documentary;;7.0;10+;43
Disney+;Disney Junior Wonderful World Of Songs;Série;2023;1;10;Animation Kids;;0.0;Livre;
Disney+;Shark with Steve Backshall;Série;2021;1;4;Documentary;;0.0;Livre;51
Disney+;T.O.T.S.;Série;2019;3;150;Kids Family Animation;Travis Braun;6.9;TV-Y;22
Disney+;Parallels;Série;2022;1;6;Action & Adventure Sci-Fi & Fantasy;Quoc Dang Tran;7.7;14+;
Disney+;Wild Cats of India;Série;2020;1;2;Documentary;;7.3;10+;45
Disney+;Aruna's Magic;Série;2023;1;6;Sci-Fi & Fantasy;Maíra Oliveira;7.6;10+;
Disney+;SuperKitties: Su-Purr Adventures (Shorts);Série;2024;1;6;Animation Kids;;0.0;Livre;
Disney+;Kirby Buckets;Série;2014;3;59;Kids Family Action & Adventure Comedy;Gabe Snyder;8.1;TV-Y7;23
Disney+;ZOMBIES: Addison’s Monster Mystery;Série;2021;1;6;Animation;;5.8;Livre;
Disney+;Rachael Ray's Meals in Minutes;Série;2024;1;1;;;0.0;Livre;
Disney+;Growing Up Animal;Série;2021;1;6;Documentary;;7.0;10+;50
Disney+;Disney Family Sundays;Série;2019;1;40;Family Reality Kids;;4.8;Livre;6
Disney+;Marvel's Moon Girl and Devil Dinosaur;Série;2023;2;40;Animation Kids Sci-Fi & Fantasy;;7.9;TV-Y7;23
Disney+;The Incredible Pol Farm;Série;2024;1;14;Reality;;7.0;10+;22
Disney+;National Parks: USA;Série;2024;1;5;Documentary;;10.0;10+;
Disney+;Ancient X-Files;Série;2010;2;31;Documentary;;7.6;10+;45
Disney+;Superstructures: Engineering Marvels;Série;2019;1;7;Documentary;;6.8;Livre;45
Disney+;Running Wild with Bear Grylls: The Challenge;Série;2022;2;14;Reality Action & Adventure;Bear Grylls;6.6;10+;43
Disney+;Olaf Presents;Série;2021;1;5;Animation Family Comedy;Jennifer Newfield;7.2;TV-Y;2
Disney+;Dance Moms;Série;2011;8;232;Reality;;7.1;10+;42
Disney+;Amphibia;Série;2019;3;106;Animation Comedy Kids Action & Adventure Sci-Fi & Fantasy Family;Matt Braly;8.555;TV-Y7;11
Disney+;Psychic Kids;Série;2008;3;21;Reality;;6.6;Livre;60
Disney+;Mickey and the Roadster Racers;Série;2017;3;174;Animation Action & Adventure Kids Comedy;;6.6;TV-Y;22
Disney+;9/11: One Day in America;Série;2021;1;6;Documentary;;8.4;16+;
Disney+;Running Wild with Bear Grylls;Série;2014;6;51;Action & Adventure Reality;Delbert Shoopman;6.8;10+;43
Disney+;Marvel's Agents of S.H.I.E.L.D.;Série;2013;7;136;Drama Sci-Fi & Fantasy Action & Adventure;Jed Whedon;7.474;14+;43
Disney+;Wolverine and the X-Men;Série;2009;1;26;Animation Action & Adventure Drama Sci-Fi & Fantasy;Craig Kyle;7.5;TV-Y7;22
Disney+;Behind the Attraction;Série;2021;2;16;Documentary;Brian Volk-Weiss;7.196;10+;
Disney+;The Food That Built America;Série;2019;6;68;Documentary;;7.759;10+;43
Disney+;Moon Knight;Série;2022;1;6;Sci-Fi & Fantasy Mystery Action & Adventure;Jeremy Slater;7.7;14+;47
Disney+;Goldie & Bear;Série;2015;2;49;Kids Animation Drama;Jorge Aguirre;5.9;Livre;25
Disney+;Once Upon a Time in Wonderland;Série;2013;1;13;Sci-Fi & Fantasy Drama;Edward Kitsis;6.9;10+;45
Disney+;Mickey Mouse: ¡ Vamos de aventura!;Série;;1;1;;;2.0;Livre;
Disney+;Daughters of the Cult;Série;2024;1;5;Documentary;;5.2;Livre;
Disney+;Mighty Med;Série;2013;2;48;Comedy Kids Sci-Fi & Fantasy;Andy Schwartz;7.6;TV-Y7;24
Disney+;Bluey;Série;2018;3;153;Animation Kids Comedy;Joe Brumm;8.602;TV-Y;7
Disney+;Marvel's Daredevil;Série;2015;3;39;Crime Drama Action & Adventure;Drew Goddard;8.2;16+;
Disney+;Muppet Babies;Série;2018;3;141;Animation Comedy Family Kids;;5.0;TV-Y;22
Disney+;Funko Shorts;Série;2016;7;73;;;0.0;Livre;
Disney+;Pop Goes the Vet;Série;2020;1;3;Documentary;;2.0;Livre;44
Disney+;Coop & Cami Ask The World (Shorts);Série;2018;1;7;;;0.0;Livre;
Disney+;Agatha All Along;Série;2024;1;9;Sci-Fi & Fantasy Mystery;Jac Schaeffer;7.6;14+;
Disney+;The Great Christmas Light Fight;Série;2013;12;73;Reality;;9.3;10+;41
Disney+;The Three Detectives;Série;2023;1;10;Mystery Family Action & Adventure;Sina Flammang;7.4;10+;
Disney+;Wild Russia;Série;2008;2;10;Documentary;;8.1;Livre;47
Disney+;Destruction Decoded;Série;2023;2;18;Documentary;;10.0;Livre;
Disney+;Crash & Bernstein;Série;2012;2;39;Comedy Kids Family;Eric Friedman;7.8;10+;
Disney+;Beyond Magic with DMC;Série;2014;1;7;Documentary Reality;;4.3;Livre;44
Disney+;Bref;Série;2011;2;88;Comedy Drama;Kyan Khojandi;8.065;Livre;
Disney+;Ewoks;Série;1985;2;35;Kids Animation Sci-Fi & Fantasy Action & Adventure;Paul Dini;5.8;Livre;23
Disney+;Marvel's Inhumans;Série;2017;1;8;Drama Sci-Fi & Fantasy Action & Adventure;Scott Buck;5.9;10+;43
Disney+;Voices Rising: The Music of Wakanda Forever;Série;2023;1;3;Documentary;;5.3;10+;
Disney+;Meet the Chimps;Série;2020;1;6;Documentary;;7.5;Livre;40
Disney+;Star Wars: The Bad Batch;Série;2021;3;47;Animation Action & Adventure Sci-Fi & Fantasy;Dave Filoni;8.208;10+;
Disney+;Imagination Movers;Série;2008;3;74;Comedy Family;;6.4;TV-Y;30
Disney+;Bear in the Big Blue House;Série;1997;4;117;Kids;Mitchell Kriegman;7.6;TV-Y;25
Disney+;What If...?;Série;2021;3;26;Animation Action & Adventure Sci-Fi & Fantasy;;8.103;14+;
Disney+;So You're Raising a Warrior;Série;2024;1;1;Comedy Family Animation Action & Adventure;;0.0;Livre;
Disney+;Marvel's The Defenders;Série;2017;1;8;Sci-Fi & Fantasy Action & Adventure Crime;Douglas Petrie;7.1;16+;50
Disney+;Gordon Ramsay: Uncharted Showdown;Série;2022;1;3;Reality;;6.2;Livre;
Disney+;Erased: WW2's Heroes of Color;Série;2024;1;4;Documentary War & Politics;;5.5;Livre;
Disney+;Harlem Ice;Série;2025;1;5;Documentary;;9.5;10+;
Disney+;Doug;Série;1991;7;166;Animation Comedy Kids;Jim Jinkins;7.2;TV-Y7;24
Disney+;Arctic Ascent with Alex Honnold;Série;2024;1;3;Documentary;;6.1;10+;46
Disney+;Ax Men;Série;2008;10;163;Reality;;6.2;14+;60
Disney+;Journey to the Center of the Earth;Série;2023;1;8;Action & Adventure;;7.0;10+;
Disney+;Hannah Montana;Série;2006;4;99;Comedy Kids Family;Barry O'Brien;7.1;Livre;23
Disney+;Atlas Of Cursed Places;Série;2020;1;5;Documentary;Patrick DeLuca;4.2;Livre;45
Disney+;Nemesis;Série;2024;1;8;Drama Crime;Willem Bosch;6.867;16+;
Disney+;Critter Fixers: Country Vets;Série;2020;6;62;Documentary Family Reality;;7.0;14+;44
Disney+;How NOT to Draw;Série;2022;4;20;Reality;;0.0;Livre;
Disney+;Milo Murphy's Law;Série;2016;2;73;Animation Kids Family Comedy;Jeff 'Swampy' Marsh;7.4;TV-Y7;12
Disney+;MPower;Série;2023;1;4;Documentary;;7.1;10+;
Disney+;Tiny House Nation;Série;2014;5;92;Reality;;6.7;10+;42
Disney+;The Wild Life of Dr. Ole;Série;2021;1;8;Documentary;;3.0;10+;44
Disney+;The Incredible Dr. Pol;Série;2011;24;271;Reality Documentary;;8.6;10+;44
Disney+;A.N.T. Farm;Série;2011;3;62;Comedy Drama Family;Dan Signer;7.3;Livre;23
Disney+;Special Agent Oso;Série;2009;2;117;Animation Kids;Ford Riley;7.8;Livre;11
Disney+;Raven's Home;Série;2017;6;122;Family Comedy Drama;Jed Elinoff;7.8;Livre;25
Disney+;Weirdest Bestest Truest;Série;2018;1;34;;;0.0;Livre;
Disney+;Clipped;Série;2024;1;6;Drama;Gina Welch;6.6;16+;
Disney+;Out of the Box;Série;1998;3;79;Kids Family Sci-Fi & Fantasy;Douglas Love;6.6;TV-Y;25
Disney+;LEGO Star Wars : The Resistance Rises;Série;2016;1;5;Animation Sci-Fi & Fantasy Comedy Kids;;6.3;TV-Y7;5
Disney+;Dinosaurs;Série;1991;4;65;Sci-Fi & Fantasy Comedy Family;Michael Jacobs;7.8;Livre;23
Disney+;The Suite Life of Zack & Cody;Série;2005;3;87;Comedy Family Kids;Jim Geoghan;7.633;Livre;23
Disney+;Ed Sheeran: The Sum of It All;Série;2023;1;4;Documentary;;8.5;14+;
Disney+;Star Wars: The Clone Wars;Série;2008;7;133;Action & Adventure Sci-Fi & Fantasy Animation;George Lucas;8.462;10+;25
Disney+;Mickey's Mousekersize;Série;2011;1;10;Kids Animation;;9.3;Livre;3
Disney+;Mickey Mouse Clubhouse;Série;2006;4;123;Kids Family Animation Comedy;;6.8;TV-Y;
Disney+;The Lion Guard;Série;2016;3;75;Kids Animation;Ford Riley;7.6;Livre;23
Disney+;Náhradníci;Série;2024;1;8;Drama Comedy;;6.0;Livre;
Disney+;Most Extreme Sharks;Série;2023;1;4;Documentary;;0.0;10+;
Disney+;RoboGobo;Série;2025;1;48;Animation Action & Adventure Comedy Family Sci-Fi & Fantasy;Chris Gilligan;0.0;TV-Y;11
Disney+;PJ Masks: Power Heroes;Série;2023;1;43;Animation Kids Family;;5.2;Livre;
Disney+;Cidades Perdidas do Antigo Testamento com Albert Lin;Série;2016;1;2;;;2.0;Livre;
Disney+;It Was Always Me;Série;2022;2;18;Drama Mystery;;8.0;10+;40
Disney+;K.C. Undercover;Série;2015;3;75;Kids Comedy Family Drama;Corinne Marshall;7.8;TV-Y7;25
Disney+;TaleSpin;Série;1990;1;65;Family Animation Kids;Jymn Magon;7.345;TV-Y7;30
Disney+;Violetta;Série;2012;3;240;Family Drama Comedy Soap;Víctor Tevah;8.1;Livre;45
Disney+;The Santa Clauses;Série;2022;2;12;Comedy Family;Jack Burditt;7.1;10+;
Disney+;Edge of the Unknown with Jimmy Chin;Série;2022;1;10;Documentary;;6.8;14+;23
Disney+;Goosebumps;Série;2023;1;10;Sci-Fi & Fantasy Action & Adventure Comedy;Nicholas Stoller;7.155;14+;
Disney+;The Book of Once Upon a Time;Série;2015;4;51;;;0.0;Livre;5
Disney+;Outrageous Love With Nene Leakes;Série;2024;1;10;Reality;;0.0;Livre;
Disney+;World's Deadliest (India);Série;2022;1;13;Documentary;;0.0;Livre;
Disney+;Dog: Impossible;Série;2019;2;14;Documentary Reality;;7.7;10+;44
Disney+;Coop & Cami Ask the World;Série;2018;2;49;Family Comedy;Boyce Bugliari;7.857;Livre;30
Disney+;Lab Rats;Série;2012;4;96;Comedy Sci-Fi & Fantasy Kids;Bryan Moore;8.1;TV-Y7;22
Disney+;Europe From Above: Christmas;Série;2023;1;1;Documentary;;0.0;Livre;
Disney+;Wonderboys: The Secret Treasure of Naples;Série;2024;1;6;Drama Family;Andrea De Sica;4.4;Livre;
Disney+;Adam Eats the 80s;Série;2022;1;10;Reality;;7.0;Livre;18
Disney+;Firebuds;Série;2022;2;94;Animation Kids;Craig Gerber;4.2;TV-Y;12
Disney+;Best Job Ever;Série;2018;1;16;Documentary;;0.0;Livre;
Disney+;Timon and Pumbaa;Série;1995;8;169;Animation Comedy Kids Family;;7.243;TV-Y;22
Disney+;Dream Productions;Série;2024;1;4;Animation Comedy Family;Mike Jones;7.9;Livre;
Disney+;American Dragon: Jake Long;Série;2005;2;55;Animation Comedy Action & Adventure Family Kids;Jeff Goode;7.739;Livre;22
Disney+;Tiny House Nation: Back to the Build;Série;2022;1;1;;;0.0;Livre;
Disney+;Inside Pixar;Série;2020;1;20;Documentary;;6.8;Livre;
Disney+;X-Men: Evolution;Série;2000;4;52;Kids Animation Sci-Fi & Fantasy Action & Adventure Drama;Marty Isenberg;7.953;TV-Y7;22
Disney+;Ultimate Survival WWII;Série;2019;1;6;Documentary;;0.0;Livre;
Disney+;Mickey Mouse;Série;2013;5;94;Animation Kids Comedy Drama;Paul Rudish;7.6;Livre;3
Disney+;Marvel's Guardians of the Galaxy;Série;2015;3;77;Action & Adventure Animation;;7.1;TV-Y7;22
Disney+;The Wonderful World of Mickey Mouse;Série;2020;1;20;Animation Family Kids;Darrick Bachman;7.4;Livre;7
Disney+;India from Above;Série;2020;1;2;Documentary;;6.0;10+;44
Disney+;Donna Hay Christmas;Série;2022;1;4;Reality;;2.0;Livre;
Disney+;Dancing with the Stars;Série;2005;34;500;Family Reality;;6.0;10+;90
Disney+;Light Shop;Série;2024;1;8;Mystery Drama;Kang Full;8.4;16+;45
Disney+;History's Greatest of All Time with Peyton Manning;Série;2023;1;8;Documentary;;2.3;10+;40
Disney+;Marvel's Agent Carter;Série;2015;2;18;Drama Sci-Fi & Fantasy;Stephen McFeely;7.533;10+;43
Disney+;Pickle & Peanut;Série;2015;2;82;Comedy Animation;Noah Z. Jones;4.8;Livre;22
Disney+;Lost Treasure Tombs of the Ancient Maya;Série;2021;1;2;Documentary;;0.0;Livre;47
Disney+;Kingdom of the White Wolf;Série;2019;1;3;Documentary;;7.4;10+;
Disney+;Witness to Disaster;Série;2019;1;6;Documentary;;6.0;Livre;45
Disney+;Girl Meets World;Série;2014;3;71;Comedy Family;Michael Jacobs;8.3;Livre;23
Disney+;Stuck in the Middle;Série;2016;3;57;Comedy Family;Alison Brown;7.7;Livre;23
Disney+;Playdate with Winnie the Pooh;Série;2023;2;36;Animation Kids Action & Adventure;;6.8;Livre;
Disney+;X-Ray Earth;Série;2020;1;3;Documentary;;7.2;14+;45
Disney+;The Little Mermaid;Série;1992;3;31;Family Animation Kids Sci-Fi & Fantasy;;7.0;Livre;22
Disney+;Disney Junior Music Nursery Rhymes;Série;2017;2;50;Kids Animation;;7.3;Livre;2
Disney+;Dug Days;Série;2021;1;5;Animation Comedy Family;Bob Peterson;7.4;Livre;
Disney+;Alaska's Deadliest;Série;2018;1;2;Documentary;;0.0;Livre;44
Disney+;Ancient Aliens;Série;2010;21;267;Documentary Mystery Sci-Fi & Fantasy;Kevin Burns;6.9;10+;42
Disney+;Alaska Animal Rescue;Série;2020;2;14;Reality Documentary;;8.0;Livre;45
Disney+;Animal Showdown;Série;2018;1;6;Documentary Family;;0.0;Livre;
Disney+;The Wizard of Paws;Série;2020;7;76;Documentary Reality Family;;0.0;Livre;25
Disney+;Hamster & Gretel;Série;2022;2;98;Animation Comedy Action & Adventure;Dan Povenmire;6.2;TV-Y7;11
Disney+;Just Roll with It;Série;2019;2;43;Family Comedy;;6.5;Livre;
Disney+;Kim Possible;Série;2002;4;86;Animation Action & Adventure Comedy Kids;Mark McCorkle;7.5;TV-Y7;22
Disney+;Pupstruction;Série;2023;2;87;Animation Kids Comedy;Travis Braun;10.0;TV-Y;
Disney+;America's National Parks;Série;2022;3;15;Documentary;;7.5;10+;44
Disney+;Lizzie McGuire;Série;2001;2;65;Comedy Kids Family;Terri Minsky;7.2;Livre;22
Disney+;DuckTales;Série;2017;3;69;Family Comedy Animation;Francisco Angones;7.8;TV-Y7;23
Disney+;Witches: Truth Behind the Trials;Série;2024;1;6;Documentary;;8.0;14+;44
Disney+;Disney Parks Sunrise Series;Série;2020;1;3;;;7.0;Livre;60
Disney+;Disney Presents Goofy in How to Stay at Home;Série;2021;1;3;Animation Comedy;;6.5;Livre;2
Disney+;Wild Crime: Blood Mountain;Série;2023;1;4;Documentary Crime;;8.0;Livre;
Disney+;The Falcon and the Winter Soldier;Série;2021;1;6;Action & Adventure Drama;Malcolm Spellman;7.6;14+;
Disney+;The Imagineering Story;Série;2019;1;6;Documentary;Leslie Iwerks;8.2;10+;60
Disney+;Love Victor;Série;2020;3;28;Comedy Drama;Elizabeth Berger;8.6;14+;
Disney+;black-ish;Série;2014;8;175;Comedy;Kenya Barris;7.2;14+;23
Disney+;So Weird;Série;1999;3;65;Mystery Sci-Fi & Fantasy Kids;Tom J. Astle;6.125;Livre;24
Disney+;The Prison Confessions of Gypsy Rose Blanchard;Série;2024;1;6;Documentary Crime;;7.2;14+;256
Disney+;Heartland Docs DVM;Série;2020;5;53;Documentary Reality Family;;7.2;10+;45
Disney+;Vampirina: Ghoul Girls Rock!;Série;2018;2;15;Animation;;4.0;Livre;4
Disney+;Minnie's Bow-Toons;Série;2011;8;100;Kids Animation Family;;5.5;TV-Y;3
Disney+;Future-Worm!;Série;2016;1;60;Animation;Ryan Quincy;5.0;Livre;7
Disney+;Drain the Oceans: Deep Dive;Série;2019;2;11;Documentary;;6.3;Livre;45
Disney+;Disney Junior Music Lullabies;Série;2019;1;37;Animation Kids;;6.0;Livre;1
Disney+;Rise Up Sing Out;Série;2022;1;8;Animation Kids;;3.5;Livre;2
Disney+;The Incredible Hulk;Série;1996;2;21;Animation Action & Adventure Drama Sci-Fi & Fantasy;;6.2;TV-Y7;22
Disney+;Tsunami: Race Against Time;Série;2024;1;4;Documentary;;8.1;14+;44
Disney+;The Muppets;Série;2015;1;16;Comedy Family;Bob Kushell;7.0;10+;23
Disney+;When Sharks Attack 360;Série;2023;1;6;Documentary Reality;;10.0;14+;
Disney+;The Muppets Mayhem;Série;2023;1;10;Comedy Family;Adam F. Goldberg;6.1;10+;
Disney+;Shared Custody;Série;2025;1;8;Comedy;Juanjo Moscardó Rius;5.4;16+;
Disney+;Secrets of the Zoo: Keeper Tales;Série;2019;1;24;Documentary;;2.0;Livre;22
Disney+;LEGO Star Wars: Droid Tales;Série;2015;1;5;Animation Comedy Family;George Lucas;6.476;TV-Y;
Disney+;I Am Groot;Série;2022;2;10;Animation Comedy Family Sci-Fi & Fantasy Kids;Kirsten Lepore;7.128;Livre;
Disney+;Secrets of the Zoo: North Carolina;Série;2020;1;8;Documentary;;4.0;Livre;45
Disney+;Doc McStuffins;Série;2012;5;242;Animation Kids Family;Chris Nee;6.1;Livre;
Disney+;A Piece of My Mind;Série;2024;1;1;;;0.0;Livre;
Disney+;Party Animals;Série;2016;1;12;Documentary;;0.0;Livre;2
Disney+;Kickin' It;Série;2011;4;85;Family Action & Adventure Comedy;Jim O'Doherty;8.3;TV-Y7;23
Disney+;Supercar Megabuild;Série;2016;2;18;Documentary Reality;;7.3;Livre;45
Disney+;Los Simpsons Deportes;Série;2025;1;1;;;0.0;Livre;
Disney+;Marvel Studios Legends;Série;2021;2;46;Documentary Action & Adventure Sci-Fi & Fantasy;;7.4;14+;8
Disney+;Shake It Up;Série;2010;3;77;Family Kids Comedy Drama;Chris Thompson;7.6;Livre;23
Disney+;The Evermoor Chronicles;Série;2014;2;36;Action & Adventure Family Comedy;;6.5;Livre;23
Disney+;Death in the Dorms;Série;2023;2;12;Documentary Crime;;7.1;16+;56
Disney+;Storage Wars;Série;2010;15;340;Reality;Thom Beers;5.688;10+;25
Disney+;Mickey and Minnie's Christmas Carols;Série;2024;1;5;Animation;;8.5;Livre;
Disney+;WandaVision;Série;2021;1;9;Sci-Fi & Fantasy Mystery Drama;Jac Schaeffer;8.2;14+;
Disney+;BTS Monuments: Beyond the Star;Série;2023;1;8;Documentary;;8.9;16+;
Disney+;My Friends Tigger & Pooh;Série;2007;2;130;Kids Animation Drama Mystery Action & Adventure;;6.8;TV-Y;22
Disney+;Marvel's Ant-Man;Série;2017;1;6;Animation Comedy Action & Adventure;;6.3;Livre;2
Disney+;Dog with a Blog;Série;2012;3;70;Comedy Family Drama;Michael B. Kaplan;7.0;Livre;21
Disney+;Fancy Nancy;Série;2018;3;123;Animation Kids;Anne Smith;6.5;TV-Y;22
Disney+;Pop Goes the Vet with Dr. Joya;Série;2022;1;8;Documentary Reality;;2.0;10+;45
Disney+;Mickey Mouse Mixed-Up Adventures;Série;2019;1;36;Animation Comedy Kids;;6.8;Livre;22
Disney+;Good Luck Charlie;Série;2010;4;99;Comedy Family Kids;Drew Vaupen;7.934;Livre;23
Disney+;Star Wars Vehicle Flythroughs;Série;2021;1;2;Sci-Fi & Fantasy;;6.4;Livre;4
Disney+;Pixar in Real Life;Série;2019;1;11;Reality Family Comedy;;6.4;Livre;4
Disney+;Botswana;Série;2017;1;3;Documentary;;0.0;Livre;44
Disney+;Continent 7: Antarctica;Série;2016;1;6;Documentary;;6.6;10+;50
Disney+;World Eats Bread;Série;2024;1;3;Documentary;;0.0;Livre;
Disney+;Miles from Tomorrowland;Série;2015;3;144;Family Animation Action & Adventure Sci-Fi & Fantasy;Sascha Paladino;7.391;TV-Y;11
Disney+;Turning the Tables with Robin Roberts;Série;2021;2;8;Talk;;3.8;Livre;26
Disney+;Port Protection Alaska;Série;2015;7;80;Reality Drama;;7.1;10+;60
Disney+;High School Musical: The Musical: The Series: The Sing-Along;Série;2019;1;10;Comedy Drama Family;;8.4;10+;30
Disney+;A Real Bug's Life;Série;2024;2;10;Documentary;;7.4;10+;
Disney+;Tut's Treasures: Hidden Secrets;Série;2018;1;3;Documentary;Michael Douglas;6.882;Livre;
Disney+;Fish Hooks;Série;2010;3;109;Animation Comedy Kids;Noah Z. Jones;6.5;Livre;15
Disney+;The New Adventures of Winnie the Pooh;Série;1988;4;82;Family Animation Comedy Kids;;7.7;TV-Y;23
Disney+;Doctor Who;Série;2024;2;16;Action & Adventure Drama Sci-Fi & Fantasy;;6.4;10+;
Disney+;24 Hour Flip;Série;2023;1;9;Reality;;0.0;Livre;
Disney+;Marvel's Avengers;Série;2013;5;126;Action & Adventure Animation Sci-Fi & Fantasy;Joe Casey;7.579;TV-Y7;22
Disney+;One Day at Disney;Série;2019;1;51;Documentary;;6.9;Livre;6
Disney+;Destination World;Série;2018;1;7;Documentary;;0.0;Livre;3
Disney+;Fearless Adventures with Jack Randall;Série;2018;1;6;Documentary;;0.0;Livre;4
Disney+;Sam's Zookeeper Challenge;Série;2018;1;8;;;0.0;Livre;3
Disney+;Miraculous: Tales of Ladybug & Cat Noir;Série;2015;6;155;Action & Adventure Animation Kids;Thomas Astruc;8.044;TV-Y7;
Disney+;Breakthrough;Série;2015;2;12;Documentary;Ron Howard;5.9;10+;47
Disney+;The Fury Files;Série;2017;2;34;Animation Action & Adventure Sci-Fi & Fantasy Kids;;5.5;TV-Y7;3
Disney+;The Greeks;Série;2016;1;3;Documentary;Chad Cohen;7.2;Livre;45
Disney+;LEGO Star Wars: All-Stars;Série;2018;1;9;Animation;Bill Motz;6.2;Livre;23
Disney+;Lost Treasures Of The Bible;Série;2024;1;6;Documentary;;6.9;Livre;
Disney+;Fast Layne;Série;2019;1;8;Comedy Family Action & Adventure;Travis Braun;7.0;Livre;30
Disney+;Animals Up Close with Bertie Gregory;Série;2023;1;6;Documentary;;8.3;10+;40
Disney+;None of the Above;Série;2013;2;32;Reality;;8.0;10+;30
Disney+;Alex & Co.;Série;2015;3;51;Comedy;Marina Efron;8.0;Livre;
Disney+;Vampirina;Série;;1;1;Sci-Fi & Fantasy Comedy;;0.0;Livre;
Disney+;Shipwreck Hunters Australia;Série;2022;1;6;Documentary;;6.0;10+;
Disney+;The Villains of Valley View;Série;2022;2;38;Comedy Family;Bryan Moore;7.2;TV-Y7;
Disney+;The Adventures of Spin and Marty;Série;1955;1;26;Western;;5.7;Livre;30
Disney+;To Catch a Smuggler: Mediterranean;Série;2023;2;1;Documentary Crime;;0.0;Livre;
Disney+;Hotel Inhumans;Série;2025;1;1;Animation Drama Action & Adventure;;0.0;Livre;
Disney+;The Best Heart Attack of My Life;Série;2025;1;6;Drama Comedy;Pablo E. Bossi;7.7;16+;
Disney+;Wizards Beyond Waverly Place;Série;2024;1;21;Comedy Sci-Fi & Fantasy Family;Todd J. Greenwald;9.0;Livre;
Disney+;Ahsoka;Série;2023;1;8;Sci-Fi & Fantasy Action & Adventure Drama;Dave Filoni;7.525;14+;
Disney+;Mickey Go Local;Série;2019;1;6;Comedy Kids Animation;;6.0;Livre;3
Disney+;DuckTales;Série;1987;4;101;Animation Mystery Sci-Fi & Fantasy Comedy Kids;Jymn Magon;7.638;TV-Y7;
Disney+;Ice Age: Scrat Tales;Série;2022;1;6;Animation Family Comedy Kids;;7.35;10+;4
Disney+;Morphle;Série;2019;8;89;Animation Kids;;6.0;TV-Y;43
Disney+;Animal ER;Série;2016;2;14;Reality Documentary;;8.2;14+;40
Disney+;The Secret of Skinwalker Ranch;Série;2020;6;62;Reality Documentary;Kevin Burns;7.9;10+;42
Disney+;When Sharks Attack... and Why;Série;2023;1;8;Documentary;;10.0;14+;
Disney+;Spider-Man;Série;1994;5;65;Animation Action & Adventure;John Semper Jr.;8.287;TV-Y7;22
Disney+;L-Pop;Série;2023;1;6;Comedy Drama;;8.0;10+;
Disney+;Genghis Khan: The Secret History of the Mongols;Série;2025;1;6;Documentary;;7.5;Livre;60
Disney+;The Replacements;Série;2006;2;75;Animation Kids Sci-Fi & Fantasy Family Comedy;Dan Santat;6.4;Livre;
Disney+;JONAS L.A.;Série;2009;2;34;Family Comedy Kids;Michael Curtis;7.5;Livre;23
Disney+;Kizazi Moto: Generation Fire;Série;2023;1;10;Animation Action & Adventure Sci-Fi & Fantasy;;6.3;10+;
Disney+;Modern Marvels;Série;1993;23;705;Documentary;Bruce Nash;8.0;10+;44
Disney+;Secrets of the Elephants;Série;2023;1;4;Documentary;Josh Helliker;8.1;Livre;
Disney+;Mars;Série;2016;2;12;Documentary Sci-Fi & Fantasy Action & Adventure;Ron Howard;7.0;10+;50
Disney+;World's Deadliest;Série;2010;3;14;Documentary;;0.0;14+;44
Disney+;Silver Surfer;Série;1998;1;13;Animation Action & Adventure Sci-Fi & Fantasy Kids;Larry Brody;7.2;TV-Y7;
Disney+;Muppet Babies: Show and Tell;Série;2018;1;10;Kids;;6.0;Livre;
Disney+;My Best Friend's An Animal;Série;2024;1;6;Documentary;;10.0;Livre;
Disney+;Science of Stupid;Série;2014;8;158;Documentary Reality;;2.0;Livre;
Disney+;Primal Survivor: Mighty Mekong;Série;2022;1;6;Reality Documentary;;2.0;Livre;45
Disney+;Star Wars: Forces of Destiny;Série;2017;2;32;Animation Sci-Fi & Fantasy Action & Adventure Family;Dave Filoni;5.1;TV-Y7;4
Disney+;Life After People: The Series;Série;2009;2;20;Documentary;David De Vries;7.2;Livre;60
Disney+;Criss Angel Mindfreak;Série;2005;7;96;Comedy Drama Reality;Criss Angel;5.543;Livre;22
Disney+;The Rocketeer;Série;2019;1;43;Animation Comedy Action & Adventure Family Kids;Dave Stevens;9.0;TV-Y;24
Disney+;Marvel Battleworld: Mystery of the Thanostones;Série;2020;1;6;Animation Action & Adventure;;6.286;Livre;4
Disney+;Generation X;Série;2016;1;6;Documentary;;8.0;14+;44
Disney+;Star Wars: Visions;Série;2021;3;27;Animation Sci-Fi & Fantasy Action & Adventure;;7.2;10+;
Disney+;Spaced Out;Série;2018;1;5;Documentary;;0.0;Livre;
Disney+;C.H.U.E.C.O;Série;2023;2;25;Comedy;;7.5;10+;
Disney+;Walt Disney Animation Studios: Short Circuit Experimental Films;Série;2020;2;20;Animation Family;;7.5;10+;
Disney+;Andor;Série;2022;2;24;Sci-Fi & Fantasy Action & Adventure Drama;Tony Gilroy;8.258;14+;
Disney+;Rocky Mountain Animal Rescue;Série;2018;1;6;Documentary;;2.0;10+;
Disney+;Life Below Zero: Northern Territories;Série;2020;2;17;Reality Documentary Action & Adventure;;9.5;Livre;45
Disney+;Puppy Dog Pals;Série;2017;5;232;Animation Kids Family Comedy Drama;Harland Williams;5.9;TV-Y;12
Disney+;Secrets of the Zoo: The Wild Side;Série;2019;1;3;Documentary Reality;;2.0;10+;44
Disney+;Fur Babies;Série;2023;1;4;Documentary Reality;;0.0;Livre;
Disney+;Abby's Ultimate Dance Competition;Série;2012;2;22;Reality;;7.8;Livre;
Disney+;Mickey Mouse Funhouse;Série;2021;3;129;Kids Animation;;7.7;TV-Y;22
Disney+;Best Of Enemies;Série;;1;7;;;8.3;Livre;30
Disney+;Star Wars: Skeleton Crew;Série;2024;1;8;Action & Adventure Sci-Fi & Fantasy Family;Jon Watts;6.97;10+;
Disney+;Something Bit Me!;Série;2022;1;12;Documentary;;8.3;14+;45
Disney+;Find My Country House;Série;2024;2;10;;;0.0;Livre;
Disney+;Bear Grylls Wild Adventure;Série;2021;1;2;Reality;;6.3;Livre;
Disney+;ZOMBIES: Addison's Moonstone Mystery;Série;2020;1;8;Animation Mystery Sci-Fi & Fantasy;;7.2;Livre;3
Disney+;Ayla and The Mirrors;Série;2024;1;30;Drama Comedy;Ada Hernández;7.5;10+;
Disney+;Vampirina;Série;2017;3;147;Animation Kids Comedy;Chris Nee;6.2;TV-Y;24
Disney+;Goof Troop;Série;1992;2;78;Comedy Kids Animation;Karen Peterson;6.486;TV-Y7;23
Disney+;Once;Série;2017;4;220;Comedy Family;Jorge Edelstein;8.6;Livre;
Disney+;Andi Mack;Série;2017;3;57;Comedy Family Drama;Terri Minsky;8.1;Livre;23
Disney+;Higglytown Heroes;Série;2004;3;57;Kids Family;Kent Redeker;7.1;TV-Y;30
Disney+;Out There with Jack Randall;Série;2019;1;6;Documentary;;6.3;14+;60
Disney+;Best Friends Whenever;Série;2015;2;32;Comedy Family Sci-Fi & Fantasy;Jed Elinoff;8.0;Livre;23
Disney+;Africa's Deadliest;Série;2011;8;31;Documentary;;7.0;10+;50
Disney+;A Thousand Blows;Série;2025;1;6;Drama;Steven Knight;6.6;16+;
Disney+;Phineas and Ferb;Série;2007;5;242;Animation Comedy Family Sci-Fi & Fantasy;Dan Povenmire;7.9;Livre;12
Disney+;Handy Manny;Série;2006;3;208;Animation Comedy Kids Family;Roger Bollen;6.6;TV-Y;12
Disney+;First Class Chefs: Family Style;Série;2016;1;10;Reality;;0.0;Livre;12
Disney+;Your Friendly Neighborhood Spider-Man;Série;2025;1;10;Animation Action & Adventure Sci-Fi & Fantasy Comedy;;7.815;10+;
Disney+;Betrayal;Série;2023;2;6;Documentary Crime;;6.0;Livre;42
Disney+;Lost Cities with Albert Lin;Série;2019;2;10;Documentary;;6.818;10+;43
Disney+;Mexico Untamed;Série;2018;1;3;Documentary;Craig Meade;9.0;Livre;44
Disney+;Baymax!;Série;2022;1;6;Animation Family;;7.6;10+;12
Disney+;Nine Puzzles;Série;2025;1;11;Crime Mystery Drama;Yoon Jong-bin;7.5;16+;
Disney+;Kingdom of the Polar Bears;Série;2021;1;2;Documentary;Patrice Lorton;7.5;Livre;44
Disney+;The Owl House;Série;2020;3;43;Animation Sci-Fi & Fantasy Drama Action & Adventure Comedy Kids;Dana Terrace;8.659;TV-Y7;22
Disney+;Delicacies Destiny;Série;2022;1;16;Drama;Yang Le;7.2;14+;45
Disney+;The Stanford Prison Experiment: Unlocking the Truth;Série;2024;1;3;Documentary;;6.0;14+;
Disney+;Wild Hawaii;Série;2014;1;2;Documentary;;6.8;10+;45
Disney+;Bonkers;Série;1993;1;65;Animation Comedy Kids;;6.5;TV-Y;30
Disney+;The Mickey Mouse Club;Série;1955;1;103;Kids;Bill Walsh;6.344;Livre;30
Disney+;This Is Not Hollywood;Série;2024;1;4;Crime Drama;Pippo Mezzapesa;6.7;Livre;
Disney+;Spider-Woman;Série;1979;1;16;Animation Kids;Stan Lee;7.7;TV-Y;20
Disney+;Life Below Zero: Next Generation;Série;2020;7;77;Reality Documentary;;8.8;14+;
Disney+;Renegade Nell;Série;2024;1;8;Action & Adventure Sci-Fi & Fantasy;Sally Wainwright;7.3;14+;
Disney+;Ariel: Mermaid Tales;Série;2024;1;10;Kids Animation;;0.0;Livre;
Disney+;The Secret Score;Série;2024;1;8;Action & Adventure Mystery;;7.2;10+;
Disney+;Sketchbook;Série;2022;1;6;Documentary;;7.0;10+;22
Disney+;Welcome to Earth;Série;2023;1;26;Animation Kids;;2.0;Livre;
Disney+;Alias;Série;2001;5;105;Action & Adventure Drama;J.J. Abrams;6.756;14+;
Disney+;Apollo: Back to the Moon;Série;2019;1;2;Documentary;;6.833;Livre;44
Disney+;Malcolm in the Middle;Série;2000;7;151;Comedy;Linwood Boomer;8.475;10+;22
Disney+;Broken Karaoke;Série;2019;3;18;Animation Comedy;;7.0;Livre;
Disney+;Chibiverse;Série;2022;3;19;Comedy Animation;Gino Guzzardo;6.6;TV-Y7;22
Disney+;Wild Chile: Un viaje salvaje;Série;2017;1;8;Documentary;;0.0;Livre;52
Disney+;A Fan Celebration of Moana;Série;2024;1;10;Reality;;8.0;Livre;
Disney+;Disney's Adventures of the Gummi Bears;Série;1985;6;95;Animation Family Kids;Jymn Magon;7.432;TV-Y7;11
Disney+;Our Only Chance;Série;2022;1;5;Drama;Anaïs Schaaff;6.4;16+;45
Disney+;Hawkeye;Série;2021;1;6;Drama Comedy Action & Adventure;Jonathan Igla;7.839;14+;
Disney+;Disney Insider;Série;2020;1;14;Documentary;;7.0;10+;20
Disney+;Made in A Day;Série;2020;1;12;Documentary;;7.3;Livre;
Disney+;Cheerleader Generation;Série;2019;1;10;Reality;;9.8;10+;43
Disney+;One Strange Rock;Série;2018;1;10;Documentary;;7.7;Livre;47
Disney+;Marvel Super Hero Adventures;Série;2017;4;40;Animation;;6.3;Livre;
Disney+;Lilo & Stitch: The Series;Série;2003;2;67;Animation Family Comedy Action & Adventure Sci-Fi & Fantasy Kids;Chris Sanders;7.404;Livre;26
Disney+;Apollo: Missions to the Moon;Série;2020;1;1;Documentary;;0.0;Livre;
Disney+;Star Wars Blips;Série;2017;1;8;Animation Comedy Sci-Fi & Fantasy;;5.4;Livre;1
Disney+;Car S.O.S.;Série;2013;13;131;Reality;;7.2;10+;45
Disney+;BIA;Série;2019;2;120;Drama Comedy Soap Family;Carmen López Areal;7.8;Livre;
Disney+;Quack Pack;Série;1996;1;39;Animation Kids Family Comedy;Jim Peterson;6.7;TV-Y7;
Disney+;Malawi Wildlife Rescue;Série;2019;2;2;;;0.0;Livre;
Disney+;Wild Nordic;Série;2019;1;5;Documentary;;6.2;10+;45
Disney+;The Avengers: United They Stand;Série;1999;1;13;Animation Action & Adventure Sci-Fi & Fantasy;Stan Lee;6.0;TV-Y7;22
Disney+;Savage Kingdom;Série;2016;4;19;Documentary;;7.8;14+;50
Disney+;Clutch: The NBA Playoffs;Série;2024;1;8;Documentary;;0.0;10+;
Disney+;Secrets of the Whales;Série;2021;1;4;Documentary;Brian Armstrong;7.7;10+;45
Disney+;The Acolyte;Série;2024;1;8;Mystery Sci-Fi & Fantasy;Leslye Headland;5.6;14+;
Disney+;Star Wars Galaxy of Sounds;Série;2021;1;7;Sci-Fi & Fantasy;;6.1;10+;8
Disney+;Mila in the Multiverse;Série;2023;1;8;Sci-Fi & Fantasy Action & Adventure;;6.8;Livre;
Disney+;Marvel's Iron Fist;Série;2017;2;23;Action & Adventure Drama Sci-Fi & Fantasy Crime;Scott Buck;6.5;16+;55
Disney+;LEGO Star Wars: Rebuild the Galaxy;Série;2024;1;4;Sci-Fi & Fantasy Comedy Action & Adventure Animation Family;Dan Hernandez;7.0;TV-Y7;104
Disney+;Glee;Série;;1;1;;;0.0;Livre;
Disney+;Dance Moms: Miami;Série;2012;1;8;Reality;;6.8;Livre;42
Disney+;Music in Joy;Série;2024;1;3;Reality;;0.0;Livre;
Disney+;Wild Chile;Série;2018;1;3;Documentary;;7.8;10+;135
Disney+;Fancy Nancy: Fancy It Yourself;Série;2019;2;20;Animation Kids;;6.0;Livre;3
Disney+;Jungle Animal Rescue;Série;2020;1;6;Documentary;;6.0;Livre;45
Disney+;Science of Stupid;Série;2014;9;172;Documentary Reality Comedy;Richard Hammond;6.1;14+;30
Disney+;Once Upon a Time;Série;2011;7;156;Drama Sci-Fi & Fantasy;Edward Kitsis;7.374;10+;43
Disney+;Sheriff Callie's Wild West;Série;2013;2;90;Animation Western;George Evelyn;5.7;TV-Y;25
Disney+;Eureka!;Série;2022;1;60;Animation Kids Comedy;;5.6;TV-Y;15
Disney+;Marvel's Luke Cage;Série;2016;2;26;Drama Sci-Fi & Fantasy Action & Adventure Crime;Cheo Hodari Coker;6.9;16+;46
Disney+;Baymax Dreams;Série;2018;2;6;;;0.0;Livre;
Disney+;Marvel's Ultimate Spider-Man;Série;2012;4;103;Kids Action & Adventure Animation Comedy Family;;7.676;TV-Y7;21
Disney+;Randy Cunningham: 9th Grade Ninja;Série;2012;2;100;Action & Adventure Animation Comedy Sci-Fi & Fantasy;Scott Thomas;8.28;TV-Y7;11
Disney+;Gargoyles;Série;1994;3;78;Animation Sci-Fi & Fantasy Action & Adventure;;8.1;TV-Y7;22
Disney+;Sofia the First;Série;2013;4;113;Family Animation Kids;Craig Gerber;7.2;TV-Y;23
Disney+;So Random!;Série;2011;1;26;Comedy Family;Steve Marmel;7.0;Livre;23
Disney+;布鲁伊;Série;;1;1;;;0.0;Livre;
Disney+;Disney Gallery / Star Wars: The Mandalorian;Série;2020;3;11;Documentary;;7.5;10+;
Disney+;Alaska's Grizzly Gauntlet;Série;2018;1;5;Documentary;;0.0;10+;45
Disney+;She-Hulk: Attorney at Law;Série;2022;1;9;Comedy Sci-Fi & Fantasy;Jessica Gao;6.2;14+;
Disney+;Buried Secrets of The Bible With Albert Lin;Série;2019;1;2;Documentary;Nigel Walk;7.778;Livre;45
Disney+;Star Wars: Tales of the Empire;Série;2024;1;6;Animation Sci-Fi & Fantasy Action & Adventure;Dave Filoni;7.5;10+;
Disney+;Ice Road Rescue;Série;2015;9;77;Documentary Reality Drama;Mads Iversen;7.7;14+;45
Disney+;Fiennes: Return to the Wild;Série;2024;1;2;Documentary;;0.0;Livre;44
Disney+;Dr. T Lone Star Vet;Série;2019;1;8;Reality;;2.0;Livre;45
Disney+;8 Simple Rules;Série;2002;3;74;Comedy Drama;Tracy Gamble;6.8;10+;
Disney+;Gabby Duran and the Unsittables;Série;2019;2;40;Comedy Sci-Fi & Fantasy Family;;7.7;TV-Y7;25
Disney+;Life Below Zero: First Alaskans;Série;2022;3;42;Reality;;6.2;14+;
Disney+;Theme Song Takeover;Série;2019;3;26;Kids Animation;;7.5;14+;
Disney+;Incredible Animal Journeys;Série;2023;1;7;Documentary;Sarah Gibbs;9.2;10+;
Disney+;Gargoyles;Série;;1;1;Action & Adventure Sci-Fi & Fantasy Mystery;;0.0;Livre;
Disney+;Marvel's Future Avengers;Série;2017;2;39;Animation Action & Adventure Sci-Fi & Fantasy;;6.5;10+;24
Disney+;Save Our Squad with David Beckham;Série;2022;1;4;Documentary Reality;;6.9;14+;
Disney+;Billy Dilley’s Super-Duper Subterranean Summer;Série;2017;1;25;Animation Comedy Kids;Aaron Springer;5.3;Livre;
Disney+;Into the Unknown: Making Frozen II;Série;2020;1;6;Documentary;;6.9;10+;33
Disney+;Wander Over Yonder;Série;2013;2;79;Animation Family Comedy Sci-Fi & Fantasy;Craig McCracken;7.4;TV-Y7;11
Disney+;Mighty Ducks: The Animated Series;Série;1996;1;26;Kids Animation Action & Adventure;Marty Isenberg;5.6;Livre;30
Disney+;TrueSouth;Série;2018;7;34;Reality;;0.0;Livre;
Disney+;Secrets of the Zoo: Down Under;Série;2020;5;68;Documentary;;7.6;Livre;45
Disney+;Forged in Fire;Série;2015;11;261;Reality;;7.8;10+;42
Disney+;Bring It!;Série;2014;6;122;Reality;;8.7;10+;45
Disney+;The Food That Built America Snack Sized;Série;2021;1;14;Documentary;;7.0;Livre;23
Disney+;The Super Hero Squad Show;Série;2009;2;52;Action & Adventure Animation Comedy;Stan Lee;7.5;Livre;22
Disney+;Pepper Ann;Série;1997;5;113;Animation Comedy Family Kids;Sue Rose;6.4;TV-Y;
Disney+;Zootopia+;Série;2022;1;6;Animation Family Action & Adventure;;7.2;10+;
Disney+;Marvel's Ultimate Comics;Série;2016;1;4;Animation;;6.4;Livre;4
Disney+;Me Hereafter;Série;2024;1;4;Documentary Crime;;7.7;Livre;
Disney+;LIGHT & MAGIC;Série;2022;2;9;Documentary;;7.8;14+;
Disney+;In the Womb: Animal Babies;Série;2022;1;2;Documentary;;0.0;10+;44
Disney+;Iron Man: Armored Adventures;Série;2009;2;52;Animation Action & Adventure Sci-Fi & Fantasy Family;Christopher L. Yost;7.3;TV-Y7;22
Disney+;Eye Wonder;Série;2021;1;13;Reality;;2.0;Livre;11
Disney+;Soundtrack #1;Série;2022;1;4;Drama;Kim Hee-won;7.558;Livre;44
Disney+;Photographer;Série;2024;1;6;Documentary;;10.0;Livre;
Disney+;When Sharks Attack;Série;2013;8;43;Documentary;;10.0;Livre;
Disney+;The Avengers: Earth's Mightiest Heroes;Série;2010;2;52;Action & Adventure Animation Sci-Fi & Fantasy Family;Joshua Fine;8.187;TV-Y7;22
Disney+;Prairie Dog Manor;Série;2019;1;12;Documentary Reality;;7.2;10+;22
Disney+;Pair of Kings;Série;2010;3;69;Family Action & Adventure Comedy Sci-Fi & Fantasy;Dan Cross;8.0;TV-Y7;30
Disney+;Doogie Kamealoha M.D.;Série;2021;2;20;Drama Family Comedy;Kourtney Kang;7.7;10+;
Disney+;Becoming;Série;2020;1;10;Documentary;;6.8;14+;25
Disney+;Chibi Tiny Tales;Série;2020;5;71;Animation;;3.5;TV-Y7;2
Disney+;Between Walls;Série;2025;1;10;Comedy;Ariana Saiegh;6.9;16+;
Disney+;American Born Chinese;Série;2023;1;8;Comedy Sci-Fi & Fantasy Action & Adventure;Kelvin Yu;6.6;10+;
Disney+;Dino Ranch;Série;2021;3;156;Animation Action & Adventure Comedy Family;;7.4;Livre;
Disney+;Inside the Enchanted Forests;Série;2024;1;6;Documentary;;10.0;Livre;
Disney+;Kick Buttowski: Suburban Daredevil;Série;2010;2;103;Animation Action & Adventure Comedy Kids;Sandro Corsaro;8.12;TV-Y7;22
