Netflix;The Blues Brothers;Filme;1980;NULL;NULL;Music Comedy Action Crime;Universal Pictures;7.724;16+;133
Netflix;Extinction;Filme;2018;NULL;NULL;Action Drama Science Fiction Thriller;Good Universe;6.0;16+;96
Netflix;The Mother;Filme;2023;NULL;NULL;Action Thriller;Vertigo Entertainment;6.6;16+;115
Netflix;Freaks;Filme;2019;NULL;NULL;Science Fiction;Amazing Incorporated;6.752;16+;105
Netflix;The Out-Laws;Filme;2023;NULL;NULL;Romance Action Comedy;Happy Madison Productions;6.026;16+;95
Netflix;Trouble;Filme;2024;NULL;NULL;Action Comedy Crime;FLX;6.7;16+;98
Netflix;Twilight;Filme;2008;NULL;NULL;Fantasy Drama Romance;Summit Entertainment;6.3;12+;122
Netflix;The Year I Started Masturbating;Filme;2022;NULL;NULL;Comedy Drama Romance;Gimme a Break;5.857;Livre;98
Netflix;A Fall from Grace;Filme;2020;NULL;NULL;Drama Thriller Mystery;Tyler Perry Studios;7.0;Livre;120
Netflix;The Menendez Brothers;Filme;2024;NULL;NULL;Documentary;Campfire Studios;7.5;16+;116
Netflix;One Piece Film: Strong World;Filme;2009;NULL;NULL;Animation Fantasy Adventure;Toei Animation;7.4;12+;114
Netflix;The Magician's Elephant;Filme;2023;NULL;NULL;Animation Adventure Family Fantasy Comedy;Animal Logic;6.911;10+;99
Netflix;Velvet Buzzsaw;Filme;2019;NULL;NULL;Thriller Mystery Horror;Jennifer Fox Productions;5.4;16+;113
Netflix;The Killer;Filme;2023;NULL;NULL;Crime Thriller;Netflix;6.573;16+;118
Netflix;22 July;Filme;2018;NULL;NULL;Crime Drama History Thriller;Scott Rudin Productions;7.1;16+;143
Netflix;Charlie Wilson's War;Filme;2007;NULL;NULL;Comedy Drama History;Universal Pictures;6.5;16+;102
Netflix;Sister Death;Filme;2023;NULL;NULL;Drama Horror;El Estudio;5.9;16+;91
Netflix;On the Line;Filme;2022;NULL;NULL;Thriller Drama;CaliWood Pictures;6.1;16+;104
Netflix;Azaad;Filme;2025;NULL;NULL;Drama Action;RSVP Movies;6.0;12+;147
Netflix;Gold;Filme;2016;NULL;NULL;Adventure Drama Thriller;Living Films;6.6;16+;120
Netflix;S.W.A.T.: Under Siege;Filme;2017;NULL;NULL;Action Crime Thriller;Original Film;5.853;16+;89
Netflix;Uncle Drew;Filme;2018;NULL;NULL;Comedy;Lionsgate;6.7;12+;103
Netflix;Yeh Jawaani Hai Deewani;Filme;2013;NULL;NULL;Romance Comedy;Dharma Productions;7.3;Livre;160
Netflix;80 for Brady;Filme;2023;NULL;NULL;Comedy Drama Horror;199 Productions;6.3;12+;98
Netflix;You People;Filme;2023;NULL;NULL;Romance Comedy;Khalabo Ink Society;5.636;16+;117
Netflix;The Forge;Filme;2024;NULL;NULL;Drama Family;Affirm Films;8.3;10+;123
Netflix;American Sniper;Filme;2014;NULL;NULL;War Action;Warner Bros. Pictures;7.42;16+;133
Netflix;May December;Filme;2023;NULL;NULL;Drama;Gloria Sanchez Productions;6.585;16+;117
Netflix;Incoming;Filme;2024;NULL;NULL;Comedy;Artists Road;6.2;16+;92
Netflix;YES DAY;Filme;2021;NULL;NULL;Family Comedy;Entertainment 360;6.7;10+;86
Netflix;To All the Boys: P.S. I Still Love You;Filme;2020;NULL;NULL;Romance Comedy;Awesomeness Films;6.8;12+;102
Netflix;Mary;Filme;2024;NULL;NULL;Drama History Action;Aloe Entertainment;6.3;12+;110
Netflix;Scream VI;Filme;2023;NULL;NULL;Horror Crime Thriller;Radio Silence;7.0;16+;123
Netflix;Altered Carbon: Resleeved;Filme;2020;NULL;NULL;Animation Science Fiction;ANIMA;6.525;Livre;75
Netflix;Parasite;Filme;2019;NULL;NULL;Comedy Thriller Drama;Barunson E&A;8.499;16+;133
Netflix;Rebel Moon - Part Two: The Scargiver;Filme;2024;NULL;NULL;Science Fiction Action Adventure;The Stone Quarry;6.1;12+;123
Netflix;Night in Paradise;Filme;2020;NULL;NULL;Crime Thriller Action;Next Entertainment World;6.9;16+;131
Netflix;Believer 2;Filme;2023;NULL;NULL;Thriller Action Crime;Yong Film;6.7;16+;116
Netflix;Hop;Filme;2011;NULL;NULL;Animation Comedy Family;Universal Pictures;5.8;10+;95
Netflix;Thanksgiving;Filme;2023;NULL;NULL;Horror Mystery;Electromagnetic Productions;6.5;16+;106
Netflix;Saripodhaa Sanivaaram;Filme;2024;NULL;NULL;Action Thriller;DVV Entertainment;6.75;Livre;172
Netflix;Love Like the Falling Petals;Filme;2022;NULL;NULL;Drama Romance;TOHO Studios;7.969;Livre;128
Netflix;The Trapped 13: How We Survived The Thai Cave;Filme;2022;NULL;NULL;Documentary;;6.3;Livre;102
Netflix;Kalki 2898-AD;Filme;2024;NULL;NULL;Drama Action Fantasy Science Fiction;Vyjayanthi Movies;6.4;12+;176
Netflix;The Twister: Caught in the Storm;Filme;2025;NULL;NULL;Documentary;RAW;6.3;Livre;89
Netflix;Oxygen;Filme;2021;NULL;NULL;Science Fiction Thriller Horror;Getaway Films;6.6;Livre;100
Netflix;Beverly Hills Cop: Axel F;Filme;2024;NULL;NULL;Action Comedy Crime;Don Simpson/Jerry Bruckheimer Films;6.694;16+;118
Netflix;Bhool Bhulaiyaa;Filme;2007;NULL;NULL;Comedy Horror Thriller;T-Series;6.6;Livre;158
Netflix;Shaitaan;Filme;2024;NULL;NULL;Thriller Horror;Ajay Devgn FFilms;6.2;Livre;132
Netflix;Ghostbusters: Frozen Empire;Filme;2024;NULL;NULL;Fantasy Adventure Comedy;Ghost Corps;6.487;12+;115
Netflix;The Power of the Dog;Filme;2021;NULL;NULL;Drama Western;Bad Girl Creek;6.764;16+;127
Netflix;Blood Red Sky;Filme;2021;NULL;NULL;Horror Thriller Action;Rat Pack Filmproduktion;6.8;Livre;123
Netflix;Bee Movie;Filme;2007;NULL;NULL;Family Animation Adventure Comedy;Columbus 81 Productions;6.028;10+;91
Netflix;Pee-wee's Big Holiday;Filme;2016;NULL;NULL;Adventure Comedy Family;Apatow Productions;6.1;10+;89
Netflix;I Know What You Did Last Summer;Filme;1997;NULL;NULL;Horror Thriller Mystery;Summer Knowledge LLC;5.978;16+;100
Netflix;Con Mum;Filme;2025;NULL;NULL;Documentary Crime;Forest Production;7.173;16+;88
Netflix;Bullet Train Explosion;Filme;2025;NULL;NULL;Action Thriller Crime Drama;Netflix;6.9;12+;137
Netflix;Mimi;Filme;2021;NULL;NULL;Comedy Drama;Maddock Films;6.881;Livre;132
Netflix;Rang De Basanti;Filme;2006;NULL;NULL;Comedy Drama History Romance;UTV Motion Pictures;7.1;12+;157
Netflix;Cargo;Filme;2017;NULL;NULL;Drama Thriller Horror;Metrol Technology;6.4;Livre;105
Netflix;Glass Onion: A Knives Out Mystery;Filme;2022;NULL;NULL;Comedy Crime Mystery;T-Street;7.1;12+;140
Netflix;Kraven the Hunter;Filme;2024;NULL;NULL;Action Adventure Thriller;Columbia Pictures;6.552;16+;127
Netflix;The Sisters Brothers;Filme;2018;NULL;NULL;Western Drama Comedy;Annapurna Pictures;6.8;16+;121
Netflix;Compliance;Filme;2012;NULL;NULL;Drama Thriller;Bad Cop / Bad Cop;6.4;16+;90
Netflix;I'm Thinking of Ending Things;Filme;2020;NULL;NULL;Mystery Thriller Horror;Likely Story;6.584;16+;135
Netflix;Jujutsu Kaisen 0;Filme;2021;NULL;NULL;Animation Action Fantasy;MAPPA;8.118;12+;105
Netflix;The Dilemma;Filme;2011;NULL;NULL;Comedy Drama;Wild West Picture Show Productions;5.32;12+;111
Netflix;Dragon;Filme;2025;NULL;NULL;Romance Comedy Drama;AGS Entertainment;7.882;Livre;157
Netflix;The Princess Switch 3: Romancing the Star;Filme;2021;NULL;NULL;Romance Comedy;Motion Picture Corporation of America;6.779;10+;106
Netflix;The Babysitter;Filme;2017;NULL;NULL;Comedy Horror;Wonderland Sound and Vision;6.2;16+;85
Netflix;Polar;Filme;2019;NULL;NULL;Action Crime Drama;Dark Horse Entertainment;6.324;16+;118
Netflix;No One Gets Out Alive;Filme;2021;NULL;NULL;Horror Mystery Thriller;The Imaginarium;5.851;16+;85
Netflix;The Croods;Filme;2013;NULL;NULL;Animation Adventure Family Fantasy Comedy Action;DreamWorks Animation;6.9;10+;98
Netflix;Purple Hearts;Filme;2022;NULL;NULL;Romance Drama;Alloy Entertainment;8.086;12+;122
Netflix;How It Ends;Filme;2018;NULL;NULL;Science Fiction Thriller Mystery Action Adventure;Paul Schiff Productions;5.276;Livre;113
Netflix;Bāhubali 2: The Conclusion;Filme;2017;NULL;NULL;Action Adventure Fantasy;Arka Media Works;7.4;Livre;166
Netflix;Creep 2;Filme;2017;NULL;NULL;Horror Thriller;Duplass Brothers Productions;6.3;16+;80
Netflix;The 8th Night;Filme;2021;NULL;NULL;Mystery Thriller Horror;Little Big Pictures;6.1;Livre;115
Netflix;Kingdom: Ashin of the North;Filme;2021;NULL;NULL;Drama Fantasy Thriller;Studio Dragon;7.1;Livre;92
Netflix;The Last Summer;Filme;2019;NULL;NULL;Romance Comedy;Redrover Co. Ltd.;6.0;12+;109
Netflix;Stand by Me Doraemon;Filme;2014;NULL;NULL;Animation Family Science Fiction Fantasy Adventure;TOHO;7.4;Livre;94
Netflix;The Willoughbys;Filme;2020;NULL;NULL;Animation Comedy Family;Bron Animation;7.052;10+;92
Netflix;Green Snake;Filme;2021;NULL;NULL;Animation Fantasy Action Adventure;Light Chaser Animation Studios;8.1;Livre;131
Netflix;The Bad Batch;Filme;2017;NULL;NULL;Horror Science Fiction Thriller;Annapurna Pictures;5.3;16+;119
Netflix;Let Go;Filme;2024;NULL;NULL;Drama;Warner Bros. International Television Production Sweden;7.86;Livre;110
Netflix;The Deliverance;Filme;2024;NULL;NULL;Horror Thriller;Tucker Tooley Entertainment;6.0;16+;112
Netflix;Outside the Wire;Filme;2021;NULL;NULL;Thriller Action Science Fiction;Inspire Entertainment;6.357;16+;116
Netflix;A Sun;Filme;2019;NULL;NULL;Drama Crime;MandarinVision;7.7;Livre;156
Netflix;Carol;Filme;2015;NULL;NULL;Romance Drama;Killer Films;7.5;16+;118
Netflix;The Equalizer;Filme;2014;NULL;NULL;Thriller Action Crime;Lonetree Entertainment;7.28;16+;132
Netflix;Hunger;Filme;2023;NULL;NULL;Drama;Song Sound Production;7.28;16+;145
Netflix;Leo;Filme;2023;NULL;NULL;Action Crime Thriller;Seven Screen Studios;6.9;Livre;163
Netflix;Alpha;Filme;2018;NULL;NULL;Adventure Drama;Studio 8;6.5;12+;97
Netflix;Rurouni Kenshin Part III: The Legend Ends;Filme;2014;NULL;NULL;Action Adventure Fantasy;Shueisha;7.7;16+;135
Netflix;Awakenings;Filme;1990;NULL;NULL;Drama;Parkes/Lasker productions;7.778;12+;120
Netflix;Benji;Filme;2018;NULL;NULL;Drama Comedy Family Crime;Blumhouse Productions;6.9;10+;87
Netflix;Bird Box Barcelona;Filme;2023;NULL;NULL;Thriller Science Fiction Horror;Nostromo Pictures;5.9;16+;112
Netflix;Kuroko's Basketball the Movie: Last Game;Filme;2017;NULL;NULL;Animation Comedy;Bandai Visual;7.7;Livre;90
Netflix;Hitchcock;Filme;2012;NULL;NULL;Drama;Cold Spring Pictures;6.6;12+;98
Netflix;The Prince of Egypt;Filme;1998;NULL;NULL;Adventure Animation Drama Family;DreamWorks Pictures;7.287;10+;99
Netflix;Saving Bikini Bottom: The Sandy Cheeks Movie;Filme;2024;NULL;NULL;Animation Comedy Adventure Family;Nickelodeon Movies;5.8;Livre;87
Netflix;Dungeons & Dragons: Honor Among Thieves;Filme;2023;NULL;NULL;Adventure Fantasy Comedy;Entertainment One;7.342;12+;134
Netflix;The Witcher: Nightmare of the Wolf;Filme;2021;NULL;NULL;Animation Action Fantasy;Studio Mir;7.46;16+;83
Netflix;The Walk;Filme;2015;NULL;NULL;History Drama Adventure;TriStar Pictures;7.0;10+;123
Netflix;My Octopus Teacher;Filme;2020;NULL;NULL;Documentary;The Sea Change Project;7.871;Livre;85
Netflix;BLAME!;Filme;2017;NULL;NULL;Action Drama Science Fiction Animation;Polygon Pictures;6.4;12+;106
Netflix;Deep Fear;Filme;2023;NULL;NULL;Horror Thriller Action Mystery;Brilliant Pictures;5.334;Livre;84
Netflix;Camp Crasher;Filme;2024;NULL;NULL;Comedy Romance;100 Bares;6.8;12+;95
Netflix;R.I.P.D. 2: Rise of the Damned;Filme;2022;NULL;NULL;Fantasy Action Comedy;Universal 1440 Entertainment;6.321;12+;102
Netflix;Bad Boys: Ride or Die;Filme;2024;NULL;NULL;Action Comedy Crime Thriller Adventure;Westbrook;7.378;16+;115
Netflix;Warriors of Future;Filme;2022;NULL;NULL;Drama Action Science Fiction;One Cool Pictures;7.0;12+;101
Netflix;Holidate;Filme;2020;NULL;NULL;Comedy Romance;Wonderland Sound and Vision;6.991;Livre;104
Netflix;The Last Thing He Wanted;Filme;2020;NULL;NULL;Drama Thriller;Elevated Films;4.9;16+;116
Netflix;Black Mirror: Bandersnatch;Filme;2018;NULL;NULL;Science Fiction Mystery Drama Thriller TV Movie;House of Tomorrow;6.759;16+;90
Netflix;Midnight Run;Filme;1988;NULL;NULL;Action Comedy Crime Thriller;City Light Films;7.192;16+;126
Netflix;Furiosa: A Mad Max Saga;Filme;2024;NULL;NULL;Action Science Fiction Adventure;Warner Bros. Pictures;7.475;16+;149
Netflix;The Imaginary;Filme;2023;NULL;NULL;Animation Adventure Drama Family Fantasy;STUDIO PONOC;7.9;10+;108
Netflix;Wicked Little Letters;Filme;2024;NULL;NULL;Comedy Drama Mystery;Blueprint Pictures;6.939;16+;100
Netflix;Drawing Closer;Filme;2024;NULL;NULL;Romance Drama;Nikkatsu Corporation;8.3;12+;119
Netflix;Major Grom: Plague Doctor;Filme;2021;NULL;NULL;Action Adventure;Bubble Studios;6.7;12+;136
Netflix;Off Track 2;Filme;2025;NULL;NULL;Comedy Drama;Yellow Bird;5.7;Livre;98
Netflix;Ouija;Filme;2014;NULL;NULL;Horror;White Noise Factory;5.1;12+;89
Netflix;Leave the World Behind;Filme;2023;NULL;NULL;Drama Mystery Thriller;Esmail Corp;6.391;16+;142
Netflix;Ma Rainey's Black Bottom;Filme;2020;NULL;NULL;Drama Music;Escape Artists;6.661;16+;94
Netflix;Annabelle;Filme;2014;NULL;NULL;Horror;Atomic Monster;5.8;16+;99
Netflix;Do the Right Thing;Filme;1989;NULL;NULL;Drama;Universal Pictures;7.754;16+;120
Netflix;Fear Street: 1994;Filme;2021;NULL;NULL;Horror Mystery;Chernin Entertainment;6.7;16+;108
Netflix;Lost Bullet;Filme;2020;NULL;NULL;Action Thriller Crime;Versus Production;6.608;Livre;92
Netflix;Good Bad Ugly;Filme;2025;NULL;NULL;Action Crime Comedy;Mythri Movie Makers;6.3;Livre;139
Netflix;Gangubai Kathiawadi;Filme;2022;NULL;NULL;Crime Drama History;Bhansali Productions;7.433;Livre;157
Netflix;RDX: Robert Dony Xavier;Filme;2023;NULL;NULL;Action Drama;Weekend Blockbusters;6.702;Livre;150
Netflix;Eurovision Song Contest: The Story of Fire Saga;Filme;2020;NULL;NULL;Comedy Music;Gary Sanchez Productions;6.433;12+;123
Netflix;Dunki;Filme;2023;NULL;NULL;Adventure Comedy Drama;Red Chillies Entertainment;6.2;Livre;159
Netflix;Fear Street: Prom Queen;Filme;2025;NULL;NULL;Horror Mystery;Chernin Entertainment;5.4;16+;90
Netflix;Venom: The Last Dance;Filme;2024;NULL;NULL;Action Science Fiction Adventure;Columbia Pictures;6.729;12+;109
Netflix;He's All That;Filme;2021;NULL;NULL;Comedy Romance;Miramax;6.5;Livre;91
Netflix;Ad Vitam;Filme;2025;NULL;NULL;Thriller Drama Crime Action;Les Films du Cap;6.288;16+;97
Netflix;Officer Black Belt;Filme;2024;NULL;NULL;Action Comedy Crime;Climax Studios;7.8;16+;108
Netflix;Vini Jr.;Filme;2025;NULL;NULL;Documentary;Conspiração Filmes;6.067;Livre;106
Netflix;The Nutty Professor;Filme;1996;NULL;NULL;Fantasy Comedy Romance Science Fiction;Universal Pictures;5.6;12+;95
Netflix;To All the Boys: Always and Forever;Filme;2021;NULL;NULL;Romance Comedy Drama;Awesomeness Films;7.516;12+;115
Netflix;Sniper: The Last Stand;Filme;2025;NULL;NULL;Action Thriller;Destination Films;6.7;16+;99
Netflix;Watcher;Filme;2022;NULL;NULL;Horror Mystery Thriller;Image Nation Abu Dhabi;6.5;16+;96
Netflix;Between the Temples;Filme;2024;NULL;NULL;Comedy Drama;Ley Line Entertainment;5.449;16+;111
Netflix;The Hill;Filme;2023;NULL;NULL;History Drama;RainMaker Films;7.688;10+;121
Netflix;The Miracle Club;Filme;2023;NULL;NULL;Comedy Drama;Zephyr Films;6.2;12+;90
Netflix;Ride or Die;Filme;2021;NULL;NULL;Drama Romance Thriller;Kodansha;6.8;16+;142
Netflix;Kabhi Khushi Kabhie Gham;Filme;2001;NULL;NULL;Comedy Drama;Dharma Productions;7.7;Livre;209
Netflix;The Twilight Saga: Breaking Dawn - Part 2;Filme;2012;NULL;NULL;Adventure Fantasy Drama Romance;Summit Entertainment;6.5;12+;115
Netflix;My Name Is Vendetta;Filme;2022;NULL;NULL;Action Crime Adventure Thriller;Colorado Film;6.638;16+;90
Netflix;Rurouni Kenshin: The Beginning;Filme;2021;NULL;NULL;Action Adventure Drama Romance;Warner Bros. Japan;7.7;16+;138
Netflix;Logan Lucky;Filme;2017;NULL;NULL;Comedy Crime Action Drama;Fingerprint Releasing;6.7;12+;119
Netflix;Saturday Night;Filme;2024;NULL;NULL;Comedy Drama;Columbia Pictures;6.7;16+;109
Netflix;Burning Betrayal;Filme;2023;NULL;NULL;Drama Mystery Romance;Glaz Entretenimento;6.3;16+;99
Netflix;Lucy;Filme;2014;NULL;NULL;Action Science Fiction;EuropaCorp;6.463;16+;89
Netflix;Honeymoon Crasher;Filme;2025;NULL;NULL;Comedy;Borsalino Productions;5.5;16+;93
Netflix;The Town;Filme;2010;NULL;NULL;Crime Drama Thriller;Legendary Pictures;7.219;16+;125
Netflix;Miracle in Cell No. 7;Filme;2019;NULL;NULL;Drama;Lanistar Media;8.257;Livre;132
Netflix;Whindersson Nunes: Isso Definitivamente Não É Um Culto;Filme;2025;NULL;NULL;Comedy;;0.0;Livre;0
Netflix;Hey! Sinamika;Filme;2022;NULL;NULL;Drama Romance;Jio Studios;5.6;Livre;149
Netflix;Shadow in the Cloud;Filme;2020;NULL;NULL;Horror Action War;Four Knights Film;5.8;16+;83
Netflix;A Shaun the Sheep Movie: Farmageddon;Filme;2019;NULL;NULL;Family Animation Adventure Comedy Science Fiction;StudioCanal;6.9;Livre;87
Netflix;Luther: The Fallen Sun;Filme;2023;NULL;NULL;Crime Mystery Thriller;Chernin Entertainment;6.7;16+;129
Netflix;Eli;Filme;2019;NULL;NULL;Horror;Bellevue Productions;6.0;16+;98
Netflix;Jana Gana Mana;Filme;2022;NULL;NULL;Crime Thriller Drama;Magic Frames;7.2;Livre;162
Netflix;The Ritual;Filme;2017;NULL;NULL;Horror Thriller Mystery;Entertainment One;6.3;16+;94
Netflix;Forgotten;Filme;2017;NULL;NULL;Thriller Mystery Crime;BA Entertainment;7.9;Livre;108
Netflix;#Alive;Filme;2020;NULL;NULL;Action Horror;Lotte Entertainment;7.226;16+;98
Netflix;Back in Action;Filme;2025;NULL;NULL;Action Comedy;Chernin Entertainment;6.5;12+;114
Netflix;Sicario;Filme;2015;NULL;NULL;Action Crime Thriller;Lionsgate;7.411;16+;122
Netflix;Drishyam;Filme;2015;NULL;NULL;Crime Mystery Thriller;Panorama Studios;7.634;16+;163
Netflix;The Five-Year Engagement;Filme;2012;NULL;NULL;Comedy Romance;Universal Pictures;5.854;16+;124
Netflix;Plankton: The Movie;Filme;2025;NULL;NULL;Animation Adventure Comedy Family Fantasy;Nickelodeon Movies;6.8;Livre;83
Netflix;Dil Dhadakne Do;Filme;2015;NULL;NULL;Drama Family Romance;Excel Entertainment;6.8;12+;170
Netflix;Rebecca;Filme;2020;NULL;NULL;Romance Drama Mystery Thriller;Working Title Films;6.3;12+;123
Netflix;Mother of the Bride;Filme;2024;NULL;NULL;Romance Comedy;Brad Krevoy Television;5.9;10+;90
Netflix;The Swimmers;Filme;2022;NULL;NULL;Drama History;Working Title Films;7.425;12+;134
Netflix;Rurouni Kenshin: The Final;Filme;2021;NULL;NULL;Action Adventure History Drama;Warner Bros. Japan;7.7;12+;138
Netflix;My Big Fat Greek Wedding 2;Filme;2016;NULL;NULL;Romance Comedy;Universal Pictures;5.986;12+;94
Netflix;Nimona;Filme;2023;NULL;NULL;Animation Family Action Science Fiction Adventure Fantasy Drama;Annapurna Pictures;7.879;10+;101
Netflix;Breaking and Re-entering;Filme;2024;NULL;NULL;Action Comedy;MandarinVision;6.0;Livre;109
Netflix;Rebel Ridge;Filme;2024;NULL;NULL;Crime Action Thriller Drama;filmscience;7.0;16+;132
Netflix;Untold: The Liver King;Filme;2025;NULL;NULL;Documentary;Candle True Stories;6.5;16+;68
Netflix;Wrath of the Titans;Filme;2012;NULL;NULL;Fantasy Adventure Action;Thunder Road;5.743;12+;99
Netflix;Bhool Bhulaiyaa 3;Filme;2024;NULL;NULL;Horror Comedy;T-Series;5.636;Livre;158
Netflix;Fallen;Filme;2016;NULL;NULL;Drama Fantasy Romance;Apex Entertainment;6.1;12+;91
Netflix;The Twilight Saga: Eclipse;Filme;2010;NULL;NULL;Adventure Fantasy Drama Romance;Summit Entertainment;6.2;12+;124
Netflix;Ravenous;Filme;2017;NULL;NULL;Horror Drama Science Fiction;La Maison de Prod;5.9;Livre;104
Netflix;Home Team;Filme;2022;NULL;NULL;Family Comedy Drama;Hey Eddie;6.664;10+;95
Netflix;maboroshi;Filme;2023;NULL;NULL;Animation Drama Romance Fantasy;MAPPA;7.3;12+;112
Netflix;Naruto Shippuden the Movie: The Will of Fire;Filme;2009;NULL;NULL;Action Adventure Comedy Drama Fantasy Animation;Pierrot;7.316;12+;95
Netflix;Steel Rain;Filme;2017;NULL;NULL;Action Thriller;MOFAC;7.1;Livre;139
Netflix;The Forgotten Battle;Filme;2020;NULL;NULL;Action War Adventure History Drama;Levitate Film;7.1;Livre;126
Netflix;David Attenborough: A Life on Our Planet;Filme;2020;NULL;NULL;Documentary Drama;Silverback Films;8.4;10+;83
Netflix;Tarot;Filme;2024;NULL;NULL;Horror;Screen Gems;6.5;12+;92
Netflix;The Wrong Missy;Filme;2020;NULL;NULL;Comedy Romance;QC Entertainment;6.151;16+;90
Netflix;Tamasha;Filme;2015;NULL;NULL;Romance Drama Comedy;Window Seat Films;6.8;10+;139
Netflix;Anon;Filme;2018;NULL;NULL;Science Fiction Crime Mystery Thriller;K5 Film;6.0;16+;100
Netflix;The Silence;Filme;2019;NULL;NULL;Horror Drama Thriller Fantasy;Constantin Film;6.022;12+;90
Netflix;Dolemite Is My Name;Filme;2019;NULL;NULL;Drama Comedy History;Davis Entertainment;7.0;16+;118
Netflix;Mission: Cross;Filme;2024;NULL;NULL;Action Comedy;Sanai Pictures;6.963;16+;100
Netflix;Girl Haunts Boy;Filme;2024;NULL;NULL;Fantasy Romance Comedy;Fifth Season;6.75;10+;100
Netflix;Spellbound;Filme;2024;NULL;NULL;Animation Fantasy Family Adventure Comedy;Skydance Animation;6.7;10+;111
Netflix;Kurup;Filme;2021;NULL;NULL;Thriller Crime;Wayfarer Films;6.179;Livre;155
Netflix;Airport 1975;Filme;1974;NULL;NULL;Drama Thriller Action;Universal Pictures;5.7;10+;107
Netflix;The Legend of Zorro;Filme;2005;NULL;NULL;Action Adventure Western;Columbia Pictures;6.1;10+;129
Netflix;How to Have Sex;Filme;2023;NULL;NULL;Drama;Film4 Productions;6.22;Livre;91
Netflix;Barbarian;Filme;2022;NULL;NULL;Horror Thriller;BoulderLight Pictures;6.829;16+;102
Netflix;The Equalizer 3;Filme;2023;NULL;NULL;Action Thriller Crime;Columbia Pictures;7.3;16+;109
Netflix;Gunpowder Milkshake;Filme;2021;NULL;NULL;Action Crime Thriller;Studio Babelsberg;6.3;16+;114
Netflix;83;Filme;2021;NULL;NULL;Drama History;Kabir Khan Films;7.152;Livre;160
Netflix;Friends with Money;Filme;2006;NULL;NULL;Comedy Drama Romance;This is that;5.1;16+;88
Netflix;See You on Venus;Filme;2023;NULL;NULL;Romance Drama;Pitt Street Productions;7.007;Livre;95
Netflix;Lou;Filme;2022;NULL;NULL;Action Thriller;Bad Robot;6.5;16+;107
Netflix;The Life List;Filme;2025;NULL;NULL;Romance Comedy Drama;3dot Productions;6.895;12+;123
Netflix;Eat Pray Love;Filme;2010;NULL;NULL;Drama Romance;Red Om Films;6.2;12+;133
Netflix;The Peasants;Filme;2023;NULL;NULL;Animation History Drama;Breakthru Films;7.6;16+;115
Netflix;Pig;Filme;2021;NULL;NULL;Drama Thriller Mystery;AI Film;6.659;16+;92
Netflix;The Ballad of Buster Scruggs;Filme;2018;NULL;NULL;Western Comedy Drama Music Mystery Romance;Mike Zoss Productions;7.1;16+;132
Netflix;Blood and Bone;Filme;2009;NULL;NULL;Action Crime Thriller Drama;Remarkable Films;7.3;16+;93
Netflix;Animal;Filme;2023;NULL;NULL;Action Crime Drama;T-Series;6.241;16+;201
Netflix;Wish Dragon;Filme;2021;NULL;NULL;Animation Family Comedy Fantasy;Sony Pictures Animation;7.9;10+;99
Netflix;Constantine;Filme;2005;NULL;NULL;Fantasy Action Horror;Village Roadshow Pictures;7.106;16+;121
Netflix;Road to Ninja: Naruto the Movie;Filme;2012;NULL;NULL;Animation Fantasy Action;dentsu;7.335;12+;109
Netflix;One Piece: The Desert Princess and the Pirates: Adventure in Alabasta;Filme;2007;NULL;NULL;Action Adventure Comedy Drama Animation;Toei Animation;6.9;12+;90
Netflix;To the Bone;Filme;2017;NULL;NULL;Drama;Sparkhouse Media;7.2;Livre;107
Netflix;Slumberland;Filme;2022;NULL;NULL;Family Fantasy Comedy;Chernin Entertainment;7.3;10+;117
Netflix;Army of the Dead;Filme;2021;NULL;NULL;Crime Action Horror;The Stone Quarry;6.228;16+;148
Netflix;Charming;Filme;2018;NULL;NULL;Animation Adventure Comedy Family Fantasy Music;3QU Media;6.4;Livre;90
Netflix;Bogotá: City of the Lost;Filme;2024;NULL;NULL;Thriller Crime Drama;Watermelon Pictures;7.0;16+;109
Netflix;Fear Street: 1978;Filme;2021;NULL;NULL;Horror Mystery;Chernin Entertainment;7.183;16+;111
Netflix;Don;Filme;2006;NULL;NULL;Action Drama Thriller;Excel Entertainment;6.9;12+;178
Netflix;Brothers;Filme;2015;NULL;NULL;Action Drama;Dharma Productions;6.4;Livre;155
Netflix;Mobile Suit Gundam SEED FREEDOM;Filme;2024;NULL;NULL;Animation Science Fiction Action Drama;Bandai Namco Filmworks;6.8;Livre;125
Netflix;The Half of It;Filme;2020;NULL;NULL;Comedy Romance Drama;Likely Story;7.088;12+;104
Netflix;Through My Window 3: Looking at You;Filme;2024;NULL;NULL;Romance Drama Comedy;Nostromo Pictures;6.94;Livre;105
Netflix;City Hunter;Filme;2024;NULL;NULL;Action;Horipro;6.6;16+;105
Netflix;Sanju;Filme;2018;NULL;NULL;Drama Comedy;Rajkumar Hirani Films;7.195;Livre;161
Netflix;Wonderland;Filme;2024;NULL;NULL;Science Fiction Drama;Bom Film Productions;7.1;Livre;113
Netflix;Enola Holmes 2;Filme;2022;NULL;NULL;Adventure Mystery Crime;Legendary Pictures;7.3;12+;131
Netflix;Oklahoma City Bombing: American Terror;Filme;2025;NULL;NULL;Documentary Crime;Tillerman Films;6.9;16+;85
Netflix;Kingdom;Filme;2019;NULL;NULL;Action Adventure War History Fantasy;TOHO;7.2;Livre;133
Netflix;Nowhere;Filme;2023;NULL;NULL;Thriller Drama;Rock & Ruz;7.3;16+;109
Netflix;Trinil;Filme;2024;NULL;NULL;Drama Horror Thriller;Dapur Film;4.429;Livre;105
Netflix;Woman of the Hour;Filme;2024;NULL;NULL;Crime Drama Thriller;BoulderLight Pictures;6.4;16+;95
Netflix;Violet Evergarden: Eternity and the Auto Memory Doll;Filme;2019;NULL;NULL;Drama Fantasy Animation;Kyoto Animation;8.1;Livre;91
Netflix;Hot Gimmick: Girl Meets Boy;Filme;2019;NULL;NULL;Drama Romance;Toei Tokyo;5.8;Livre;119
Netflix;Badla;Filme;2019;NULL;NULL;Crime Thriller Mystery Drama;Azure Entertainment;7.4;Livre;120
Netflix;Mobile Suit Gundam Hathaway;Filme;2021;NULL;NULL;Animation Action Drama Science Fiction;SUNRISE;7.3;12+;96
Netflix;Death Note;Filme;2017;NULL;NULL;Crime Fantasy Horror;Vertigo Entertainment;4.3;16+;101
Netflix;GTMAX;Filme;2024;NULL;NULL;Action Crime;Inoxy Films;6.092;16+;100
Netflix;The Silencing;Filme;2020;NULL;NULL;Thriller Action Crime;Anova Pictures;6.451;16+;93
Netflix;American Gangster;Filme;2007;NULL;NULL;Drama Crime;Film Rites;7.591;16+;157
Netflix;Ferry 2;Filme;2024;NULL;NULL;Action Drama Crime Thriller;De Mensen;5.8;16+;94
Netflix;Buy Now! The Shopping Conspiracy;Filme;2024;NULL;NULL;Documentary;Grain Media;6.643;12+;85
Netflix;My Hero Academia: Heroes Rising;Filme;2019;NULL;NULL;Animation Action Fantasy Adventure;BONES;8.2;12+;104
Netflix;The Bricklayer;Filme;2023;NULL;NULL;Action Thriller;Eclectic Pictures;5.8;16+;110
Netflix;Rurouni Kenshin Part II: Kyoto Inferno;Filme;2014;NULL;NULL;Action Adventure Drama Fantasy;AMUSE;7.6;12+;138
Netflix;The Lego Movie;Filme;2014;NULL;NULL;Animation Family Adventure Comedy Fantasy;Village Roadshow Pictures;7.418;10+;100
Netflix;Senior Year;Filme;2022;NULL;NULL;Comedy;Paramount Players;5.9;16+;114
Netflix;Insidious: Chapter 2;Filme;2013;NULL;NULL;Horror Thriller;Blumhouse Productions;6.7;12+;106
Netflix;The Emoji Movie;Filme;2017;NULL;NULL;Animation Family Comedy;Columbia Pictures;5.4;10+;86
Netflix;Lonely Planet;Filme;2024;NULL;NULL;Romance Drama;3dot Productions;6.1;16+;96
Netflix;Kabaneri of the Iron Fortress: The Battle of Unato;Filme;2019;NULL;NULL;Animation Drama Action Science Fiction;WIT STUDIO;7.2;16+;82
Netflix;Miss Americana;Filme;2020;NULL;NULL;Documentary Music;Tremolo Productions;7.88;16+;85
Netflix;Through My Window;Filme;2022;NULL;NULL;Romance Drama Comedy;Nostromo Pictures;7.364;16+;112
Netflix;Miraculous World: New York United HeroeZ;Filme;2020;NULL;NULL;Animation TV Movie Fantasy Action;Zagtoon;8.1;10+;61
Netflix;Through My Window: Across the Sea;Filme;2023;NULL;NULL;Romance Drama Comedy;Nostromo Pictures;6.6;16+;110
Netflix;Spectral;Filme;2016;NULL;NULL;Science Fiction Thriller Action;Mid Atlantic Films;6.5;12+;109
Netflix;Harold and the Purple Crayon;Filme;2024;NULL;NULL;Family Comedy Adventure Fantasy;Davis Entertainment;6.726;10+;90
Netflix;A Dog's Way Home;Filme;2019;NULL;NULL;Drama Adventure Family;Bona Film Group;7.4;10+;96
Netflix;Making The Witcher;Filme;2020;NULL;NULL;Documentary TV Movie;The Workhouse Picture Company;7.1;Livre;32
Netflix;The Guilty;Filme;2021;NULL;NULL;Drama Thriller;Nine Stories Productions;6.4;16+;91
Netflix;Guru;Filme;2007;NULL;NULL;Drama Romance;Madras Talkies;6.8;12+;166
Netflix;13 Going on 30;Filme;2004;NULL;NULL;Comedy Fantasy Romance;Columbia Pictures;6.757;12+;98
Netflix;Set It Up;Filme;2018;NULL;NULL;Romance Comedy;Treehouse Pictures;6.9;16+;105
Netflix;Mersal;Filme;2017;NULL;NULL;Thriller Action Crime;Sri Thenandal Films;7.2;Livre;161
Netflix;The Catcher Was a Spy;Filme;2018;NULL;NULL;Drama War Thriller;Serena Films;6.2;16+;94
Netflix;The Last Kingdom: Seven Kings Must Die;Filme;2023;NULL;NULL;Action Adventure War;Carnival Films;7.2;16+;111
Netflix;Smurfs: The Lost Village;Filme;2017;NULL;NULL;Family Comedy Adventure Animation;Kerner Entertainment Company;6.3;10+;89
Netflix;Okja;Filme;2017;NULL;NULL;Adventure Drama Science Fiction;Kate Street Picture Company;7.4;12+;122
Netflix;Red Notice;Filme;2021;NULL;NULL;Action Comedy Crime;Flynn Picture Company;6.8;12+;118
Netflix;The Devil All the Time;Filme;2020;NULL;NULL;Crime Drama Thriller;Nine Stories Productions;7.204;16+;138
Netflix;London Has Fallen;Filme;2016;NULL;NULL;Action Thriller;Millennium Media;6.2;16+;99
Netflix;Gran Turismo;Filme;2023;NULL;NULL;Adventure Action Drama;PlayStation Productions;7.755;12+;135
Netflix;Sing: Thriller;Filme;2024;NULL;NULL;Animation Family Comedy Music;Illumination;7.2;Livre;11
Netflix;When We First Met;Filme;2018;NULL;NULL;Comedy Romance Fantasy;Footprint Features;6.563;12+;97
Netflix;The Piano Lesson;Filme;2024;NULL;NULL;Drama Music Horror;Mundy Lane Entertainment;6.2;12+;127
Netflix;NiNoKuni;Filme;2019;NULL;NULL;Animation Action Adventure Family Fantasy Romance;OLM;6.5;12+;106
Netflix;Trouble;Filme;2019;NULL;NULL;Animation Adventure Family Comedy Music;3QU Media;6.6;Livre;88
Netflix;Return of the King: The Fall and Rise of Elvis Presley;Filme;2024;NULL;NULL;Documentary Music;Little Room Films;7.163;16+;91
Netflix;Katt Williams: Woke Foke;Filme;2024;NULL;NULL;Comedy;;5.4;16+;60
Netflix;Shiva Baby;Filme;2021;NULL;NULL;Comedy Drama;Neon Heart Productions;7.2;Livre;78
Netflix;Mank;Filme;2020;NULL;NULL;Drama History;Netflix International Pictures;6.686;16+;132
Netflix;Miraculous World: Shanghai - The Legend of Ladydragon;Filme;2021;NULL;NULL;Animation Fantasy Action TV Movie;Zagtoon;7.911;Livre;54
Netflix;All Good Things;Filme;2010;NULL;NULL;Mystery Thriller Romance;Hit the Ground Running Films;6.0;16+;101
Netflix;Between Two Ferns: The Movie;Filme;2019;NULL;NULL;Comedy;Funny or Die;5.9;16+;82
Netflix;Outlaw King;Filme;2018;NULL;NULL;Action History War;Anonymous Content;6.8;16+;122
Netflix;The Hating Game;Filme;2021;NULL;NULL;Drama Comedy Romance;BCDF Pictures;7.294;16+;102
Netflix;Air Force Elite: Thunderbirds;Filme;2025;NULL;NULL;Documentary;High Ground Productions;7.2;12+;91
Netflix;Captain Underpants: The First Epic Movie;Filme;2017;NULL;NULL;Family Comedy Adventure Animation;DreamWorks Animation;6.2;10+;88
Netflix;Do Patti;Filme;2024;NULL;NULL;Thriller Mystery Drama Crime;Blue Butterfly Films;7.0;Livre;128
Netflix;Dil Chahta Hai;Filme;2001;NULL;NULL;Drama Romance;Excel Entertainment;6.9;Livre;183
Netflix;The Seat;Filme;2025;NULL;NULL;Documentary;WhatsApp;7.5;Livre;40
Netflix;A Widow's Game;Filme;2025;NULL;NULL;Thriller Mystery;Bambú Producciones;6.474;16+;122
Netflix;SAS: Red Notice;Filme;2021;NULL;NULL;Drama Action Thriller;Ingenious Media;5.8;Livre;120
Netflix;Ok Jaanu;Filme;2017;NULL;NULL;Drama Romance;Madras Talkies;5.9;10+;135
Netflix;It's What's Inside;Filme;2024;NULL;NULL;Comedy Mystery Science Fiction;Edith Productions;6.4;16+;105
Netflix;Incantation;Filme;2022;NULL;NULL;Horror;Monkey Movies;6.8;Livre;111
Netflix;Burnt;Filme;2015;NULL;NULL;Drama;3 Arts Entertainment;6.5;16+;100
Netflix;Conquer: Lahad Datu;Filme;2024;NULL;NULL;War History Thriller Action Crime Drama;Multimedia Entertainment Inc.;8.1;16+;120
Netflix;Lucca's World;Filme;2025;NULL;NULL;Drama;Woo Films;7.3;12+;96
Netflix;Aftermath;Filme;2024;NULL;NULL;Action Thriller;Voltage Pictures;6.227;16+;95
Netflix;Airport '77;Filme;1977;NULL;NULL;Action Adventure Drama Thriller;Universal Pictures;5.6;10+;114
Netflix;The Next 365 Days;Filme;2022;NULL;NULL;Romance Drama;Ekipa;6.352;16+;112
Netflix;Bajrangi Bhaijaan;Filme;2015;NULL;NULL;Comedy Drama Action;Rockline Entertainments;7.8;12+;159
Netflix;I Came By;Filme;2022;NULL;NULL;Crime Thriller;XYZ Films;6.3;16+;110
Netflix;Headshot;Filme;2016;NULL;NULL;Action Thriller Drama;Screenplay Infinite Films;6.45;Livre;117
Netflix;Spaceman;Filme;2024;NULL;NULL;Science Fiction Adventure Drama;Free Association;6.7;16+;108
Netflix;Atlas;Filme;2024;NULL;NULL;Science Fiction Action;Safehouse Pictures;6.734;12+;120
Netflix;After Everything;Filme;2023;NULL;NULL;Romance Drama;Voltage Pictures;6.9;16+;93
Netflix;Always Be My Maybe;Filme;2019;NULL;NULL;Romance Comedy;Good Universe;6.64;12+;102
Netflix;Mowgli: Legend of the Jungle;Filme;2018;NULL;NULL;Adventure Drama;The Imaginarium;6.473;12+;105
Netflix;Temurun;Filme;2024;NULL;NULL;Horror Thriller;Rhaya Flicks;6.289;16+;86
Netflix;Malcolm & Marie;Filme;2021;NULL;NULL;Drama Romance;Little Lamb Productions;7.0;16+;106
Netflix;Lust Stories;Filme;2018;NULL;NULL;Drama Romance;RSVP Movies;6.2;16+;120
Netflix;Hotel Transylvania 2;Filme;2015;NULL;NULL;Animation Comedy Family Fantasy;Columbia Pictures;6.8;10+;89
Netflix;Vidaamuyarchi;Filme;2025;NULL;NULL;Action Drama Mystery Thriller Crime;Lyca Productions;6.0;Livre;151
Netflix;MILF;Filme;2018;NULL;NULL;Comedy Romance;StudioCanal;5.734;Livre;96
Netflix;Spenser Confidential;Filme;2020;NULL;NULL;Comedy Action Thriller;Film 44;6.5;16+;110
Netflix;Dream;Filme;2023;NULL;NULL;Comedy Drama;October Cinema;6.929;Livre;127
Netflix;Murder Mystery 2;Filme;2023;NULL;NULL;Mystery Comedy Crime;Happy Madison Productions;6.4;12+;91
Netflix;The Theory of Everything;Filme;2014;NULL;NULL;Drama Romance;Working Title Films;7.842;12+;123
Netflix;Jewel Thief - The Heist Begins;Filme;2025;NULL;NULL;Action Thriller;Marflix Pictures;6.649;16+;118
Netflix;Naruto Shippuden the Movie: Blood Prison;Filme;2011;NULL;NULL;Thriller Animation Action Comedy Horror Mystery;Aniplex;7.214;12+;108
Netflix;The Tearsmith;Filme;2024;NULL;NULL;Romance Drama;Colorado Film;6.517;16+;106
Netflix;Monsters 103 Mercies Dragon Damnation;Filme;2024;NULL;NULL;Animation Action Fantasy Adventure;E&H production;7.1;16+;26
Netflix;The Passion of the Christ;Filme;2004;NULL;NULL;Drama;Icon Productions;7.5;16+;127
Netflix;Tune in for Love;Filme;2019;NULL;NULL;Romance Drama;Jung Ji-woo Film;7.795;Livre;122
Netflix;Subservience;Filme;2024;NULL;NULL;Horror Science Fiction Thriller;Millennium Media;6.7;16+;105
Netflix;Cunk on Life;Filme;2024;NULL;NULL;Comedy Documentary;Broke and Bones;7.3;16+;70
Netflix;Thank You for Your Service;Filme;2017;NULL;NULL;Drama War;DreamWorks Pictures;6.5;16+;109
Netflix;The Fortress;Filme;2017;NULL;NULL;War Drama History Action;Siren Pictures;6.7;Livre;140
Netflix;What Happened to Monday;Filme;2017;NULL;NULL;Science Fiction Thriller Mystery Action;SND;7.159;16+;123
Netflix;Klaus;Filme;2019;NULL;NULL;Animation Family Adventure Comedy Fantasy;Atresmedia;8.238;10+;96
Netflix;Salaar: Part 1 - Ceasefire;Filme;2023;NULL;NULL;Action Crime Drama;Hombale Films;6.7;Livre;175
Netflix;Kick;Filme;2014;NULL;NULL;Action Romance Comedy Crime;Nadiadwala Grandson Entertainment;5.7;Livre;146
Netflix;Miraculous: Ladybug & Cat Noir The Movie;Filme;2023;NULL;NULL;Animation Fantasy Action Romance Family;The Awakening Production;7.631;10+;107
Netflix;Think Like a Man Too;Filme;2014;NULL;NULL;Comedy Romance;Will Packer Productions;6.418;12+;105
Netflix;The Founder;Filme;2016;NULL;NULL;Drama History;Speedie Distribution;7.132;12+;115
Netflix;Kang Mak (From Pee Mak);Filme;2024;NULL;NULL;Comedy Horror Romance War;Falcon Pictures;6.5;Livre;122
Netflix;Big Daddy;Filme;1999;NULL;NULL;Comedy Drama;Columbia Pictures;6.487;12+;93
Netflix;The Invisible Guardian;Filme;2017;NULL;NULL;Thriller Crime Mystery;ARTE;6.5;Livre;129
Netflix;Burn After Reading;Filme;2008;NULL;NULL;Comedy Drama;Focus Features;6.655;16+;96
Netflix;Believer;Filme;2018;NULL;NULL;Crime Action Thriller;Yong Film;7.2;Livre;123
Netflix;Awake;Filme;2021;NULL;NULL;Drama Science Fiction Thriller;Entertainment One;5.87;16+;96
Netflix;Marmaduke;Filme;2022;NULL;NULL;Animation Family Comedy Adventure;SC Films International;4.9;Livre;87
Netflix;Death Whisperer;Filme;2023;NULL;NULL;Horror Thriller;Minds@Work;7.5;Livre;121
Netflix;The Unforgivable;Filme;2021;NULL;NULL;Drama Crime;GK Films;7.428;16+;112
Netflix;The Electric State;Filme;2025;NULL;NULL;Science Fiction Adventure Action;AGBO;6.539;12+;125
Netflix;Trial by Fire;Filme;2019;NULL;NULL;Drama Crime;Flashlight Films;6.979;16+;127
Netflix;Psychokinesis;Filme;2018;NULL;NULL;Fantasy Action;RedPeter Films;6.3;Livre;101
Netflix;Love and Leashes;Filme;2022;NULL;NULL;Romance Comedy;See Át Film;6.8;16+;118
Netflix;Entourage;Filme;2015;NULL;NULL;Comedy Drama;Closest to the Hole Productions;6.238;16+;104
Netflix;1917;Filme;2019;NULL;NULL;War History Thriller Drama;DreamWorks Pictures;7.988;16+;119
Netflix;The Harder They Fall;Filme;2021;NULL;NULL;Western;Overbrook Entertainment;6.648;16+;139
Netflix;A Simple Favor;Filme;2018;NULL;NULL;Thriller Crime Comedy Mystery;Feigco Entertainment;6.635;16+;117
Netflix;Sisters;Filme;2015;NULL;NULL;Comedy;Little Stranger;6.0;16+;118
Netflix;The Stronghold;Filme;2021;NULL;NULL;Thriller Action Crime;StudioCanal;7.385;Livre;105
Netflix;All the Bright Places;Filme;2020;NULL;NULL;Romance Drama;Echo Lake Entertainment;7.6;16+;108
Netflix;Khushi;Filme;2001;NULL;NULL;Drama Romance Comedy;Sri Surya Films;5.5;Livre;169
Netflix;Modest Heroes;Filme;2018;NULL;NULL;Animation Fantasy Adventure Drama;TOHO;6.626;10+;54
Netflix;The Irishman;Filme;2019;NULL;NULL;Crime Drama History;Tribeca Productions;7.6;16+;209
Netflix;The School for Good and Evil;Filme;2022;NULL;NULL;Fantasy Comedy Adventure Drama;Feigco Entertainment;7.053;12+;149
Netflix;The Kissing Booth 3;Filme;2021;NULL;NULL;Romance Comedy;Komixx Entertainment;6.9;12+;112
Netflix;Hillbilly Elegy;Filme;2020;NULL;NULL;Drama;Imagine Entertainment;6.705;16+;117
Netflix;Sing;Filme;2016;NULL;NULL;Animation Comedy Family Music;Illumination;7.116;10+;107
Netflix;Mom;Filme;2017;NULL;NULL;Crime Drama Thriller;Third Eye Pictures;7.6;Livre;147
Netflix;I Care a Lot;Filme;2021;NULL;NULL;Crime Thriller Drama;STXfilms;6.6;16+;119
Netflix;Ae Dil Hai Mushkil;Filme;2016;NULL;NULL;Romance Drama;ADHM Films;6.4;12+;158
Netflix;The White Tiger;Filme;2021;NULL;NULL;Drama;Lava Media;6.971;16+;125
Netflix;Kingdom 4: Return of the Great General;Filme;2024;NULL;NULL;Action Adventure;TOHO;6.8;Livre;146
Netflix;Godzilla Minus One;Filme;2023;NULL;NULL;Science Fiction Horror Action;TOHO;7.581;12+;124
Netflix;That Christmas;Filme;2024;NULL;NULL;Animation Comedy Family Fantasy Adventure;Locksmith Animation;7.2;10+;91
Netflix;Troll;Filme;2022;NULL;NULL;Fantasy Action Adventure;Motion Blur;6.6;12+;104
Netflix;Revelations;Filme;2025;NULL;NULL;Thriller Crime Mystery;Wow Point;6.357;16+;122
Netflix;Hi Nanna;Filme;2023;NULL;NULL;Drama Family Romance;Vyra Entertainments;7.9;Livre;155
Netflix;The Perfect Find;Filme;2023;NULL;NULL;Romance Comedy;I'll Have Another;6.1;16+;99
Netflix;The Road to El Camino: Behind the Scenes of El Camino: A Breaking Bad Movie;Filme;2019;NULL;NULL;Documentary;Bacon & Sons Film Co.;7.0;12+;13
Netflix;The Twilight Saga: New Moon;Filme;2009;NULL;NULL;Adventure Fantasy Drama Romance;Summit Entertainment;5.991;12+;131
Netflix;Sweet & Sour;Filme;2021;NULL;NULL;Drama Romance Comedy;26 Company;7.76;Livre;101
Netflix;The Six Triple Eight;Filme;2024;NULL;NULL;Drama War History;Tyler Perry Studios;7.6;12+;130
Netflix;12th Fail;Filme;2023;NULL;NULL;Drama;Vidhu Vinod Chopra Productions;7.948;Livre;146
Netflix;The Man from U.N.C.L.E.;Filme;2015;NULL;NULL;Comedy Action Adventure;Wigram Productions;7.1;12+;116
Netflix;Senna;Filme;2010;NULL;NULL;Documentary;Universal Pictures;8.1;12+;106
Netflix;Dilan 1983;Filme;2024;NULL;NULL;Drama Romance Family Comedy;Falcon Pictures;6.2;Livre;116
Netflix;Enola Holmes;Filme;2020;NULL;NULL;Adventure Mystery Crime;PCMA Productions;7.253;12+;123
Netflix;Sahara;Filme;2017;NULL;NULL;Adventure Animation Comedy Family;Mikros Image;5.945;Livre;86
Netflix;Bird Box;Filme;2018;NULL;NULL;Horror Thriller Drama;Bluegrass Films;6.832;16+;124
Netflix;White Noise;Filme;2022;NULL;NULL;Comedy Drama;Heyday Films;5.534;16+;136
Netflix;Money Heist: The Phenomenon;Filme;2020;NULL;NULL;Documentary;Vancouver Media;7.4;Livre;57
Netflix;The Old Guard;Filme;2020;NULL;NULL;Action Fantasy;Skydance Media;7.131;16+;125
Netflix;Don't Die: The Man Who Wants to Live Forever;Filme;2025;NULL;NULL;Documentary;Library Films;6.2;12+;88
Netflix;Bad Trip;Filme;2021;NULL;NULL;Comedy;Orion Pictures;6.1;16+;87
Netflix;Mary and The Witch's Flower;Filme;2017;NULL;NULL;Adventure Animation Family Fantasy;STUDIO PONOC;7.1;10+;103
Netflix;One Piece: Episode of Skypiea;Filme;2018;NULL;NULL;TV Movie Animation Action Adventure Comedy;Toei Animation;7.1;12+;104
Netflix;Godzilla: Planet of the Monsters;Filme;2017;NULL;NULL;Animation Action Science Fiction;Polygon Pictures;6.4;12+;89
Netflix;Us and Them;Filme;2018;NULL;NULL;Drama Romance;Tianjin Maoyan Weying Media;7.6;Livre;120
Netflix;The Midnight Sky;Filme;2020;NULL;NULL;Science Fiction Drama;Smoke House Pictures;5.738;12+;118
Netflix;Kill Boksoon;Filme;2023;NULL;NULL;Action Drama Thriller Crime;See Át Film;6.824;16+;137
Netflix;Barbie and Stacie to the Rescue;Filme;2024;NULL;NULL;Animation Family;Mainframe Studios;7.333;Livre;60
Netflix;Project Power;Filme;2020;NULL;NULL;Action Crime Science Fiction;Screen Arcade;6.441;16+;113
Netflix;Chasing the Wind;Filme;2025;NULL;NULL;Romance;O3 Medya;6.2;Livre;96
Netflix;Naruto Shippuden the Movie: Bonds;Filme;2008;NULL;NULL;Fantasy Animation Action;Pierrot;7.273;12+;90
Netflix;U-571;Filme;2000;NULL;NULL;War Action Adventure;Universal Pictures;6.5;12+;116
Netflix;Geostorm;Filme;2017;NULL;NULL;Action Science Fiction Thriller;Twisted Media;6.1;12+;109
Netflix;A Whisker Away;Filme;2020;NULL;NULL;Animation Drama Romance Fantasy;Studio Colorido;7.898;10+;104
Netflix;Kleks Academy;Filme;2024;NULL;NULL;Fantasy Adventure Family;Open Mind Production;6.1;Livre;130
Netflix;Non Negotiable;Filme;2024;NULL;NULL;Action Thriller Comedy Drama;Tiger House;6.092;12+;86
Netflix;Wendell & Wild;Filme;2022;NULL;NULL;Animation Comedy Family Fantasy Horror;The Gotham Group;6.651;12+;105
Netflix;Chupa;Filme;2023;NULL;NULL;Adventure Fantasy Family;26th Street Pictures;6.3;10+;98
Netflix;Trap;Filme;2024;NULL;NULL;Thriller Mystery Horror;Blinding Edge Pictures;6.315;12+;105
Netflix;Unbroken;Filme;2014;NULL;NULL;Drama War;Legendary Pictures;7.425;12+;137
Netflix;Race;Filme;2016;NULL;NULL;Drama History;Trinity Race;7.2;12+;134
Netflix;Cats;Filme;2019;NULL;NULL;Fantasy Comedy Drama;Universal Pictures;4.049;10+;110
Netflix;The Bubble;Filme;2022;NULL;NULL;Comedy;Apatow Productions;4.602;16+;127
Netflix;Migration;Filme;2023;NULL;NULL;Animation Adventure Comedy Family;Universal Pictures;7.4;10+;83
Netflix;Seoul Vibe;Filme;2022;NULL;NULL;Action Crime Comedy;ANDMARQ Studio;6.5;16+;140
Netflix;The Seven Deadly Sins: Grudge of Edinburgh Part 2;Filme;2023;NULL;NULL;Action Adventure Fantasy Animation;Marvy Jack;7.2;12+;55
Netflix;Death Before the Wedding;Filme;2025;NULL;NULL;Comedy Romance;MAG Entertainment;5.1;12+;106
Netflix;AKA;Filme;2023;NULL;NULL;Action;Inoxy Films;6.872;Livre;122
Netflix;Hot Girls Wanted;Filme;2015;NULL;NULL;Documentary;Two to Tangle Productions;6.1;18+;84
Netflix;Trainwreck;Filme;2015;NULL;NULL;Comedy Romance;Apatow Productions;5.801;16+;125
Netflix;The Babysitter: Killer Queen;Filme;2020;NULL;NULL;Comedy Horror;Wonderland Sound and Vision;6.345;16+;101
Netflix;Bad Influence;Filme;2025;NULL;NULL;Thriller Drama Romance;N&L Films;5.666;Livre;106
Netflix;The Biggest Fan;Filme;2025;NULL;NULL;Comedy;Gaumont;6.0;Livre;91
Netflix;The Kissing Booth 2;Filme;2020;NULL;NULL;Comedy Romance;Komixx Entertainment;7.629;12+;132
Netflix;Kabhi Haan Kabhi Naa;Filme;1994;NULL;NULL;Romance Comedy Drama;;6.5;Livre;158
Netflix;PK;Filme;2014;NULL;NULL;Comedy Drama Science Fiction;Rajkumar Hirani Films;7.7;12+;153
Netflix;Gerald's Game;Filme;2017;NULL;NULL;Horror Thriller;Intrepid Pictures;6.4;Livre;104
Netflix;Asphalt Burning;Filme;2020;NULL;NULL;Action Comedy;Filmkameratene;5.537;Livre;100
Netflix;Hustle;Filme;2022;NULL;NULL;Drama Comedy;Roth-Kirschenbaum Films;7.738;16+;117
Netflix;Power Rangers;Filme;2017;NULL;NULL;Action Adventure Science Fiction;Lionsgate;6.256;12+;124
Netflix;Heart of the Hunter;Filme;2024;NULL;NULL;Action;Scene23;5.894;16+;108
Netflix;His House;Filme;2020;NULL;NULL;Drama Horror;New Regency Pictures;6.4;Livre;93
Netflix;Hot Frosty;Filme;2024;NULL;NULL;Romance Comedy;Muse Entertainment;6.0;10+;90
Netflix;Boxer;Filme;2024;NULL;NULL;Drama;Open Mind Production;7.1;16+;150
Netflix;Guillermo del Toro's Pinocchio;Filme;2022;NULL;NULL;Animation Fantasy Adventure;The Jim Henson Company;8.06;10+;117
Netflix;Pokémon the Movie: Mewtwo Strikes Back - Evolution;Filme;2019;NULL;NULL;Animation Adventure Fantasy Action Family;OLM;6.7;10+;98
Netflix;Words Bubble Up Like Soda Pop;Filme;2021;NULL;NULL;Animation Romance Drama;Signal.MD;7.327;10+;88
Netflix;Rear Window;Filme;1954;NULL;NULL;Thriller Mystery;Paramount Pictures;8.352;10+;112
Netflix;Talk to Me;Filme;2023;NULL;NULL;Horror;Causeway Films;7.158;16+;95
Netflix;Court: State vs. A Nobody;Filme;2025;NULL;NULL;Drama Romance Crime;Wall Poster Cinema;7.333;Livre;149
Netflix;RRR;Filme;2022;NULL;NULL;Action Adventure Drama;DVV Entertainment;7.8;Livre;185
Netflix;The Heart Knows;Filme;2025;NULL;NULL;Romance Drama;Leyenda Films;6.885;Livre;89
Netflix;We Have a Ghost;Filme;2023;NULL;NULL;Comedy Fantasy Horror;Temple Hill Entertainment;6.49;12+;127
Netflix;Past Lives;Filme;2023;NULL;NULL;Drama Romance;A24;7.7;12+;106
Netflix;Hotel Transylvania;Filme;2012;NULL;NULL;Animation Comedy Family Fantasy;Columbia Pictures;6.961;10+;91
Netflix;Extraction;Filme;2020;NULL;NULL;Action Thriller;AGBO;7.3;16+;116
Netflix;All Quiet on the Western Front;Filme;2022;NULL;NULL;War History Drama;Amusement Park Films;7.726;16+;147
Netflix;Worth;Filme;2021;NULL;NULL;History Drama;MadRiver Pictures;6.7;12+;118
Netflix;Vivo;Filme;2021;NULL;NULL;Animation Family Comedy;Sony Pictures Animation;7.3;10+;103
Netflix;Naruto the Movie: Guardians of the Crescent Moon Kingdom;Filme;2006;NULL;NULL;Adventure Animation Action;Pierrot;7.065;12+;95
Netflix;Wallace & Gromit: Vengeance Most Fowl;Filme;2024;NULL;NULL;Family Comedy Adventure Animation;Aardman;7.554;10+;79
Netflix;Texas Chainsaw Massacre;Filme;2022;NULL;NULL;Horror Crime Thriller;Legendary Pictures;5.2;16+;83
Netflix;The Book of Clarence;Filme;2024;NULL;NULL;Adventure Comedy Drama;Legendary Pictures;5.9;12+;129
Netflix;Bad Genius;Filme;2017;NULL;NULL;Drama Crime Thriller Comedy;Jor Kwang Films;7.9;12+;130
Netflix;Kal Ho Naa Ho;Filme;2003;NULL;NULL;Comedy Drama Romance;Dharma Productions;7.4;10+;187
Netflix;Anyone But You;Filme;2023;NULL;NULL;Romance Comedy;Olive Bridge Entertainment;6.9;16+;103
Netflix;Chaos: The Manson Murders;Filme;2025;NULL;NULL;Documentary Crime;Moxie Pictures;6.0;16+;96
Netflix;One More Shot;Filme;2024;NULL;NULL;Action Thriller;Signature Films;6.5;16+;102
Netflix;The Room Next Door;Filme;2024;NULL;NULL;Drama;El Deseo;6.8;12+;106
Netflix;The Pale Blue Eye;Filme;2022;NULL;NULL;Thriller Crime Horror Mystery;Cross Creek Pictures;6.8;16+;128
Netflix;Ballerina;Filme;2023;NULL;NULL;Action Thriller;Climax Studios;7.0;16+;93
Netflix;Pangolin: Kulu's Journey;Filme;2025;NULL;NULL;Documentary;Anonymous Content;7.6;10+;90
Netflix;Emilia Pérez;Filme;2024;NULL;NULL;Drama Thriller;Why Not Productions;6.616;16+;132
Netflix;One Piece: Adventure of Nebulandia;Filme;2015;NULL;NULL;Action Animation Adventure Comedy Fantasy TV Movie;Toei Animation;7.7;12+;106
Netflix;Retro;Filme;2025;NULL;NULL;Romance Action Drama Crime;2D Entertainment;6.0;Livre;162
Netflix;Midway;Filme;2019;NULL;NULL;Action War History;AGC Studios;7.1;12+;138
Netflix;Godzilla x Kong: The New Empire;Filme;2024;NULL;NULL;Action Adventure Science Fiction;Legendary Pictures;7.1;12+;115
Netflix;Field of Dreams;Filme;1989;NULL;NULL;Drama Fantasy;Universal Pictures;7.103;10+;107
Netflix;tick tick... BOOM!;Filme;2021;NULL;NULL;Drama Music;Imagine Entertainment;7.615;12+;115
Netflix;Judy;Filme;2019;NULL;NULL;Drama History Music;BBC Film;6.708;12+;118
Netflix;Psycho;Filme;1960;NULL;NULL;Horror Thriller Mystery;Shamley Productions;8.422;16+;109
Netflix;The Night Before;Filme;2015;NULL;NULL;Comedy Adventure Fantasy;Sony Pictures;6.1;16+;101
Netflix;Nobody Sleeps in the Woods Tonight;Filme;2020;NULL;NULL;Comedy Horror;Akson Studio;5.24;Livre;102
Netflix;The Holiday;Filme;2006;NULL;NULL;Comedy Romance;Columbia Pictures;7.092;12+;136
Netflix;The Tutor;Filme;2023;NULL;NULL;Mystery Thriller Action;Vertical;6.157;16+;92
Netflix;High & Low The Worst X;Filme;2022;NULL;NULL;Action;Shochiku;7.6;12+;119
Netflix;Behind the Curtain: Stranger Things: The First Shadow;Filme;2025;NULL;NULL;Documentary;MakeMake;8.3;12+;85
Netflix;Trollhunters: Rise of the Titans;Filme;2021;NULL;NULL;Animation Fantasy Family Action Adventure;Double Dare You;7.5;10+;106
Netflix;Little Siberia;Filme;2025;NULL;NULL;Comedy Thriller Drama;Bufo;5.8;16+;105
Netflix;Do Revenge;Filme;2022;NULL;NULL;Comedy Thriller Romance;Likely Story;6.413;16+;118
Netflix;Avicii - I'm Tim;Filme;2024;NULL;NULL;Documentary Music;Candamo Film;8.1;16+;97
Netflix;Next Gen;Filme;2018;NULL;NULL;Animation Action Adventure Comedy Family Science Fiction;Baozou Manhua;6.977;10+;105
Netflix;Boy Erased;Filme;2018;NULL;NULL;Drama;Anonymous Content;7.0;16+;115
Netflix;Tall Girl;Filme;2019;NULL;NULL;Comedy Drama Romance;Wonderland Sound and Vision;6.304;10+;101
Netflix;The First Slam Dunk;Filme;2022;NULL;NULL;Animation Comedy Drama;Toei Animation;7.8;12+;125
Netflix;Mending the Line;Filme;2023;NULL;NULL;Drama War;ArtImage Entertainment;6.4;16+;117
Netflix;Focus;Filme;2015;NULL;NULL;Romance Comedy Crime;K & S Films;6.9;16+;105
Netflix;Lakshya;Filme;2004;NULL;NULL;War Action Drama Romance;Excel Entertainment;6.648;Livre;186
Netflix;The Bad Guys: Haunted Heist;Filme;2024;NULL;NULL;Animation Comedy;DreamWorks Animation Television;7.0;10+;25
Netflix;Kill 'em All 2;Filme;2024;NULL;NULL;Action Crime Thriller;Iervolino & Lady Bacardi Entertainment;6.7;16+;85
Netflix;The Man from Toronto;Filme;2022;NULL;NULL;Action Adventure Comedy;Escape Artists;6.4;12+;113
Netflix;Outlaw;Filme;2024;NULL;NULL;Action Crime Drama;Tx Filmes;6.2;Livre;80
Netflix;Viral;Filme;2016;NULL;NULL;Drama Horror Science Fiction;IM Global Octane;5.6;16+;86
Netflix;Here;Filme;2024;NULL;NULL;Drama;Miramax;6.7;12+;105
Netflix;Return to the Blue Lagoon;Filme;1991;NULL;NULL;Adventure Drama;Price Entertainment;6.2;12+;98
Netflix;Time to Hunt;Filme;2020;NULL;NULL;Drama Action Thriller;Sidus;7.2;Livre;135
Netflix;Kabir Singh;Filme;2019;NULL;NULL;Drama Romance;Cine1 Studios;6.464;Livre;172
Netflix;Maria;Filme;2024;NULL;NULL;History Drama Music;The Apartment Pictures;6.465;16+;122
Netflix;Baby Mama;Filme;2008;NULL;NULL;Comedy Romance;Relativity Media;6.0;12+;99
Netflix;The Highwaymen;Filme;2019;NULL;NULL;Crime Drama Thriller;Casey Silver Productions;6.752;16+;133
Netflix;Happy New Year;Filme;2014;NULL;NULL;Action Comedy Crime Adventure;Red Chillies Entertainment;6.1;12+;180
Netflix;The Garfield Movie;Filme;2024;NULL;NULL;Family Comedy Adventure Animation;Alcon Entertainment;7.061;10+;100
Netflix;Triple Frontier;Filme;2019;NULL;NULL;Action Thriller Crime Adventure;Atlas Entertainment;6.3;16+;125
Netflix;Sooryavanshi;Filme;2021;NULL;NULL;Action Crime Thriller;Reliance Entertainment;5.8;Livre;145
Netflix;Lost in Starlight;Filme;2025;NULL;NULL;Animation Romance Science Fiction;Climax Studios;7.635;10+;96
Netflix;Life or Something Like It;Filme;2002;NULL;NULL;Comedy Drama Romance;Monarchy Enterprises S.a.r.l.;5.7;12+;103
Netflix;Black Clover: Sword of the Wizard King;Filme;2023;NULL;NULL;Animation Fantasy Action Adventure;Pierrot;8.2;12+;113
Netflix;The Pig the Snake and the Pigeon;Filme;2023;NULL;NULL;Crime Drama Thriller;An Attitude Production;7.3;Livre;134
Netflix;The House;Filme;2022;NULL;NULL;Animation Drama Comedy Horror Fantasy;Nexus Studios;7.0;12+;97
Netflix;The Most Beautiful Girl in the World;Filme;2025;NULL;NULL;Comedy Drama Romance;Paragon Pictures;6.4;12+;122
Netflix;Kushi;Filme;2023;NULL;NULL;Romance Comedy Drama;Mythri Movie Makers;5.1;Livre;163
Netflix;Kung Fu Panda 4;Filme;2024;NULL;NULL;Animation Family Action Comedy Adventure Fantasy;DreamWorks Animation;7.1;10+;94
Netflix;To Catch a Killer;Filme;2023;NULL;NULL;Thriller Crime Drama;FilmNation Entertainment;6.9;16+;119
Netflix;The Ghazi Attack;Filme;2017;NULL;NULL;Action War Thriller History;Matinee Entertainment;7.0;Livre;126
Netflix;The Adam Project;Filme;2022;NULL;NULL;Adventure Science Fiction Action Comedy;Skydance Media;7.021;12+;106
Netflix;Interceptor;Filme;2022;NULL;NULL;Action Thriller Adventure;Ambience Entertainment;6.058;Livre;98
Netflix;Sextuplets;Filme;2019;NULL;NULL;Comedy;Wayans Alvarez Productions;6.2;Livre;100
Netflix;Meiyazhagan;Filme;2024;NULL;NULL;Family Drama;2D Entertainment;7.481;Livre;177
Netflix;Black Hawk Down;Filme;2001;NULL;NULL;Action War History;Jerry Bruckheimer Films;7.387;16+;145
Netflix;Get Him to the Greek;Filme;2010;NULL;NULL;Adventure Comedy Music;Apatow Productions;6.0;16+;109
Netflix;I'm Still Here;Filme;2024;NULL;NULL;Drama History;VideoFilmes;7.97;12+;138
Netflix;Love at First Sight;Filme;2023;NULL;NULL;Romance Drama;ACE Pictures Entertainment;7.2;12+;91
Netflix;Thelma the Unicorn;Filme;2024;NULL;NULL;Animation Fantasy Family;Netflix;7.0;10+;98
Netflix;The Love Scam;Filme;2025;NULL;NULL;Comedy Romance;HT Film;6.4;16+;101
Netflix;The Dead Don't Die;Filme;2019;NULL;NULL;Horror Comedy Fantasy;Focus Features;5.442;16+;104
Netflix;Despicable Me 4;Filme;2024;NULL;NULL;Animation Family Comedy Science Fiction;Universal Pictures;7.039;10+;94
Netflix;Exterritorial;Filme;2025;NULL;NULL;Thriller Action;Constantin Television;6.758;16+;109
Netflix;JUNG_E;Filme;2023;NULL;NULL;Science Fiction;Climax Studios;6.1;Livre;98
Netflix;Woody Woodpecker Goes to Camp;Filme;2024;NULL;NULL;Family Comedy Animation;Universal 1440 Entertainment;6.4;10+;101
Netflix;The Devil's Own;Filme;1997;NULL;NULL;Crime Thriller Drama;Columbia Pictures;6.2;16+;107
Netflix;Baki Hanma VS Kengan Ashura;Filme;2024;NULL;NULL;Animation Action Fantasy;TMS Entertainment;7.5;16+;60
Netflix;Army of Thieves;Filme;2021;NULL;NULL;Action Crime Comedy;Pantaleon Films;6.8;16+;127
Netflix;MAD;Filme;2023;NULL;NULL;Comedy Romance Drama;Sithara Entertainments;6.3;Livre;124
Netflix;The Wonderful Story of Henry Sugar;Filme;2023;NULL;NULL;Comedy Fantasy Adventure;American Empirical Pictures;7.236;10+;39
Netflix;The World's Fastest Indian;Filme;2005;NULL;NULL;Drama Adventure History;New Zealand Film Commission;7.7;12+;127
Netflix;The Boss Baby;Filme;2017;NULL;NULL;Animation Comedy Family;DreamWorks Animation;6.5;10+;97
Netflix;Outside;Filme;2024;NULL;NULL;Horror Thriller;Black Cap Pictures;6.1;16+;142
Netflix;Demon City;Filme;2025;NULL;NULL;Action Crime Fantasy Thriller;Netflix;7.0;16+;106
Netflix;High Society;Filme;2018;NULL;NULL;Drama;Hive Media Corp;5.5;Livre;119
Netflix;The Witcher: Sirens of the Deep;Filme;2025;NULL;NULL;Animation Fantasy Action;Studio Mir;6.929;16+;92
Netflix;Bāhubali: The Beginning;Filme;2015;NULL;NULL;Action Adventure Fantasy Drama;Arka Media Works;7.5;Livre;159
Netflix;13th;Filme;2016;NULL;NULL;Documentary;Kandoo Films;7.9;Livre;100
Netflix;You Hurt My Feelings;Filme;2023;NULL;NULL;Comedy Drama Romance;Likely Story;6.379;16+;93
Netflix;The Lost Children;Filme;2024;NULL;NULL;Documentary;Grain Media;7.4;12+;97
Netflix;The Merry Gentlemen;Filme;2024;NULL;NULL;Romance Comedy;Hybrid;5.803;10+;88
Netflix;The Rose of Versailles;Filme;2025;NULL;NULL;Animation Romance Drama History;MAPPA;7.2;12+;113
Netflix;The Last Letter from Your Lover;Filme;2021;NULL;NULL;Drama Romance;Blueprint Pictures;7.389;Livre;110
Netflix;God's Crooked Lines;Filme;2022;NULL;NULL;Drama Mystery Thriller;Nostromo Pictures;7.3;Livre;155
Netflix;Squad 36;Filme;2025;NULL;NULL;Action Crime Drama Thriller;Gaumont;6.4;16+;124
Netflix;Pedro Páramo;Filme;2024;NULL;NULL;Drama Mystery Thriller Horror Fantasy Western;Woo Films;6.8;16+;131
Netflix;Code 8;Filme;2019;NULL;NULL;Science Fiction Action Crime;Colony Pictures;6.262;Livre;99
Netflix;Lost Ladies;Filme;2024;NULL;NULL;Comedy Drama Romance;Aamir Khan Productions;7.7;Livre;123
Netflix;The Trial of the Chicago 7;Filme;2020;NULL;NULL;Drama History;DreamWorks Pictures;7.684;16+;130
Netflix;Now You See Me;Filme;2013;NULL;NULL;Thriller Crime;Summit Entertainment;7.334;12+;116
Netflix;365 Days;Filme;2020;NULL;NULL;Romance Drama;Ekipa;7.0;16+;116
Netflix;The Courier;Filme;2024;NULL;NULL;Thriller Crime;Vaca Films;6.429;16+;102
Netflix;18×2 Beyond Youthful Days;Filme;2024;NULL;NULL;Romance Drama;Jumpboys Films;7.1;Livre;124
Netflix;Reptile;Filme;2023;NULL;NULL;Crime Mystery Thriller Drama;Black Label Media;6.673;16+;136
Netflix;How to Make Millions Before Grandma Dies;Filme;2024;NULL;NULL;Drama;GDH 559;8.095;Livre;126
Netflix;Last Bullet;Filme;2025;NULL;NULL;Action Crime Thriller Drama;Inoxy Films;6.648;16+;111
Netflix;The Wandering Earth;Filme;2019;NULL;NULL;Science Fiction Action Drama;China Film Group Corporation;6.6;12+;126
Netflix;Starship Troopers;Filme;1997;NULL;NULL;Adventure Action Thriller Science Fiction;TriStar Pictures;7.083;16+;129
Netflix;The Wedding Planner;Filme;2001;NULL;NULL;Comedy Romance;Tapestry Films;5.929;12+;103
Netflix;A Futile and Stupid Gesture;Filme;2018;NULL;NULL;Comedy Drama;Abominable Pictures;6.46;16+;101
Netflix;Unlocked;Filme;2023;NULL;NULL;Thriller;Studio N;7.4;Livre;117
Netflix;Last Seen Alive;Filme;2022;NULL;NULL;Action Thriller;Voltage Pictures;6.4;16+;95
Netflix;Dynasty Warriors;Filme;2021;NULL;NULL;Action Adventure Fantasy;HMV Digital China Group Limited;5.9;12+;118
Netflix;Extremely Wicked Shockingly Evil and Vile;Filme;2019;NULL;NULL;Drama Crime;Ninjas Runnin' Wild Productions;7.0;16+;111
Netflix;Vicky Vidya Ka Woh Wala Video;Filme;2024;NULL;NULL;Comedy;T-Series;4.313;Livre;152
Netflix;A Cut Above;Filme;2022;NULL;NULL;Comedy Romance;A Fábrica;6.615;16+;90
Netflix;iHostage;Filme;2025;NULL;NULL;Thriller Crime Drama;Horizon Film Productions;6.0;16+;100
Netflix;Pandora;Filme;2016;NULL;NULL;Thriller Drama Action;Next Entertainment World;7.6;16+;136
Netflix;Hanna;Filme;2011;NULL;NULL;Action Thriller Adventure;Holleran Company;6.6;12+;111
Netflix;Boruto: Naruto the Movie;Filme;2015;NULL;NULL;Adventure Action Animation Comedy Fantasy;Pierrot;7.5;12+;95
Netflix;Extinct;Filme;2021;NULL;NULL;Animation Comedy Family Adventure;China Lion Entertainment Production;6.2;Livre;85
Netflix;Our Little Secret;Filme;2024;NULL;NULL;Romance Comedy Drama;Capital Arts Entertainment;6.297;12+;101
Netflix;Sonic the Hedgehog 2;Filme;2022;NULL;NULL;Action Adventure Family Comedy;Original Film;7.464;10+;123
Netflix;Laila Majnu;Filme;2018;NULL;NULL;Drama Romance;Balaji Motion Pictures;6.7;Livre;139
Netflix;The Loud House Movie;Filme;2021;NULL;NULL;Animation Family Comedy Adventure Fantasy;Nickelodeon Movies;7.4;Livre;83
Netflix;After;Filme;2019;NULL;NULL;Romance Drama;CalMaple Films;7.1;12+;106
Netflix;The Quintessential Quintuplets Movie;Filme;2022;NULL;NULL;Animation Comedy Romance;Pony Canyon;8.322;Livre;136
Netflix;Ocean's Thirteen;Filme;2007;NULL;NULL;Crime Thriller;Warner Bros. Pictures;6.721;12+;122
Netflix;Mike Birbiglia: The Good Life;Filme;2025;NULL;NULL;Comedy;Best Kept Secret;7.6;12+;77
Netflix;Old Dads;Filme;2023;NULL;NULL;Comedy;All Things Comedy;6.2;16+;102
Netflix;Maharaja;Filme;2024;NULL;NULL;Action Thriller;Passion Studios;7.77;Livre;141
Netflix;Srikanth;Filme;2024;NULL;NULL;Drama;Chalk and Cheese Films;7.531;Livre;134
Netflix;Over the Moon;Filme;2020;NULL;NULL;Animation Adventure Family Fantasy;Janet Yang Productions;7.203;10+;95
Netflix;Blonde;Filme;2022;NULL;NULL;Drama;Plan B Entertainment;5.9;18+;167
Netflix;Silenced;Filme;2011;NULL;NULL;Drama;Sangeori Pictures;8.1;Livre;125
Netflix;The Boy Who Harnessed the Wind;Filme;2019;NULL;NULL;Drama History;Participant;7.9;Livre;113
Netflix;Bulbbul;Filme;2020;NULL;NULL;Horror Fantasy Thriller;Clean Slate Films;6.542;Livre;94
Netflix;Chicken Run: Dawn of the Nugget;Filme;2023;NULL;NULL;Family Animation Adventure Comedy;Aardman;6.98;10+;101
Netflix;The Monkey King;Filme;2023;NULL;NULL;Animation Fantasy Adventure Family Comedy;Netflix;6.6;10+;92
Netflix;Dune;Filme;1984;NULL;NULL;Action Science Fiction Adventure;The De Laurentiis Company;6.182;12+;137
Netflix;Melancholia;Filme;2011;NULL;NULL;Drama Science Fiction;Zentropa Entertainments;7.171;16+;130
Netflix;Asterix & Obelix: The Middle Kingdom;Filme;2023;NULL;NULL;Family Comedy Adventure;Les Éditions Albert René;4.847;10+;112
Netflix;Delicious;Filme;2025;NULL;NULL;Thriller Drama;Komplizen Film;4.7;16+;102
Netflix;Fear Street: 1666;Filme;2021;NULL;NULL;Mystery Horror;Chernin Entertainment;7.102;16+;115
Netflix;Pieces of a Woman;Filme;2020;NULL;NULL;Drama;Bron Studios;7.023;16+;127
Netflix;Mr. & Mrs. Mahi;Filme;2024;NULL;NULL;Drama Romance;Dharma Productions;6.2;Livre;139
Netflix;Trust;Filme;2010;NULL;NULL;Crime Drama Thriller;Dark Harbor Stories;6.6;16+;104
Netflix;War Machine;Filme;2017;NULL;NULL;Comedy Drama War;Plan B Entertainment;5.6;16+;122
Netflix;Under Paris;Filme;2024;NULL;NULL;Action Horror;Let Me Be;5.942;16+;104
Netflix;Blade of the 47 Ronin;Filme;2022;NULL;NULL;Fantasy;Universal 1440 Entertainment;6.469;16+;106
Netflix;The American;Filme;2010;NULL;NULL;Crime Drama Thriller;Twins Financing;5.97;16+;104
Netflix;Wallace & Gromit: The Curse of the Were-Rabbit;Filme;2005;NULL;NULL;Adventure Animation Comedy Family;Aardman;7.111;Livre;85
Netflix;The Birds;Filme;1963;NULL;NULL;Horror Thriller;Alfred J. Hitchcock Productions;7.518;Livre;120
Netflix;Stand by Me Doraemon 2;Filme;2020;NULL;NULL;Animation Family Science Fiction Adventure;TOHO;7.8;10+;96
Netflix;La Dolce Villa;Filme;2025;NULL;NULL;Romance Comedy;Front Row Films;6.293;10+;99
Netflix;Midnight in the Switchgrass;Filme;2021;NULL;NULL;Crime Mystery Thriller Action;Pimienta;5.8;16+;99
Netflix;Uglies;Filme;2024;NULL;NULL;Science Fiction Adventure Action;Davis Entertainment;5.8;12+;100
Netflix;Bone Tomahawk;Filme;2015;NULL;NULL;Western Horror Drama;Caliber Media Company;6.9;Livre;133
Netflix;365 Days: This Day;Filme;2022;NULL;NULL;Romance Drama;Ekipa;5.901;16+;111
Netflix;Art of Love;Filme;2024;NULL;NULL;Romance Action Drama;;6.4;12+;99
Netflix;Adipurush;Filme;2023;NULL;NULL;History Action Adventure Fantasy;Retrophiles;4.9;Livre;179
Netflix;Rurouni Kenshin Part I: Origins;Filme;2012;NULL;NULL;Adventure Action Fantasy War History;Studio Swan;7.5;12+;134
Netflix;Tudum: A Netflix Global Fan Event;Filme;2025;NULL;NULL;TV Movie;;5.667;Livre;116
Netflix;20th Century Girl;Filme;2022;NULL;NULL;Romance Drama;Yong Film;8.2;Livre;119
Netflix;Mononoke the Movie: The Phantom in the Rain;Filme;2024;NULL;NULL;Animation Fantasy Mystery;EOTA;7.2;12+;91
Netflix;Land of Bad;Filme;2024;NULL;NULL;Action War Thriller;Broken Open Pictures;7.3;16+;113
Netflix;The Two Popes;Filme;2019;NULL;NULL;Drama History;Rideback;7.491;12+;125
Netflix;Us;Filme;2019;NULL;NULL;Horror Mystery Thriller;Monkeypaw Productions;6.959;16+;116
Netflix;Neighbors;Filme;2014;NULL;NULL;Comedy;Good Universe;6.188;16+;97
Netflix;Love in Taipei;Filme;2023;NULL;NULL;Romance Comedy Drama;ACE Entertainment;7.1;Livre;95
Netflix;My Little Pony: A New Generation;Filme;2021;NULL;NULL;Animation Family Fantasy Comedy Adventure;Boulder Media;7.7;10+;90
Netflix;Murder Mystery;Filme;2019;NULL;NULL;Action Comedy Mystery;Vinson Films;6.272;12+;97
Netflix;Mantra Warrior: The Legend of The Eight Moons;Filme;2023;NULL;NULL;Animation Action Adventure Fantasy Science Fiction;RiFF studio;7.4;Livre;90
Netflix;Heat;Filme;1995;NULL;NULL;Crime Drama Action;Warner Bros. Pictures;7.921;16+;170
Netflix;Neon Genesis Evangelion: The End of Evangelion;Filme;1997;NULL;NULL;Animation Science Fiction Action Drama;GAINAX;8.3;Livre;87
Netflix;Sikandar;Filme;2025;NULL;NULL;Action Drama;Nadiadwala Grandson Entertainment;5.2;Livre;133
Netflix;Time Cut;Filme;2024;NULL;NULL;Horror Science Fiction Thriller;ACE Entertainment;5.6;12+;90
Netflix;Afraid;Filme;2024;NULL;NULL;Horror Science Fiction Thriller;Blumhouse Productions;5.953;12+;84
Netflix;Dunkirk;Filme;2017;NULL;NULL;War Action Drama;Warner Bros. Pictures;7.451;12+;107
Netflix;Sierra Burgess Is a Loser;Filme;2018;NULL;NULL;Comedy Drama Romance;Black Label Media;6.3;12+;105
Netflix;Sniper;Filme;1993;NULL;NULL;Action Drama Thriller;TriStar Pictures;6.2;16+;98
Netflix;Couples Retreat;Filme;2009;NULL;NULL;Comedy Romance;Stuber Pictures;5.6;12+;113
Netflix;Hidden Strike;Filme;2023;NULL;NULL;Action Comedy Thriller;Talent International Media;6.937;12+;103
Netflix;Zindagi Na Milegi Dobara;Filme;2011;NULL;NULL;Drama Comedy Romance;Excel Entertainment;7.6;Livre;154
Netflix;Mirage;Filme;2018;NULL;NULL;Thriller Drama Mystery Fantasy;Think Studio;7.5;16+;129
Netflix;Paddington in Peru;Filme;2024;NULL;NULL;Family Comedy Adventure;Marmalade Pictures;6.863;10+;106
Netflix;The Drug King;Filme;2018;NULL;NULL;Crime Action Drama;Hive Media Corp;6.301;Livre;139
Netflix;Love O2O;Filme;2016;NULL;NULL;Drama Comedy Romance;;6.616;Livre;105
Netflix;You Are So Not Invited to My Bat Mitzvah;Filme;2023;NULL;NULL;Comedy;Happy Madison Productions;6.421;12+;103
Netflix;The Dirt;Filme;2019;NULL;NULL;Drama Music History Comedy;10th Street Entertainment;7.45;16+;108
Netflix;Lion;Filme;2016;NULL;NULL;Drama;The Weinstein Company;8.045;12+;118
Netflix;Lady Chatterley's Lover;Filme;2022;NULL;NULL;Drama Romance;3000 Pictures;6.7;16+;126
Netflix;Wingwomen;Filme;2023;NULL;NULL;Action Comedy Drama;Gaumont;6.082;16+;114
Netflix;Izla;Filme;2021;NULL;NULL;Comedy Horror;OctoArts Films;5.0;Livre;85
Netflix;A Deadly American Marriage;Filme;2025;NULL;NULL;Documentary Crime;Knickerbockerglory TV;6.675;16+;103
Netflix;Never Back Down 2: The Beatdown;Filme;2011;NULL;NULL;Drama Action;Stage 6 Films;6.5;16+;99
Netflix;The Interview;Filme;2014;NULL;NULL;Action Comedy;Point Grey Pictures;6.183;16+;113
Netflix;Orion and the Dark;Filme;2024;NULL;NULL;Animation Family Comedy Fantasy Mystery;DreamWorks Animation;6.6;10+;90
Netflix;Aśoka;Filme;2001;NULL;NULL;Action Adventure Drama History Romance War;Red Chillies Entertainment;6.5;16+;175
Netflix;The Christmas Chronicles: Part Two;Filme;2020;NULL;NULL;Family Fantasy Adventure Comedy;1492 Pictures;6.5;10+;112
Netflix;Close;Filme;2019;NULL;NULL;Action Adventure Thriller;Jewson Film;6.0;16+;95
Netflix;To All the Boys I've Loved Before;Filme;2018;NULL;NULL;Comedy Romance;Awesomeness Films;7.605;12+;100
Netflix;A Haunted House 2;Filme;2014;NULL;NULL;Comedy Horror;Automatik Entertainment;6.2;16+;87
Netflix;Family Pack;Filme;2024;NULL;NULL;Adventure Comedy Fantasy Action;Radar Films;5.6;12+;95
Netflix;The Shadow Strays;Filme;2024;NULL;NULL;Action Crime Thriller;Frontier Pictures;7.256;16+;145
Netflix;Beasts of No Nation;Filme;2015;NULL;NULL;Drama War;Participant;7.6;16+;137
Netflix;The Seven Deadly Sins: Grudge of Edinburgh Part 1;Filme;2022;NULL;NULL;Animation Fantasy Adventure Action;Marvy Jack;7.783;12+;52
Netflix;Your Name Engraved Herein;Filme;2020;NULL;NULL;Romance Drama;Oxygen Film Studio;7.9;Livre;114
Netflix;Hunter x Hunter: Phantom Rouge;Filme;2013;NULL;NULL;Animation Adventure Fantasy Action;Madhouse;7.1;12+;97
Netflix;Om Shanti Om;Filme;2007;NULL;NULL;Comedy Thriller Drama;Red Chillies Entertainment;7.1;10+;169
Netflix;We Can Be Heroes;Filme;2020;NULL;NULL;Family Action Fantasy Comedy;Troublemaker Studios;5.982;10+;97
Netflix;Jaat;Filme;2025;NULL;NULL;Action Crime Drama;Mythri Movie Makers;6.0;Livre;153
Netflix;Dumb and Dumber To;Filme;2014;NULL;NULL;Comedy;New Line Cinema;5.56;12+;110
Netflix;Now You See Me 2;Filme;2016;NULL;NULL;Thriller Crime;Summit Entertainment;6.824;12+;129
Netflix;Suzume;Filme;2022;NULL;NULL;Animation Drama Adventure Fantasy;CoMix Wave Films;7.922;10+;121
Netflix;Sandy Wexler;Filme;2017;NULL;NULL;Comedy;Happy Madison Productions;5.5;Livre;130
Netflix;Valhalla Rising;Filme;2009;NULL;NULL;Adventure Drama Action Fantasy;BBC Film;6.1;Livre;93
Netflix;Jersey;Filme;2022;NULL;NULL;Drama;Sithara Entertainments;7.1;Livre;175
Netflix;Emily the Criminal;Filme;2022;NULL;NULL;Crime Drama Thriller;Low Spark Films;6.669;16+;97
Netflix;Devara: Part 1;Filme;2024;NULL;NULL;Action Drama;N. T. R. Arts;7.0;12+;175
Netflix;After Ever Happy;Filme;2022;NULL;NULL;Romance Drama;Voltage Pictures;6.8;16+;95
Netflix;Maestro;Filme;2023;NULL;NULL;Drama Romance Music;Amblin Entertainment;6.313;16+;129
Netflix;Cyber Hell: Exposing an Internet Horror;Filme;2022;NULL;NULL;Documentary Crime;Indiestory;7.2;Livre;105
Netflix;Jawan;Filme;2023;NULL;NULL;Action Crime Thriller;Red Chillies Entertainment;7.1;12+;169
Netflix;House of Ga'a;Filme;2024;NULL;NULL;Action History;BAP Productions;5.5;16+;120
Netflix;Lucky Baskhar;Filme;2024;NULL;NULL;Drama Thriller Crime;Sithara Entertainments;7.521;Livre;148
Netflix;The Ridiculous 6;Filme;2015;NULL;NULL;Western Comedy Action Adventure;Happy Madison Productions;5.2;12+;119
Netflix;Mobile Suit Gundam I;Filme;1981;NULL;NULL;Animation Science Fiction Action;SUNRISE;6.718;12+;139
Netflix;Popstar: Never Stop Never Stopping;Filme;2016;NULL;NULL;Comedy Music;Universal Pictures;6.6;16+;86
Netflix;Ouija: Origin of Evil;Filme;2016;NULL;NULL;Horror;Platinum Dunes;6.1;12+;99
Netflix;Will & Harper;Filme;2024;NULL;NULL;Documentary Comedy;Delirio Films;7.4;16+;114
Netflix;Child of Kamiari Month;Filme;2021;NULL;NULL;Animation Drama Fantasy Family;Cretica Universal;6.507;10+;100
Netflix;The Woman in the Window;Filme;2021;NULL;NULL;Crime Mystery Thriller;Fox 2000 Pictures;6.0;16+;102
Netflix;Bleach;Filme;2018;NULL;NULL;Action Fantasy Adventure;Cine Bazar;6.6;12+;108
Netflix;Mudbound;Filme;2017;NULL;NULL;Drama;Zeal Media;7.4;16+;135
Netflix;Lift;Filme;2024;NULL;NULL;Action Comedy Crime;Genre Films;6.4;12+;107
Netflix;Sniper: Ghost Shooter;Filme;2016;NULL;NULL;Action Drama War;UFO International Productions;6.3;16+;100
Netflix;Little Evil;Filme;2017;NULL;NULL;Horror Comedy;Bluegrass Films;5.6;Livre;94
Netflix;The Wonder;Filme;2022;NULL;NULL;Drama Mystery;Element Pictures;6.608;16+;108
Netflix;Filth;Filme;2013;NULL;NULL;Crime Drama Comedy;Egoli Tossell Film;6.9;16+;97
Netflix;Sweet Girl;Filme;2021;NULL;NULL;Action Thriller Drama;Pride of Gypsies;6.6;16+;110
Netflix;Crossroads;Filme;2002;NULL;NULL;Drama Romance Comedy;Paramount Pictures;5.2;12+;93
Netflix;Guntur Kaaram;Filme;2024;NULL;NULL;Action Drama;Haarika & Hassine Creations;5.6;Livre;156
Netflix;Flavors of Youth;Filme;2018;NULL;NULL;Animation Romance Drama;CoMix Wave Films;6.9;12+;74
Netflix;My Hero Academia: You're Next;Filme;2024;NULL;NULL;Animation Action Adventure Science Fiction;BONES;7.0;12+;110
Netflix;Ocean's Twelve;Filme;2004;NULL;NULL;Thriller Crime;Warner Bros. Pictures;6.564;12+;125
Netflix;Barbie;Filme;2023;NULL;NULL;Comedy Adventure;LuckyChap Entertainment;6.972;12+;114
Netflix;Leo;Filme;2023;NULL;NULL;Animation Comedy Family;Happy Madison Productions;7.4;10+;102
Netflix;Luckiest Girl Alive;Filme;2022;NULL;NULL;Drama Thriller Mystery;Orchard Farm Productions;6.531;16+;113
Netflix;Riverdance: The Animated Adventure;Filme;2021;NULL;NULL;Animation Fantasy Music Adventure Comedy Family;Cinesite Animation;5.951;Livre;86
Netflix;Peninsula;Filme;2020;NULL;NULL;Horror Action Thriller Adventure;Next Entertainment World;6.7;Livre;115
Netflix;The Seven Deadly Sins: Cursed by Light;Filme;2021;NULL;NULL;Animation Fantasy;Studio Deen;7.722;12+;79
Netflix;Uprising;Filme;2024;NULL;NULL;Action Drama History;Moho Film;7.1;16+;126
Netflix;The Titan;Filme;2018;NULL;NULL;Science Fiction Thriller;42;5.3;16+;97
Netflix;One of Them Days;Filme;2025;NULL;NULL;Comedy;TriStar Pictures;6.726;16+;97
Netflix;Dil Se..;Filme;1998;NULL;NULL;Drama Romance;RGV Film Factory;6.9;Livre;163
Netflix;Don't Look Up;Filme;2021;NULL;NULL;Comedy Science Fiction;Hyperobject Industries;7.072;16+;138
Netflix;Naruto Shippuden the Movie;Filme;2007;NULL;NULL;Animation Action Fantasy;Pierrot;7.387;12+;94
Netflix;The Goat Life;Filme;2024;NULL;NULL;Drama Adventure;Visual Romance;7.2;Livre;173
Netflix;Rustin;Filme;2023;NULL;NULL;Drama History;Higher Ground;6.618;12+;108
Netflix;The Twilight Saga: Breaking Dawn - Part 1;Filme;2011;NULL;NULL;Adventure Fantasy Romance;Summit Entertainment;6.2;12+;117
Netflix;Trolls;Filme;2016;NULL;NULL;Family Animation Fantasy Adventure Comedy Music;DreamWorks Animation;6.6;10+;92
Netflix;Death Whisperer 2;Filme;2024;NULL;NULL;Horror Thriller Action;M Studio;7.0;Livre;112
Netflix;Instant Family;Filme;2018;NULL;NULL;Comedy Drama;Closest to the Hole Productions;7.514;12+;118
Netflix;Dracula Untold;Filme;2014;NULL;NULL;Horror Action Fantasy;Universal Pictures;6.4;12+;92
Netflix;The Girl on the Train;Filme;2021;NULL;NULL;Drama Thriller;Reliance Entertainment;6.1;Livre;128
Netflix;Squid Game: Fireplace;Filme;2024;NULL;NULL;;;6.262;Livre;60
Netflix;Crazy Stupid Love.;Filme;2011;NULL;NULL;Comedy Drama Romance;Warner Bros. Pictures;7.3;12+;118
Netflix;Hudson Hawk;Filme;1991;NULL;NULL;Action Adventure Comedy;TriStar Pictures;5.7;16+;100
Netflix;Back to the Outback;Filme;2021;NULL;NULL;Family Animation Adventure Comedy;Netflix;7.701;10+;92
Netflix;Till Death;Filme;2021;NULL;NULL;Horror Thriller;Millennium Media;6.722;16+;89
Netflix;Damsel;Filme;2024;NULL;NULL;Fantasy Action Adventure;PCMA Productions;7.02;12+;107
Netflix;Curse of the Seven Seas;Filme;2024;NULL;NULL;Horror Thriller;Hitmaker Studios;6.0;Livre;94
Netflix;Spencer;Filme;2021;NULL;NULL;Drama History;FilmNation Entertainment;6.757;16+;116
Netflix;Sand Castle;Filme;2017;NULL;NULL;War Action Drama;The Mark Gordon Company;6.5;Livre;113
Netflix;Kneecap;Filme;2024;NULL;NULL;Music Comedy Drama;Mother Tongues Films;7.2;16+;105
Netflix;Lost Bullet 2;Filme;2022;NULL;NULL;Action Crime Thriller;Nolita;6.543;16+;98
Netflix;I Still Believe;Filme;2020;NULL;NULL;Music Drama Romance;Kevin Downes Productions;7.6;10+;115
Netflix;The Outrun;Filme;2024;NULL;NULL;Drama;BBC Film;6.8;16+;118
Netflix;Sikandar Ka Muqaddar;Filme;2024;NULL;NULL;Thriller Crime Mystery Action;Friday Storytellers;5.6;16+;143
Netflix;Drifting Home;Filme;2022;NULL;NULL;Animation Fantasy Adventure;Studio Colorido;7.4;10+;121
Netflix;The Sand Castle;Filme;2024;NULL;NULL;Thriller Mystery Drama Fantasy;Front Row Filmed Entertainment;5.6;12+;98
Netflix;After We Fell;Filme;2021;NULL;NULL;Romance Drama;Voltage Pictures;7.0;16+;99
Netflix;The Addams Family;Filme;1991;NULL;NULL;Comedy Fantasy;Paramount Pictures;7.056;12+;100
Netflix;Havoc;Filme;2025;NULL;NULL;Action Crime Thriller;XYZ Films;6.511;16+;107
Netflix;Cam;Filme;2018;NULL;NULL;Horror Mystery;Divide / Conquer;5.844;Livre;95
Netflix;Rim of the World;Filme;2019;NULL;NULL;Science Fiction Adventure Action Comedy;Wonderland Sound and Vision;6.0;10+;99
Netflix;3;Filme;2012;NULL;NULL;Drama Romance;Wunderbar Films;6.6;Livre;145
Netflix;Godzilla: The Planet Eater;Filme;2018;NULL;NULL;Animation Science Fiction Action Adventure;Polygon Pictures;6.522;10+;91
Netflix;Minnal Murali;Filme;2021;NULL;NULL;Action Comedy Fantasy;Weekend Blockbusters;7.1;Livre;158
Netflix;The Man Who Knew Too Much;Filme;1956;NULL;NULL;Thriller Mystery;Paramount Pictures;7.46;10+;120
Netflix;Nadaaniyan;Filme;2025;NULL;NULL;Romance Comedy Drama;Dharmatic Entertainment;6.0;12+;119
Netflix;Operation Mincemeat;Filme;2022;NULL;NULL;War History Drama;See-Saw Films;6.506;12+;128
Netflix;Sicario: Day of the Soldado;Filme;2018;NULL;NULL;Action Crime Thriller;Thunder Road;6.933;16+;122
Netflix;Marriage Story;Filme;2019;NULL;NULL;Drama;Heyday Films;7.7;16+;137
Netflix;Pushpa 2 - The Rule;Filme;2024;NULL;NULL;Action Drama Thriller Crime;Mythri Movie Makers;6.6;Livre;224
Netflix;The Kissing Booth;Filme;2018;NULL;NULL;Romance Comedy;Komixx Entertainment;7.188;12+;105
Netflix;Karol G: Tomorrow Was Beautiful;Filme;2025;NULL;NULL;Documentary Music;Interscope Films;8.026;16+;108
Netflix;Apostle;Filme;2018;NULL;NULL;Horror Mystery Drama Fantasy;XYZ Films;6.1;16+;130
Netflix;Last Christmas;Filme;2019;NULL;NULL;Comedy Romance;Universal Pictures;7.226;12+;102
Netflix;Chandramukhi 2;Filme;2023;NULL;NULL;Comedy Horror Drama;Lyca Productions;3.2;Livre;158
Netflix;Rebel Moon - Part One: A Child of Fire;Filme;2023;NULL;NULL;Science Fiction Action Adventure;The Stone Quarry;6.251;12+;134
Netflix;Seal Team;Filme;2021;NULL;NULL;Animation Family;Triggerfish;6.9;Livre;98
Netflix;Den of Thieves 2: Pantera;Filme;2025;NULL;NULL;Action Crime Thriller;Diamond Film Productions;6.723;16+;144
Netflix;The Guernsey Literary & Potato Peel Pie Society;Filme;2018;NULL;NULL;Romance Drama History;Blueprint Pictures;7.4;Livre;124
Netflix;Sixty Minutes;Filme;2024;NULL;NULL;Action Adventure Crime Drama Thriller;Nocturna Productions;6.8;16+;89
Netflix;Meet Me Next Christmas;Filme;2024;NULL;NULL;Romance Comedy;Roberts Media;6.4;10+;105
Netflix;Crew;Filme;2024;NULL;NULL;Comedy Drama;Balaji Motion Pictures;6.9;Livre;124
Netflix;Rudy;Filme;1993;NULL;NULL;Drama History;TriStar Pictures;7.4;10+;114
Netflix;1922;Filme;2017;NULL;NULL;Horror Crime Drama;Campfire Studios;5.9;Livre;102
Netflix;The Gray Man;Filme;2022;NULL;NULL;Action Thriller;AGBO;6.945;12+;129
Netflix;Society of the Snow;Filme;2023;NULL;NULL;Drama History;El Arriero Films;7.996;16+;144
Netflix;Fatherhood;Filme;2021;NULL;NULL;Drama Comedy;Columbia Pictures;7.511;12+;109
Netflix;The Equalizer 2;Filme;2018;NULL;NULL;Action Thriller Crime;Lonetree Entertainment;6.8;16+;121
Netflix;American Graffiti;Filme;1973;NULL;NULL;Comedy Drama;Universal Pictures;7.019;10+;110
Netflix;Deva;Filme;2025;NULL;NULL;Action Thriller Mystery Crime;Zee Studios;5.9;Livre;155
Netflix;Code 8 Part II;Filme;2024;NULL;NULL;Science Fiction Action Crime;XYZ Films;6.369;16+;101
Netflix;The Casagrandes Movie;Filme;2024;NULL;NULL;Animation Comedy Family;Nickelodeon Movies;7.1;10+;86
Netflix;"One Piece ""3D2Y"": Overcome Ace's Death! Luffy's Vow to his Friends";Filme;2014;NULL;NULL;Animation Action Adventure Comedy Fantasy;Toei Animation;7.0;12+;105
Netflix;Train to Busan;Filme;2016;NULL;NULL;Horror Thriller Action Adventure;Next Entertainment World;7.7;Livre;118
Netflix;Ali;Filme;2001;NULL;NULL;Drama;Columbia Pictures;6.763;16+;157
Netflix;Dhoom Dhaam;Filme;2025;NULL;NULL;Comedy Romance Action;B62 Studios;6.7;16+;109
Netflix;The Wages of Fear;Filme;2024;NULL;NULL;Action;TF1 Studio;6.2;16+;107
Netflix;The Last: Naruto the Movie;Filme;2014;NULL;NULL;Action Romance Animation;Aniplex;7.446;12+;114
Netflix;The Social Dilemma;Filme;2020;NULL;NULL;Documentary Drama;Exposure Labs;7.4;12+;94
Netflix;Carry-On;Filme;2024;NULL;NULL;Thriller Action;Dylan Clark Productions;6.9;12+;120
Netflix;After Earth;Filme;2013;NULL;NULL;Science Fiction Action Adventure;Columbia Pictures;5.2;12+;100
Netflix;I Now Pronounce You Chuck & Larry;Filme;2007;NULL;NULL;Comedy Romance;Universal Pictures;6.1;12+;115
Netflix;Amaran;Filme;2024;NULL;NULL;Action Drama Adventure War;Raajkamal Films International;7.4;Livre;169
Netflix;Unfrosted;Filme;2024;NULL;NULL;Comedy History;Columbus 81 Productions;5.3;12+;97
Netflix;The SpongeBob Movie: Sponge Out of Water;Filme;2015;NULL;NULL;Family Comedy Adventure Animation;Paramount Animation;6.084;10+;93
Netflix;Nightbooks;Filme;2021;NULL;NULL;Fantasy Family Horror;Ghost House Pictures;6.114;Livre;101
Netflix;Jodhaa Akbar;Filme;2008;NULL;NULL;Romance History Drama;UTV Motion Pictures;7.3;12+;213
Netflix;The Perfect Date;Filme;2019;NULL;NULL;Romance Comedy;Awesomeness Films;6.446;12+;93
Netflix;The Night Comes for Us;Filme;2018;NULL;NULL;Action Crime Thriller;Screenplay Infinite Films;6.9;16+;121
Netflix;Mr. Harrigan's Phone;Filme;2022;NULL;NULL;Drama Horror Mystery;Ryan Murphy Television;6.4;12+;105
Netflix;Crouching Tiger Hidden Dragon: Sword of Destiny;Filme;2016;NULL;NULL;Action Adventure Drama;The Weinstein Company;6.144;12+;103
Netflix;Heart of Stone;Filme;2023;NULL;NULL;Thriller Action;Skydance Media;6.8;12+;122
Netflix;The Wild Robot;Filme;2024;NULL;NULL;Animation Science Fiction Family;DreamWorks Animation;8.313;10+;102
Netflix;HIT: The Third Case;Filme;2025;NULL;NULL;Crime Thriller Action;Wall Poster Cinema;7.947;16+;157
Netflix;Fractured;Filme;2019;NULL;NULL;Thriller Drama;Koji Productions;6.7;16+;101
Netflix;One Piece Film Red;Filme;2022;NULL;NULL;Animation Adventure Action Fantasy Music;Toei Animation;7.2;12+;115
Netflix;Kabhi Alvida Naa Kehna;Filme;2006;NULL;NULL;Drama Romance;Dharma Productions;6.4;Livre;193
Netflix;Love Forever;Filme;2025;NULL;NULL;Romance Comedy Drama;Jarowskij;5.1;16+;96
Netflix;Dumb Money;Filme;2023;NULL;NULL;History Comedy Drama;Black Bear Pictures;6.696;16+;105
Netflix;Frozen Hot Boys;Filme;2025;NULL;NULL;Drama Comedy;Meeruangmalao;6.9;Livre;118
Netflix;Heart Eyes;Filme;2025;NULL;NULL;Horror Comedy Romance;Spyglass Media Group;6.4;16+;97
Netflix;The Mule;Filme;2018;NULL;NULL;Crime Drama;Imperative Entertainment;6.9;16+;116
Netflix;The Lost Daughter;Filme;2021;NULL;NULL;Drama;Endeavor Content;6.49;16+;121
Netflix;Obsessed;Filme;2009;NULL;NULL;Drama Thriller;Screen Gems;5.7;12+;108
Netflix;Da 5 Bloods;Filme;2020;NULL;NULL;War Drama;40 Acres and a Mule Filmworks;6.5;16+;155
Netflix;The Do-Over;Filme;2016;NULL;NULL;Action Adventure Comedy;Happy Madison Productions;5.7;12+;108
Netflix;The Nun;Filme;2018;NULL;NULL;Horror;New Line Cinema;5.899;16+;96
Netflix;Dawn of the Dead;Filme;2004;NULL;NULL;Horror Action;New Amsterdam Entertainment;7.1;16+;101
Netflix;Runaway Jury;Filme;2003;NULL;NULL;Drama Thriller;New Regency Pictures;6.928;12+;127
Netflix;Laal Singh Chaddha;Filme;2022;NULL;NULL;Drama Romance Family History;Aamir Khan Productions;6.405;12+;164
Netflix;Jack;Filme;2025;NULL;NULL;Comedy Crime Romance;Sri Venkateswara Cine Chitra;7.0;Livre;136
Netflix;Spiderhead;Filme;2022;NULL;NULL;Science Fiction Thriller;Grand Electric;5.792;16+;107
Netflix;Naruto Shippuden the Movie: The Lost Tower;Filme;2010;NULL;NULL;Adventure Action Animation;TOHO;7.113;12+;85
Netflix;Look Both Ways;Filme;2022;NULL;NULL;Romance Drama Comedy;Screen Arcade;6.9;12+;110
Netflix;Y Tu Mamá También;Filme;2001;NULL;NULL;Drama Romance;Bésame Mucho Pictures;7.415;Livre;106
Netflix;Kinda Pregnant;Filme;2025;NULL;NULL;Comedy Romance;Happy Madison Productions;5.617;16+;97
Netflix;Counterattack;Filme;2025;NULL;NULL;Action Adventure Thriller;Draco Films;8.329;16+;85
Netflix;Don't Move;Filme;2024;NULL;NULL;Horror Thriller;Capstone Studios;6.341;16+;92
Netflix;Duck Butter;Filme;2018;NULL;NULL;Drama Romance Comedy;Duplass Brothers Productions;5.429;Livre;94
Netflix;Day Shift;Filme;2022;NULL;NULL;Action Fantasy Horror Comedy Thriller;87Eleven;6.8;16+;113
Netflix;5 Centimeters per Second;Filme;2007;NULL;NULL;Animation Romance Drama;CoMix Wave Films;7.3;10+;63
Netflix;Meet the Khumalos;Filme;2025;NULL;NULL;Comedy Romance;Urban Vision Productions;5.4;12+;92
Netflix;Billu;Filme;2009;NULL;NULL;Comedy Drama;Red Chillies Entertainment;6.3;10+;137
Netflix;Sumala;Filme;2024;NULL;NULL;Horror Thriller;Hitmaker Studios;7.296;Livre;113
Netflix;The Snowman;Filme;2017;NULL;NULL;Crime Thriller Mystery Horror;Universal Pictures;5.2;16+;119
Netflix;The Union;Filme;2024;NULL;NULL;Action Comedy;Municipal Pictures;6.2;12+;109
Netflix;Daddio;Filme;2024;NULL;NULL;Drama;TeaTime Pictures;6.277;16+;100
Netflix;Roald Dahl's Matilda the Musical;Filme;2022;NULL;NULL;Family Comedy Fantasy;Working Title Films;6.8;10+;117
Netflix;Apollo 10½: A Space Age Childhood;Filme;2022;NULL;NULL;Animation Comedy Science Fiction Drama Fantasy Family History;Detour Filmproduction;7.036;12+;97
Netflix;Hunter x Hunter: The Last Mission;Filme;2013;NULL;NULL;Adventure Animation Action Fantasy;Madhouse;6.926;12+;97
Netflix;The Sea Beast;Filme;2022;NULL;NULL;Animation Adventure Action Family Fantasy;Netflix;7.326;10+;115
Netflix;Fair Play;Filme;2023;NULL;NULL;Drama Thriller Romance;Star Thrower Entertainment;6.3;16+;113
Netflix;Green Zone;Filme;2010;NULL;NULL;War Action Adventure Drama Thriller;Universal Pictures;6.482;16+;115
Netflix;I Used to Be Funny;Filme;2024;NULL;NULL;Drama;Barn 12;6.465;Livre;106
Netflix;The Remarkable Life of Ibelin;Filme;2024;NULL;NULL;Documentary Animation;Medieoperatørene;8.2;12+;103
Netflix;The Ice Road;Filme;2021;NULL;NULL;Action Thriller;Shivhans Pictures;6.807;12+;108
Netflix;Dune: Part Two;Filme;2024;NULL;NULL;Science Fiction Adventure;Legendary Pictures;8.147;12+;167
Netflix;The Happytime Murders;Filme;2018;NULL;NULL;Action Comedy Crime;STXfilms;5.779;16+;90
Netflix;Dear David;Filme;2023;NULL;NULL;Drama Romance Fantasy;Palari Films;6.1;12+;118
Netflix;Night Teeth;Filme;2021;NULL;NULL;Horror Thriller Action;42;6.424;16+;107
Netflix;Matilda;Filme;1996;NULL;NULL;Comedy Family Fantasy;Jersey Films;7.166;10+;98
Netflix;Jigra;Filme;2024;NULL;NULL;Crime Drama Thriller;Dharma Productions;6.2;Livre;155
Netflix;The Package;Filme;2018;NULL;NULL;Comedy;Campfire Studios;5.924;16+;94
Netflix;End of the Road;Filme;2022;NULL;NULL;Drama Thriller;Edmonds Entertainment Group;6.0;16+;89
Netflix;The Platform;Filme;2019;NULL;NULL;Drama Science Fiction Thriller;Basque Films;7.0;16+;95
Netflix;The Cloverfield Paradox;Filme;2018;NULL;NULL;Horror Science Fiction Thriller;Paramount Pictures;5.6;12+;102
Netflix;Sentinelle;Filme;2021;NULL;NULL;Thriller Action Drama;Labyrinthe Films;5.844;Livre;80
Netflix;A True Gentleman;Filme;2024;NULL;NULL;Romance Drama;OGM Pictures;6.098;16+;110
Netflix;The Breakfast Club;Filme;1985;NULL;NULL;Comedy Drama;Universal Pictures;7.733;16+;98
Netflix;The Diplomat;Filme;2025;NULL;NULL;Thriller Drama;T-Series;6.1;Livre;132
Netflix;Banger;Filme;2025;NULL;NULL;Comedy Music;Iconoclast;4.5;16+;90
Netflix;Miller's Girl;Filme;2024;NULL;NULL;Thriller Comedy Drama;Point Grey Pictures;6.4;16+;93
Netflix;Fullmetal Alchemist: The Final Alchemy;Filme;2022;NULL;NULL;Action Adventure Fantasy;Warner Bros. Japan;6.3;12+;142
Netflix;The Hateful Eight;Filme;2015;NULL;NULL;Drama Mystery Western;The Weinstein Company;7.8;16+;188
Netflix;The Mitchells vs. the Machines;Filme;2021;NULL;NULL;Animation Adventure Comedy;Lord Miller;7.884;10+;110
Netflix;Kubo and the Two Strings;Filme;2016;NULL;NULL;Animation Adventure Family;Laika;7.6;10+;102
Netflix;Things Heard & Seen;Filme;2021;NULL;NULL;Horror;Likely Story;5.744;Livre;121
Netflix;Beetlejuice Beetlejuice;Filme;2024;NULL;NULL;Horror Comedy Fantasy;Warner Bros. Pictures;7.014;12+;105
Netflix;Joy;Filme;2024;NULL;NULL;Drama;Wildgaze Films;6.953;12+;115
Netflix;Work It;Filme;2020;NULL;NULL;Comedy Music;STXfilms;7.529;12+;93
Netflix;Sing Street;Filme;2016;NULL;NULL;Romance Drama Music Comedy;Likely Story;7.864;12+;105
Netflix;Choose or Die;Filme;2022;NULL;NULL;Horror Thriller Science Fiction;Anton;5.264;Livre;85
Netflix;6 Underground;Filme;2019;NULL;NULL;Action Comedy Thriller;Skydance Media;6.347;16+;128
Netflix;The Match;Filme;2025;NULL;NULL;Drama;Moonlight Film;7.2;Livre;115
Netflix;One Piece: Heart of Gold;Filme;2016;NULL;NULL;Animation Adventure Comedy Fantasy Action;Toei Animation;7.372;12+;104
Netflix;Hubie Halloween;Filme;2020;NULL;NULL;Comedy Mystery Horror;Happy Madison Productions;5.92;12+;103
Netflix;The Good Nurse;Filme;2022;NULL;NULL;Drama Crime Mystery;Protozoa Pictures;6.9;16+;121
Netflix;GATAO: Like Father Like Son;Filme;2024;NULL;NULL;Crime Action;;7.1;16+;131
Netflix;Pokémon the Movie: Secrets of the Jungle;Filme;2020;NULL;NULL;Animation Adventure Family Fantasy;TOHO;7.2;Livre;101
Netflix;The Haunted Apartment: “Miss K”;Filme;2024;NULL;NULL;Horror Thriller Mystery;Hitmaker Studios;5.4;Livre;103
Netflix;Draft Day;Filme;2014;NULL;NULL;Drama;Lionsgate;6.7;12+;110
Netflix;Rise of the Guardians;Filme;2012;NULL;NULL;Animation Family Fantasy;DreamWorks Animation;7.4;10+;97
Netflix;Ocean's Eleven;Filme;2001;NULL;NULL;Thriller Crime;Warner Bros. Pictures;7.4;12+;116
Netflix;Veronica;Filme;2017;NULL;NULL;Horror;Film Factory;6.2;16+;105
Netflix;Yaksha: Ruthless Operations;Filme;2022;NULL;NULL;Action Crime Thriller;Sang Sang Film;6.6;Livre;125
Netflix;Extraction 2;Filme;2023;NULL;NULL;Action Thriller Crime;AGBO;7.427;16+;122
Netflix;Paul;Filme;2011;NULL;NULL;Adventure Comedy Science Fiction;Universal Pictures;6.733;16+;104
Netflix;Sosyal Climbers;Filme;2025;NULL;NULL;Romance Comedy;ABS-CBN Studios;6.1;16+;102
Netflix;One Piece Film: GOLD;Filme;2016;NULL;NULL;Action Animation Adventure Comedy;Fuji Television Network;7.2;12+;120
Netflix;Vertigo;Filme;1958;NULL;NULL;Mystery Romance Thriller;Paramount Pictures;8.16;10+;128
Netflix;How to Be Single;Filme;2016;NULL;NULL;Comedy Romance;New Line Cinema;6.3;16+;110
Netflix;Bubble;Filme;2022;NULL;NULL;Animation Adventure Science Fiction Fantasy;WIT STUDIO;7.3;10+;101
Netflix;Home;Filme;2015;NULL;NULL;Fantasy Comedy Animation Science Fiction Family;DreamWorks Animation;6.793;10+;94
Netflix;Jack the Giant Slayer;Filme;2013;NULL;NULL;Fantasy Action Adventure Drama;New Line Cinema;5.854;12+;114
Netflix;The Deer King;Filme;2021;NULL;NULL;Animation Drama Adventure Fantasy;Production I.G;6.4;16+;113
Netflix;Mobile Suit Gundam II: Soldiers of Sorrow;Filme;1981;NULL;NULL;Animation Science Fiction Action;SUNRISE;7.1;12+;135
Netflix;50 First Dates;Filme;2004;NULL;NULL;Comedy Romance;Columbia Pictures;6.867;12+;99
Netflix;Conan the Destroyer;Filme;1984;NULL;NULL;Adventure Fantasy Action;Universal Pictures;6.1;10+;103
Netflix;Carter;Filme;2022;NULL;NULL;Action Thriller Crime;Apeitda;5.995;16+;132
Netflix;The Lovebirds;Filme;2020;NULL;NULL;Romance Comedy;Paramount Pictures;6.092;16+;87
Netflix;Vampires;Filme;1998;NULL;NULL;Action Fantasy Horror;Largo Entertainment;6.313;16+;108
Netflix;Ultraman: Rising;Filme;2024;NULL;NULL;Animation Science Fiction Family Action;Tsuburaya Productions;8.182;10+;117
Netflix;Ghost in the Shell: SAC_2045 Sustainable War;Filme;2021;NULL;NULL;Animation Action Science Fiction;FlyingDog;6.875;16+;118
Netflix;Major;Filme;2022;NULL;NULL;Action History Drama;Sony Pictures Networks Productions;6.9;16+;149
Netflix;El Camino: A Breaking Bad Movie;Filme;2019;NULL;NULL;Crime Drama Thriller;Sony Pictures Television;7.0;16+;123
Netflix;Upgrade;Filme;2018;NULL;NULL;Action Thriller Science Fiction;Goalpost Pictures;7.495;16+;100
Netflix;Chhaava;Filme;2025;NULL;NULL;History Action Drama;Maddock Films;6.424;Livre;161
Netflix;A Copenhagen Love Story;Filme;2025;NULL;NULL;Romance Drama;Miso Film;6.8;16+;105
Netflix;Saaho;Filme;2019;NULL;NULL;Action Adventure Thriller;UV Creations;5.9;Livre;171
Netflix;In the Tall Grass;Filme;2019;NULL;NULL;Horror Drama Thriller;Copperheart Entertainment;5.544;Livre;102
Netflix;The Dark Tower;Filme;2017;NULL;NULL;Fantasy Action Science Fiction;Columbia Pictures;5.8;12+;95
Netflix;Baaghi;Filme;2016;NULL;NULL;Action Thriller Romance Adventure;Nadiadwala Grandson Entertainment;6.3;Livre;134
Netflix;Uncle Buck;Filme;1989;NULL;NULL;Comedy Drama Family;Hughes Entertainment;6.78;10+;100
Netflix;Everest;Filme;2015;NULL;NULL;Adventure Drama History;Cross Creek Pictures;6.824;12+;121
Netflix;Violet Evergarden: The Movie;Filme;2020;NULL;NULL;Animation Fantasy Romance Drama;Kyoto Animation;8.3;10+;140
Netflix;The Pirates: The Last Royal Treasure;Filme;2022;NULL;NULL;Action Adventure Comedy Fantasy;Oscar 10 Studio;6.5;Livre;126
Netflix;Evangelion: Death (True)²;Filme;1998;NULL;NULL;Animation Science Fiction Action Drama;GAINAX;6.6;Livre;69
Netflix;Sniper: G.R.I.T. - Global Response & Intelligence Team;Filme;2023;NULL;NULL;Action Thriller;Destination Films;6.5;16+;92
Netflix;2 Hearts;Filme;2020;NULL;NULL;Romance Drama;Silver Lion Films;7.345;12+;102
Netflix;Kingdom III: The Flame of Destiny;Filme;2023;NULL;NULL;Action Adventure War;TOHO;7.5;12+;129
Netflix;The Shack;Filme;2017;NULL;NULL;Drama Family;Summit Entertainment;7.5;12+;132
Netflix;Welcome to Marwen;Filme;2018;NULL;NULL;Drama Comedy;DreamWorks Pictures;6.5;12+;116
Netflix;Bright;Filme;2017;NULL;NULL;Fantasy Action Thriller;Clubhouse Pictures;6.158;16+;117
Netflix;Bharat;Filme;2019;NULL;NULL;Action History Drama;Salman Khan Films;6.2;Livre;155
Netflix;The Guns of Navarone;Filme;1961;NULL;NULL;War Adventure Thriller Action;Highroad Productions;7.3;Livre;160
Netflix;Her Blue Sky;Filme;2019;NULL;NULL;Animation Romance;CloverWorks;7.3;Livre;108
Netflix;One Piece Film: Z;Filme;2012;NULL;NULL;Animation Fantasy Action Adventure;Toei Animation;7.5;12+;108
Netflix;Shabaash Mithu;Filme;2022;NULL;NULL;Drama Family;Viacom18 Studios;6.1;Livre;155
Netflix;Kantara;Filme;2022;NULL;NULL;Action Adventure Thriller;Hombale Films;7.137;Livre;147
Netflix;Blue Giant;Filme;2023;NULL;NULL;Animation Drama Music;NUT;7.8;Livre;120
Netflix;Colombiana;Filme;2011;NULL;NULL;Action Thriller Crime Drama;A.J.O.Z. Films;6.631;12+;108
Netflix;Naruto the Movie: Ninja Clash in the Land of Snow;Filme;2004;NULL;NULL;Comedy Action Animation Adventure;Pierrot;7.249;12+;82
Netflix;Trigger Warning;Filme;2024;NULL;NULL;Action;Thunder Road;5.7;16+;106
Netflix;Family Switch;Filme;2023;NULL;NULL;Comedy Fantasy Family;Linden Entertainment;6.4;10+;106
Netflix;The Christmas Chronicles;Filme;2018;NULL;NULL;Comedy Adventure Family Fantasy;1492 Pictures;7.139;10+;104
Netflix;Space Sweepers;Filme;2021;NULL;NULL;Drama Fantasy Science Fiction;Bidangil Pictures;7.1;16+;136
Netflix;Radhe Shyam;Filme;2022;NULL;NULL;Drama Romance;UV Creations;5.1;Livre;138
Netflix;The Platform 2;Filme;2024;NULL;NULL;Science Fiction Horror Thriller;Basque Films;5.554;16+;101
Netflix;Madame Web;Filme;2024;NULL;NULL;Action Fantasy;Columbia Pictures;5.346;12+;117
Netflix;Rez Ball;Filme;2024;NULL;NULL;Drama;Wise Entertainment;6.537;12+;113
Netflix;Brain on Fire;Filme;2017;NULL;NULL;Drama;Denver & Delilah Productions;7.0;12+;88
Netflix;Shirley;Filme;2024;NULL;NULL;History Drama;Participant;6.8;12+;117
Netflix;Khoobsurat;Filme;2014;NULL;NULL;Comedy Romance;Disney World Cinema;6.6;10+;130
Netflix;It Ends with Us;Filme;2024;NULL;NULL;Drama Romance;Columbia Pictures;7.016;12+;131
Netflix;One Piece: Episode of Chopper Plus: Bloom in the Winter Miracle Cherry Blossom;Filme;2008;NULL;NULL;Action Animation Adventure Comedy;Toei Animation;7.0;12+;113
Netflix;Number 24;Filme;2024;NULL;NULL;War History Drama;Motion Blur;7.1;16+;112
Netflix;The Wrong Track;Filme;2025;NULL;NULL;Comedy Drama;Rubicon TV AS;6.5;Livre;94
Netflix;Feel the Beat;Filme;2020;NULL;NULL;Comedy Music Drama;Resonate Entertainment;7.576;Livre;107
Netflix;The Children's Train;Filme;2024;NULL;NULL;Drama;Palomar;7.391;10+;106
Netflix;Spy Kids: Armageddon;Filme;2023;NULL;NULL;Family Comedy Adventure Science Fiction;Skydance Media;6.0;10+;94
Netflix;After We Collided;Filme;2020;NULL;NULL;Romance Drama;Voltage Pictures;7.169;16+;105
Netflix;Bangkok Breaking: Heaven and Hell;Filme;2024;NULL;NULL;Action Crime Drama Thriller;Kongkiat Production;6.7;Livre;147
Netflix;New Gods: Nezha Reborn;Filme;2021;NULL;NULL;Animation Fantasy Action;bilibili;8.1;Livre;116
Netflix;Man in Love;Filme;2021;NULL;NULL;Romance Drama;Calendar Studios;7.1;Livre;115
Netflix;Rise of the Teenage Mutant Ninja Turtles: The Movie;Filme;2022;NULL;NULL;Animation Action Science Fiction;Nickelodeon Movies;7.2;Livre;86
Netflix;JJ+E;Filme;2021;NULL;NULL;Romance Drama;Filmlance International;5.8;Livre;91
Netflix;Smile;Filme;2022;NULL;NULL;Horror Mystery;Paramount Players;6.7;16+;115
Netflix;Dragon Quest: Your Story;Filme;2019;NULL;NULL;Animation Adventure Comedy Fantasy Action Family;Shirogumi;6.7;10+;102
Netflix;The Meyerowitz Stories (New and Selected);Filme;2017;NULL;NULL;Comedy Drama;IAC Films;6.5;16+;112
Netflix;Kate;Filme;2021;NULL;NULL;Action Thriller;Clubhouse Pictures;6.644;16+;106
Netflix;The Call;Filme;2020;NULL;NULL;Thriller Mystery Science Fiction;Yong Film;7.5;Livre;112
Netflix;Kuch Kuch Hota Hai;Filme;1998;NULL;NULL;Romance Drama Comedy;Dharma Productions;7.5;Livre;185
Netflix;Me Time;Filme;2022;NULL;NULL;Comedy;Particular Pictures;5.9;16+;105
Netflix;Downton Abbey;Filme;2019;NULL;NULL;Drama Romance History;Focus Features;7.1;10+;122
Netflix;The Hard Way;Filme;2019;NULL;NULL;Action;Actionhouse Pictures;5.406;Livre;94
Netflix;Disaster Holiday;Filme;2024;NULL;NULL;Comedy Family;Burnt Onion Productions;6.5;10+;93
Netflix;Black Mass;Filme;2015;NULL;NULL;Drama Crime History;Vendian Entertainment;6.5;16+;123
Netflix;Midway;Filme;1976;NULL;NULL;Action Drama History War;The Mirisch Company;6.6;10+;132
Netflix;The Paramedic;Filme;2020;NULL;NULL;Thriller Drama Crime;Babieka Films;6.053;Livre;94
Netflix;Fighter;Filme;2024;NULL;NULL;Action Drama;Marflix Pictures;6.1;Livre;167
Netflix;A Million Ways to Die in the West;Filme;2014;NULL;NULL;Comedy Western;RGB Media;6.052;16+;116
Netflix;Operation Finale;Filme;2018;NULL;NULL;Drama History Thriller;Automatik Entertainment;6.7;12+;124
Netflix;Promised Hearts;Filme;2025;NULL;NULL;Drama Romance;MD Pictures;5.4;12+;114
Netflix;Naruto the Movie: Legend of the Stone of Gelel;Filme;2005;NULL;NULL;Animation Adventure Fantasy;dentsu;6.725;12+;97
Netflix;Horizon: An American Saga - Chapter 1;Filme;2024;NULL;NULL;Western Drama;Territory Pictures;6.888;16+;182
Netflix;Chickenhare and the Hamster of Darkness;Filme;2022;NULL;NULL;Animation Adventure Comedy Family Fantasy;Dark Horse Entertainment;7.3;10+;91
Netflix;Total Recall;Filme;2012;NULL;NULL;Action Science Fiction Thriller;Total Recall;6.024;12+;118
Netflix;The Gentlemen;Filme;2020;NULL;NULL;Comedy Crime;Miramax;7.7;16+;113
Netflix;Golden Kamuy;Filme;2024;NULL;NULL;Action Adventure Comedy;CREDEUS;6.8;16+;129
Netflix;Disclosure;Filme;2020;NULL;NULL;Documentary;Bow + Arrow Entertainment;7.944;Livre;107
Netflix;Badland Hunters;Filme;2024;NULL;NULL;Science Fiction Action;Climax Studios;6.724;16+;107
Netflix;Main Hoon Na;Filme;2004;NULL;NULL;Drama;Red Chillies Entertainment;6.605;10+;179
Netflix;The Red Sea Diving Resort;Filme;2019;NULL;NULL;Drama Thriller History;Bron Studios;6.8;16+;130
Netflix;mid90s;Filme;2018;NULL;NULL;Drama Comedy;A24;7.484;16+;86
Netflix;A Family Affair;Filme;2024;NULL;NULL;Romance Comedy;Roth-Kirschenbaum Films;5.8;12+;114
Netflix;Flushed Away;Filme;2006;NULL;NULL;Adventure Animation Comedy Family;DreamWorks Animation;6.308;10+;84
Netflix;The Mauritanian;Filme;2021;NULL;NULL;Drama Thriller;30WEST;7.416;16+;129
Netflix;My Hero Academia: Two Heroes;Filme;2018;NULL;NULL;Animation Action Adventure Fantasy;BONES;7.902;12+;96
Netflix;The King;Filme;2019;NULL;NULL;Drama History War;Plan B Entertainment;7.2;16+;140
Netflix;Nonnas;Filme;2025;NULL;NULL;Comedy;Fifth Season;6.8;10+;114
Netflix;Thandel;Filme;2025;NULL;NULL;Romance Action Drama Thriller;Geetha Arts;6.7;Livre;152
Netflix;Dead Talents Society;Filme;2024;NULL;NULL;Horror Comedy;Activator Marketing Company;7.0;16+;110
Netflix;The Place Beyond the Pines;Filme;2013;NULL;NULL;Drama Crime;Sidney Kimmel Entertainment;7.0;16+;140
Netflix;Players;Filme;2024;NULL;NULL;Romance Comedy;Campfire Studios;6.055;16+;105
Netflix;Hit Man;Filme;2024;NULL;NULL;Comedy Romance Crime;Aggregate Films;6.819;16+;116
Netflix;The Jerk;Filme;1979;NULL;NULL;Comedy;Universal Pictures;6.898;16+;94
Netflix;Peter Rabbit;Filme;2018;NULL;NULL;Animation Adventure Family;Columbia Pictures;6.7;10+;93
