Crunchyroll;Attack on Titan;TV;2013;4;25.0;ANIME;Tetsurou Araki;9.1;16+;24.0
Crunchyroll;Demon Slayer: Kimetsu no Yaiba;TV;2019;4;26.0;ANIME;Koyoharu Gotouge;8.6;16+;24.0
Crunchyroll;Death Note;TV;2006;1;37.0;ANIME;Tetsurou Araki;8.9;14+;23.0
Crunchyroll;JUJUTSU KAISEN;TV;2020;NULL;24.0;ANIME;Gege Akutami;NULL;Livre;24.0
Crunchyroll;My Hero Academia;TV;2016;8;13.0;ANIME;Kouhei Horikoshi;8.2;14+;24.0
Crunchyroll;Hunter x Hunter (2011);TV;2011;NULL;148.0;ANIME;Douglas James Burgdorff;N/A;N/A;24.0
Crunchyroll;One-Punch Man;TV;2015;2;12.0;ANIME;Shingo Natsume;8.7;10+;24.0
Crunchyroll;Tokyo Ghoul;TV;2014;1;12.0;ANIME;Sui Ishida;7.7;16+;24.0
Crunchyroll;Attack on Titan Season 2;TV;2017;NULL;12.0;ANIME;Sankalp Reddy;7.5;Livre;25.0
Crunchyroll;Sword Art Online;TV;2012;4;25.0;ANIME;Yoshikazu Iwanami;7.5;14+;23.0
Crunchyroll;Fullmetal Alchemist: Brotherhood;TV;2009;1;64.0;ANIME;Mike McFarland;9.1;14+;25.0
Crunchyroll;ONE PIECE;TV;1999;1;;ANIME;Mike McFarland;9.0;14+;24.0
Crunchyroll;Naruto;TV;2002;1;220.0;ANIME;Mary Elizabeth McGlynn;8.4;10+;23.0
Crunchyroll;Your Name.;MOVIE;2016;NULL;1.0;ANIME;Makoto Shinkai;8.4;10+;107.0
Crunchyroll;Attack on Titan Season 3;TV;2018;NULL;12.0;ANIME;Masashi Koizuka;8.3;N/A;24.0
Crunchyroll;My Hero Academia Season 2;TV;2017;NULL;25.0;ANIME;Kouhei Horikoshi;NULL;Livre;24.0
Crunchyroll;The Promised Neverland;TV;2019;2;12.0;ANIME;Mamoru Kanbe;8.2;14+;23.0
Crunchyroll;Attack on Titan Final Season;TV;2020;NULL;16.0;ANIME;Masashi Koizuka Tetsurô Araki;8.4;N/A;24.0
Crunchyroll;Assassination Classroom;TV;2015;NULL;22.0;ANIME;Eiichirô Hasumi;6.1;M;23.0
Crunchyroll;Mob Psycho 100;TV;2016;3;12.0;ANIME;ONE;8.5;14+;24.0
Crunchyroll;My Hero Academia Season 3;TV;2018;NULL;25.0;ANIME;Morgan Neville;8.3;12+;24.0
Crunchyroll;Your lie in April;TV;2014;1;22.0;ANIME;Kyouhei Ishiguro;8.5;10+;23.0
Crunchyroll;ERASED;TV;2016;1;12.0;ANIME;Tomohiko Itou;8.4;14+;23.0
Crunchyroll;Naruto: Shippuden;TV;2007;21;500.0;ANIME;Masashi Kishimoto;8.7;10+;23.0
Crunchyroll;Attack on Titan Season 3 Part 2;TV;2019;NULL;10.0;ANIME;Ben Gavin;N/A;N/A;24.0
Crunchyroll;Re:ZERO -Starting Life in Another World-;TV;2016;3;25.0;ANIME;Masaharu Watanabe;8.1;14+;25.0
Crunchyroll;"Steins;Gate";TV;2011;1;24.0;ANIME;Colleen Clinkenbeard;8.8;14+;24.0
Crunchyroll;HAIKYU!!;TV;2014;4;25.0;ANIME;Susumu Mitsunaka;8.7;14+;24.0
Crunchyroll;Rascal Does Not Dream of Bunny Girl Senpai;TV;2018;1;13.0;ANIME;Souichi Masui;8.0;14+;25.0
Crunchyroll;Black Clover;TV;2017;4;170.0;ANIME;Yuuki Tabata;8.2;10+;24.0
Crunchyroll;Noragami;TV;2014;2;12.0;ANIME;Kazuo Nagai;7.8;14+;24.0
Crunchyroll;No Game No Life;TV;2014;1;12.0;ANIME;Yuu Kamiya;7.6;14+;24.0
Crunchyroll;Kaguya-sama: Love is War;TV;2019;4;12.0;ANIME;Aka Akasaka;8.5;14+;24.0
Crunchyroll;Toradora!;TV;2008;1;25.0;ANIME;Jin Aketagawa;7.9;14+;24.0
Crunchyroll;Dr. STONE;TV;2019;4;24.0;ANIME;Shinya Iino;8.1;14+;24.0
Crunchyroll;My Hero Academia Season 4;TV;2019;NULL;25.0;ANIME;Stephen Merchant;7.0;12+;24.0
Crunchyroll;SPY x FAMILY;TV;2022;2;12.0;ANIME;Tatsuya Endou;8.3;14+;24.0
Crunchyroll;KONOSUBA -God's blessing on this wonderful world!;TV;2016;3;10.0;ANIME;Takaomi Kanasaki;7.8;14+;23.0
Crunchyroll;Parasyte -the maxim-;TV;2014;1;24.0;ANIME;Chie Yamashiro;8.3;16+;24.0
Crunchyroll;Horimiya;TV;2021;1;13.0;ANIME;Masashi Ishihama;8.0;14+;24.0
Crunchyroll;Demon Slayer -Kimetsu no Yaiba- The Movie: Mugen Train;MOVIE;2020;NULL;1.0;ANIME;Haruo Sotozaki;8.2;16+;117.0
Crunchyroll;DARLING in the FRANXX;TV;2018;1;24.0;ANIME;Atsushi Nishigori;7.3;14+;24.0
Crunchyroll;Code Geass: Lelouch of the Rebellion;TV;2006;NULL;25.0;ANIME;Ron Howard;6.6;12+;24.0
Crunchyroll;Bleach;TV;2004;NULL;366.0;ANIME;Wendee Lee;NULL;Livre;24.0
Crunchyroll;Death Parade;TV;2015;1;12.0;ANIME;Sarah Souza;7.8;16+;23.0
Crunchyroll;Blue Exorcist;TV;2011;1;25.0;ANIME;Tensai Okamura;7.4;14+;24.0
Crunchyroll;JoJo's Bizarre Adventure (TV);TV;2012;5;26.0;ANIME;Hirohiko Araki;8.5;14+;24.0
Crunchyroll;Cowboy Bebop;TV;1998;1;26.0;ANIME;Mary Elizabeth McGlynn;8.9;14+;24.0
Crunchyroll;One-Punch Man Season 2;TV;2019;NULL;12.0;ANIME;Chikara Sakurai;7.3;N/A;24.0
Crunchyroll;Fire Force;TV;2019;3;24.0;ANIME;Atsushi Ookubo;7.6;14+;24.0
Crunchyroll;Sword Art Online II;TV;2014;1;24.0;ANIME;Yoshikazu Iwanami;7.0;N/A;24.0
Crunchyroll;Angel Beats!;TV;2010;1;13.0;ANIME;Jun Maeda;7.6;14+;24.0
Crunchyroll;The Rising of the Shield Hero;TV;2019;3;25.0;ANIME;Fumiyuki Gou;7.7;14+;24.0
Crunchyroll;Mob Psycho 100 II;TV;2019;NULL;13.0;ANIME;Yuzuru Tachikawa;7.2;N/A;24.0
Crunchyroll;Demon Slayer: Kimetsu no Yaiba Entertainment District Arc;TV;2021;NULL;11.0;ANIME;George Louis Bartlett;N/A;N/A;24.0
Crunchyroll;Tokyo Revengers;TV;2021;3;24.0;ANIME;Kouichi Hatsumi;7.8;14+;24.0
Crunchyroll;The Future Diary;TV;2011;1;26.0;ANIME;Sakae Esuno;7.4;16+;23.0
Crunchyroll;Kaguya-sama: Love is War?;TV;2020;NULL;12.0;ANIME;Aka Akasaka;NULL;Livre;25.0
Crunchyroll;That Time I Got Reincarnated as a Slime;TV;2018;3;24.0;ANIME;Yasuhito Kikuchi;8.1;10+;24.0
Crunchyroll;Charlotte;TV;2015;NULL;13.0;ANIME;Satoki Iida;NULL;Livre;24.0
Crunchyroll;Kill la Kill;TV;2013;1;24.0;ANIME;Hiroyuki Imaishi;7.9;16+;24.0
Crunchyroll;Bungo Stray Dogs;TV;2016;5;12.0;ANIME;Takuya Igarashi;7.8;14+;24.0
Crunchyroll;Classroom of the Elite;TV;2017;3;12.0;ANIME;Seiji Kishi;7.7;14+;24.0
Crunchyroll;Mushoku Tensei: Jobless Reincarnation;TV;2021;2;11.0;ANIME;Manabu Okamoto;8.2;14+;24.0
Crunchyroll;Food Wars!;TV;2015;5;24.0;ANIME;Yoshitomo Yonetani;8.1;14+;25.0
Crunchyroll;JUJUTSU KAISEN Season 2;TV;2023;NULL;23.0;ANIME;Gege Akutami;NULL;Livre;24.0
Crunchyroll;Anohana: The Flower We Saw That Day;TV;2011;1;11.0;ANIME;Masayoshi Tanaka;8.1;10+;22.0
Crunchyroll;Tokyo Ghoul √A;TV;2015;NULL;12.0;ANIME;Sui Ishida;NULL;Livre;24.0
Crunchyroll;Attack on Titan Final Season Part 2;TV;2022;NULL;12.0;ANIME;Lakshya Raj Anand;6.8;Unrated;24.0
Crunchyroll;HAIKYU!! 2nd Season;TV;2015;NULL;25.0;ANIME;Haruichi Furudate;N/A;N/A;24.0
Crunchyroll;The Devil is a Part-Timer!;TV;2013;2;13.0;ANIME;Jin Aketagawa;7.4;14+;24.0
Crunchyroll;My Hero Academia Season 5;TV;2021;NULL;25.0;ANIME;Ryûsuke Hamaguchi;7.5;Unrated;24.0
Crunchyroll;Made in Abyss;TV;2017;2;13.0;ANIME;Akihito Tsukushi;8.3;14+;25.0
Crunchyroll;Is It Wrong to Try to Pick Up Girls in a Dungeon?;TV;2015;5;13.0;ANIME;Yoshinobu Yamakawa;7.4;16+;24.0
Crunchyroll;Overlord;TV;2015;4;13.0;ANIME;Naoyuki Itou;7.6;16+;24.0
Crunchyroll;Another;TV;2012;1;12.0;ANIME;Chris Ayres;7.5;16+;24.0
Crunchyroll;JUJUTSU KAISEN 0;MOVIE;2021;NULL;1.0;ANIME;Sunghoo Park;7.8;12+;105.0
Crunchyroll;Fairy Tail;TV;2009;8;175.0;ANIME;Hiro Mashima;7.9;14+;24.0
Crunchyroll;KONOSUBA -God's blessing on this wonderful world! 2;TV;2017;NULL;10.0;ANIME;Takaomi Kanasaki;NULL;Livre;23.0
Crunchyroll;Soul Eater;TV;2008;1;51.0;ANIME;Tensai Okamura;7.7;14+;24.0
Crunchyroll;HAIKYU!! 3rd Season;TV;2016;NULL;10.0;ANIME;Haruichi Furudate;N/A;N/A;25.0
Crunchyroll;Assassination Classroom 2;TV;2016;NULL;25.0;ANIME;Eiichirô Hasumi;5.7;M;23.0
Crunchyroll;Gurren Lagann;TV;2007;NULL;27.0;ANIME;Tony Oliver;NULL;Livre;24.0
Crunchyroll;Solo Leveling;TV;2024;2;12.0;ANIME;Shunsuke Nakashige;8.5;16+;24.0
Crunchyroll;PSYCHO-PASS;TV;2012;3;22.0;ANIME;Yoshikazu Iwanami;8.1;16+;23.0
Crunchyroll;Frieren: Beyond Journey’s End;TV;2023;1;28.0;ANIME;Keiichirou Saitou;8.9;14+;24.0
Crunchyroll;Re:ZERO -Starting Life in Another World- Season 2;TV;2020;NULL;13.0;ANIME;Masaharu Watanabe;NULL;Livre;26.0
Crunchyroll;Code Geass: Lelouch of the Rebellion R2;TV;2008;NULL;25.0;ANIME;Gorou Taniguchi;NULL;Livre;24.0
Crunchyroll;Hyouka;TV;2012;1;22.0;ANIME;Yasuhiro Takemoto;7.7;14+;26.0
Crunchyroll;Fate/Zero;TV;2011;2;13.0;ANIME;Tony Oliver;8.2;16+;24.0
Crunchyroll;Bakemonogatari;TV;2009;2;15.0;ANIME;Akiyuki Shinbou;8.0;14+;24.0
Crunchyroll;The Disastrous Life of Saiki K.;TV_SHORT;2016;3;120.0;ANIME;Shuuichi Asou;8.3;14+;5.0
Crunchyroll;Miss Kobayashi's Dragon Maid;TV;2017;2;13.0;ANIME;Cool-kyou Shinja;7.7;14+;24.0
Crunchyroll;JoJo's Bizarre Adventure: Stardust Crusaders;TV;2014;NULL;24.0;ANIME;Xander Ratliff;N/A;N/A;24.0
Crunchyroll;Tower of God;TV;2020;NULL;13.0;ANIME;SIU;NULL;Livre;25.0
Crunchyroll;The Promised Neverland Season 2;TV;2021;NULL;11.0;ANIME;Destin Daniel Cretton;7.3;12+;23.0
Crunchyroll;Demon Slayer: Kimetsu no Yaiba Mugen Train Arc;TV;2021;NULL;7.0;ANIME;George Louis Bartlett;N/A;N/A;23.0
Crunchyroll;Dr. STONE: STONE WARS;TV;2021;2;11.0;ANIME;Shunichirou Yoshihara;7.6;16+;24.0
Crunchyroll;Demon Slayer: Kimetsu no Yaiba Swordsmith Village Arc;TV;2023;NULL;11.0;ANIME;Ramesh Pazhaniivel;N/A;N/A;24.0
Crunchyroll;Noragami Aragoto;TV;2015;NULL;13.0;ANIME;Koutarou Tamura;NULL;Livre;24.0
Crunchyroll;Puella Magi Madoka Magica;TV;2011;1;12.0;ANIME;Akiyuki Shinbou;8.2;14+;24.0
Crunchyroll;Rent-a-Girlfriend;TV;2020;3;12.0;ANIME;Reiji Miyajima;6.9;14+;24.0
Crunchyroll;JoJo's Bizarre Adventure: Diamond is Unbreakable;TV;2016;N/A;39.0;ANIME;Hirohiko Araki;N/A;N/A;24.0
Crunchyroll;Tokyo Ghoul:re;TV;2018;2;12.0;ANIME;Sui Ishida;6.6;16+;24.0
Crunchyroll;Fruits Basket (2019);TV;2019;3;25.0;ANIME;Natsuki Takaya;8.6;14+;24.0
Crunchyroll;To Your Eternity;TV;2021;2;20.0;ANIME;Yoshitoki Ooima;8.3;16+;25.0
Crunchyroll;That Time I Got Reincarnated as a Slime Season 2;TV;2021;2;12.0;ANIME;Hiroshi Satou;5.7;16+;24.0
Crunchyroll;The God of High School;TV;2020;1;13.0;ANIME;Yong-Je Park;7.2;10+;24.0
Crunchyroll;The Quintessential Quintuplets;TV;2019;2;12.0;ANIME;Negi Haruba;7.6;10+;24.0
Crunchyroll;GOBLIN SLAYER;TV;2018;2;12.0;ANIME;Takaharu Ozaki;7.4;16+;24.0
Crunchyroll;Durarara!!;TV;2010;1;24.0;ANIME;Yukiko Ban;7.8;14+;24.0
Crunchyroll;HAIKYU!! TO THE TOP;TV;2020;NULL;13.0;ANIME;Haruichi Furudate;6.0;N/A;24.0
Crunchyroll;Hell’s Paradise;TV;2023;1;13.0;ANIME;Yuuji Kaku;8.1;16+;24.0
Crunchyroll;Mushoku Tensei: Jobless Reincarnation Cour 2;TV;2021;2;12.0;ANIME;Manabu Okamoto;8.2;14+;24.0
Crunchyroll;Gintama;TV;2006;N/A;201.0;ANIME;Hideaki Sorachi;N/A;N/A;25.0
Crunchyroll;JoJo's Bizarre Adventure: Golden Wind;TV;2018;NULL;39.0;ANIME;Hirohiko Araki;NULL;Livre;24.0
Crunchyroll;WONDER EGG PRIORITY;TV;2021;1;12.0;ANIME;Shin Wakabayashi;7.3;16+;23.0
Crunchyroll;Fire Force Season 2;TV;2020;NULL;24.0;ANIME;David Dobkin;6.5;12+;24.0
Crunchyroll;Sword Art Online: Alicization;TV;2018;NULL;24.0;ANIME;Manabu Ono;NULL;Livre;24.0
Crunchyroll;DAN DA DAN;TV;2024;NULL;12.0;ANIME;Yukinobu Tatsu;NULL;Livre;24.0
Crunchyroll;86 EIGHTY-SIX;TV;2021;1;11.0;ANIME;Toshimasa Ishii;8.2;14+;24.0
Crunchyroll;Terror in Resonance;TV;2014;1;11.0;ANIME;Shinichirou Watanabe;7.8;14+;23.0
Crunchyroll;Re:ZERO -Starting Life in Another World- Season 2 Part 2;TV;2021;2;12.0;ANIME;Masaharu Watanabe;N/A;N/A;30.0
Crunchyroll;Kuroko's Basketball;TV;2012;3;25.0;ANIME;Shunsuke Tada;8.2;14+;24.0
Crunchyroll;Kaguya-sama: Love is War -Ultra Romantic-;TV;2022;NULL;13.0;ANIME;Masakazu Ohara Shinichi Omata;8.5;N/A;24.0
Crunchyroll;Samurai Champloo;TV;2004;1;26.0;ANIME;Shinichirou Watanabe;8.5;16+;24.0
Crunchyroll;Nisekoi;TV;2014;2;20.0;ANIME;Naoshi Komi;7.2;10+;24.0
Crunchyroll;Food Wars! The Second Plate;TV;2016;NULL;13.0;ANIME;Michal Siewierski;7.3;10+;24.0
Crunchyroll;DON'T TOY WITH ME MISS NAGATORO;TV;2021;2;12.0;ANIME;Nanashi;7.1;14+;24.0
Crunchyroll;Fate/stay night: Unlimited Blade Works;TV;2014;2;13.0;ANIME;Takahiro Miura;8.0;14+;24.0
Crunchyroll;Overlord II;TV;2018;NULL;13.0;ANIME;Julius Avery;6.6;16+;24.0
Crunchyroll;Black Butler;TV;2008;2;24.0;ANIME;Colleen Clinkenbeard;7.6;14+;24.0
Crunchyroll;My Little Monster;TV;2012;NULL;13.0;ANIME;Sean Anders;5.6;16+;24.0
Crunchyroll;Golden Time;TV;2013;1;24.0;ANIME;Chiaki Kon;7.5;14+;24.0
Crunchyroll;The Misfit of Demon King Academy: History’s Strongest Demon King Reincarnates and Goes to School with His Descendants;TV;2020;1;13.0;ANIME;Masafumi Tamura;8.5;16+;24.0
Crunchyroll;Plastic Memories;TV;2015;1;13.0;ANIME;Yoshiyuki Fujiwara;7.3;14+;24.0
Crunchyroll;Saga of Tanya the Evil;TV;2017;1;12.0;ANIME;Yutaka Uemura;7.6;16+;24.0
Crunchyroll;HAIKYU‼ TO THE TOP Part 2;TV;2020;N/A;12.0;ANIME;Haruichi Furudate;7.5;N/A;24.0
Crunchyroll;Ouran High School Host Club;TV;2006;1;26.0;ANIME;Caitlin Glass;8.1;14+;24.0
Crunchyroll;Dragon Ball Z;TV;1989;1;291.0;ANIME;Mike McFarland;8.8;10+;24.0
Crunchyroll;ReLIFE;ONA;2016;1;13.0;ANIME;Sabine Winterfeldt;7.8;14+;24.0
Crunchyroll;Deadman Wonderland;TV;2011;1;12.0;ANIME;Kazuma Kondou;7.0;16+;24.0
Crunchyroll;That Time I Got Reincarnated as a Slime Season 2 Part 2;TV;2021;2;12.0;ANIME;Atsushi Nakayama;5.7;16+;24.0
Crunchyroll;5 Centimeters per Second;MOVIE;2007;NULL;3.0;ANIME;Makoto Shinkai;7.5;10+;22.0
Crunchyroll;Fate/Zero Season 2;TV;2012;N/A;12.0;ANIME;Tony Oliver;N/A;N/A;24.0
Crunchyroll;MASHLE: MAGIC AND MUSCLES;TV;2023;2;12.0;ANIME;Hajime Koumoto;7.5;14+;24.0
Crunchyroll;Guilty Crown;TV;2011;1;22.0;ANIME;Colleen Clinkenbeard;7.0;14+;24.0
Crunchyroll;The Ancient Magus' Bride;TV;2017;2;24.0;ANIME;Kore Yamazaki;7.6;14+;25.0
Crunchyroll;Bungo Stray Dogs 2;TV;2016;5;12.0;ANIME;Takuya Igarashi;7.8;14+;24.0
Crunchyroll;Date A Live;TV;2013;5;12.0;ANIME;Yasunori Ebina;6.9;14+;23.0
Crunchyroll;Blue Spring Ride;TV;2014;1;12.0;ANIME;Io Sakisaka;7.5;14+;23.0
Crunchyroll;Is It Wrong to Try to Pick Up Girls in a Dungeon? II;TV;2019;NULL;12.0;ANIME;Craig Brewer;7.2;16+;24.0
Crunchyroll;Prison School;TV;2015;1;12.0;ANIME;Akira Hiramoto;7.5;16+;24.0
Crunchyroll;Overlord III;TV;2018;NULL;13.0;ANIME;Julius Avery;6.6;16+;24.0
Crunchyroll;Nichijou - My Ordinary Life;TV;2011;1;26.0;ANIME;Keiichi Arawi;8.3;14+;23.0
Crunchyroll;Log Horizon;TV;2013;3;25.0;ANIME;Shinji Ishihira;7.5;10+;25.0
Crunchyroll;SK8 the Infinity;TV;2021;1;12.0;ANIME;Hiroko Utsumi;8.0;14+;24.0
Crunchyroll;Toilet-bound Hanako-kun;TV;2020;2;12.0;ANIME;AidaIro;7.4;14+;24.0
Crunchyroll;Serial Experiments Lain;TV;1998;1;13.0;ANIME;Ryuutarou Nakamura;8.1;14+;23.0
Crunchyroll;Yuri!!! on ICE;TV;2016;1;12.0;ANIME;Mitsurou Kubo;8.2;14+;24.0
Crunchyroll;TONIKAWA: Over The Moon For You;TV;2020;2;12.0;ANIME;Kenjirou Hata;7.6;14+;24.0
Crunchyroll;Danganronpa: The Animation;TV;2013;1;13.0;ANIME;Seiji Kishi;6.8;14+;24.0
Crunchyroll;Chivalry of a Failed Knight;TV;2015;1;12.0;ANIME;Riku Misora ;7.2;16+;23.0
Crunchyroll;Orange;TV;2016;1;13.0;ANIME;Ichigo Takano;7.6;10+;24.0
Crunchyroll;Kimi ni Todoke: From Me to You;TV;2009;3;25.0;ANIME;Karuho Shiina;7.8;10+;23.0
Crunchyroll;The Rising of the Shield Hero Season 2;TV;2022;NULL;13.0;ANIME;Matt Reeves;7.8;12+;24.0
Crunchyroll;Masamune-kun's Revenge;TV;2017;2;12.0;ANIME;Mirai Minato;6.5;TV-13;24.0
Crunchyroll;Food Wars! The Third Plate;TV;2017;NULL;12.0;ANIME;Anna Chai Nari Kye;7.5;16+;24.0
Crunchyroll;Tokyo Ghoul:re 2;TV;2018;NULL;12.0;ANIME;Catrin Freundlinger Anna Lehner Mareike Müller;N/A;N/A;24.0
Crunchyroll;Magi: The Labyrinth of Magic;TV;2012;NULL;25.0;ANIME;Shinobu Ootaka;NULL;Livre;24.0
Crunchyroll;Classroom of the Elite Season 2;TV;2022;1;13.0;ANIME;Seiji Kishi;N/A;N/A;24.0
Crunchyroll;Monthly Girls' Nozaki-kun;TV;2014;2;12.0;ANIME;Izumi Tsubaki;7.5;10+;23.0
Crunchyroll;The Apothecary Diaries;TV;2023;2;24.0;ANIME;Norihiro Naganuma;8.5;14+;23.0
Crunchyroll;Blood Blockade Battlefront;TV;2015;2;12.0;ANIME;Yasuhiro Nightow;7.2;16+;25.0
Crunchyroll;Boruto: Naruto Next Generations;TV;2017;1;293.0;ANIME;Noriyuki Abe;6.4;14+;24.0
Crunchyroll;Solo Leveling Season 2 -Arise from the Shadow-;TV;2025;NULL;13.0;ANIME;Andrés Valenzuela Arellano;N/A;N/A;24.0
Crunchyroll;Dragon Ball;TV;1986;1;153.0;ANIME;Justin Cook;8.5;14+;25.0
Crunchyroll;My Hero Academia: Two Heroes;MOVIE;2018;NULL;1.0;ANIME;Kenji Nagasaki;7.3;12+;96.0
Crunchyroll;Kaiju No.8;TV;2024;NULL;12.0;ANIME;Naoya Matsumoto;NULL;Livre;24.0
Crunchyroll;Mushoku Tensei: Jobless Reincarnation Season 2;TV;2023;NULL;13.0;ANIME;Hiroki Hirano;NULL;Livre;24.0
Crunchyroll;"Steins;Gate 0";TV;2018;1;23.0;ANIME;Kenichi Kawamura;8.4;14+;24.0
Crunchyroll;Domestic Girlfriend;TV;2019;1;12.0;ANIME;Kei Sasuga;6.8;16+;25.0
Crunchyroll;The Quintessential Quintuplets 2;TV;2021;NULL;12.0;ANIME;Destin Daniel Cretton;7.3;12+;24.0
Crunchyroll;Angels of Death;TV;2018;1;12.0;ANIME;Kentarou Suzuki;6.5;14+;24.0
Crunchyroll;Sword Art Online: Alicization - War of Underworld;TV;2019;NULL;12.0;ANIME;Jingqi Zhang;N/A;N/A;24.0
Crunchyroll;March comes in like a lion;TV;2016;2;22.0;ANIME;Chica Umino;8.3;10+;25.0
Crunchyroll;Arifureta: From Commonplace to World's Strongest;TV;2019;3;13.0;ANIME;Kinji Yoshimoto;7.1;16+;24.0
Crunchyroll;Ranking of Kings;TV;2021;1;23.0;ANIME;Sousuke Touka;8.4;14+;23.0
Crunchyroll;given;TV;2019;1;11.0;ANIME;Natsuki Kizu;8.2;N/A;23.0
Crunchyroll;Demon Slayer: Kimetsu no Yaiba Hashira Training Arc;TV;2024;NULL;8.0;ANIME;Abhinivesh;N/A;N/A;30.0
Crunchyroll;Dragon Ball Super;TV;2015;1;131.0;ANIME;Akira Toriyama;8.3;10+;24.0
Crunchyroll;Cells at Work!;TV;2018;2;13.0;ANIME;Akane Shimizu;7.5;14+;24.0
Crunchyroll;Fate/stay night: Unlimited Blade Works 2nd Season;TV;2015;NULL;13.0;ANIME;Takahiro Miura;NULL;Livre;24.0
Crunchyroll;Kiznaiver;TV;2016;1;12.0;ANIME;Hiroshi Kobayashi;6.9;14+;24.0
Crunchyroll;SPY x FAMILY Season 2;TV;2023;NULL;12.0;ANIME;Garry Bh;4.7;Livre;24.0
Crunchyroll;The Melancholy of Haruhi Suzumiya;TV;2006;2;14.0;ANIME;Tatsuya Ishihara;7.7;14+;23.0
Crunchyroll;How NOT to Summon a Demon Lord;TV;2018;2;12.0;ANIME;Yuuta Murano;7.0;16+;24.0
Crunchyroll;Bungo Stray Dogs 3;TV;2019;NULL;12.0;ANIME;Takuya Igarashi;NULL;Livre;24.0
Crunchyroll;91 Days;TV;2016;1;12.0;ANIME;Hiro Kaburagi;7.6;16+;24.0
Crunchyroll;The Case Study of Vanitas;TV;2021;1;12.0;ANIME;Jun Mochizuki;7.6;14+;23.0
Crunchyroll;Lycoris Recoil;TV;2022;1;13.0;ANIME;Shingo Adachi;7.6;14+;24.0
Crunchyroll;Tsuredure Children;TV_SHORT;2017;1;12.0;ANIME;Toshiya Wakabayashi;7.2;14+;13.0
Crunchyroll;Daily Lives of High School Boys;TV;2012;1;12.0;ANIME;Shinji Takamatsu;7.7;14+;24.0
Crunchyroll;Shikimori's Not Just a Cutie;TV;2022;1;12.0;ANIME;Keigo Maki;6.7;E10+;23.0
Crunchyroll;Is It Wrong to Try to Pick Up Girls in a Dungeon? III;TV;2020;1;12.0;ANIME;Jin Aketagawa;8.1;16+;24.0
Crunchyroll;TRINITY SEVEN;TV;2014;1;12.0;ANIME;Kenji Saitou;6.7;14+;24.0
Crunchyroll;Kokoro Connect;TV;2012;1;13.0;ANIME;Shin Oonuma;7.4;14+;24.0
Crunchyroll;Sword Art Online: Alicization - War of Underworld Part 2;TV;2020;NULL;11.0;ANIME;Christopher Forbes;2.2;N/A;24.0
Crunchyroll;Nisemonogatari;TV;2012;1;11.0;ANIME;Akiyuki Shinbou;7.6;16+;24.0
Crunchyroll;A Certain Magical Index;TV;2008;3;24.0;ANIME;Kazuma Kamachi;6.8;14+;23.0
Crunchyroll;Haven't You Heard? I'm Sakamoto;TV;2016;1;12.0;ANIME;Nami Sano;7.1;14+;24.0
Crunchyroll;Cautious Hero: The Hero Is Overpowered but Overly Cautious;TV;2019;1;12.0;ANIME;Masayuki Sakoi;7.3;14+;24.0
Crunchyroll;Eromanga Sensei;TV;2017;1;12.0;ANIME;Yukako Ogawa;5.5;14+;24.0
Crunchyroll;Free! -Iwatobi Swim Club-;TV;2013;3;12.0;ANIME;Youta Tsuruoka;7.3;10+;24.0
Crunchyroll;MUSHI-SHI;TV;2005;1;26.0;ANIME;Nobuteru Yuuki;8.5;14+;25.0
Crunchyroll;Welcome to the N-H-K;TV;2006;1;24.0;ANIME;John Swasey;8.2;16+;24.0
Crunchyroll;Yamada and the Seven Witches;TV;2015;1;12.0;ANIME;Seiki Takuno;6.5;N/A;24.0
Crunchyroll;BLEND-S;TV;2017;1;12.0;ANIME;Miyuki Nakayama;6.8;14+;24.0
Crunchyroll;Higehiro: After Being Rejected I Shaved and Took in a High School Runaway;TV;2021;1;13.0;ANIME;Tomoya Kamijou;7.4;N/A;24.0
Crunchyroll;Fairy Tail Series 2;TV;2014;NULL;102.0;ANIME;Hiro Mashima;NULL;Livre;24.0
Crunchyroll;Fruits Basket Season 2;TV;2020;NULL;25.0;ANIME;Youngyun Song;N/A;N/A;24.0
Crunchyroll;Spice and Wolf;TV;2008;2;13.0;ANIME;Jamie Marchi;7.7;14+;24.0
Crunchyroll;Love Chunibyo & Other Delusions - Heart Throb -;TV;2014;NULL;12.0;ANIME;Christian Ditter;7.1;16+;24.0
Crunchyroll;The World's Finest Assassin Gets Reincarnated in Another World as an Aristocrat;TV;2021;1;12.0;ANIME;Masafumi Tamura;7.3;14+;24.0
Crunchyroll;Blue Exorcist: Kyoto Saga;TV;2017;1;12.0;ANIME;Kazue Katou;7.3;14+;24.0
Crunchyroll;From the New World;TV;2012;1;25.0;ANIME;Shigeyasu Yamauchi;7.8;14+;23.0
Crunchyroll;Kuroko's Basketball 2;TV;2013;NULL;25.0;ANIME;Tadatoshi Fujimaki;NULL;Livre;24.0
Crunchyroll;Dr. STONE New World;TV;2023;NULL;11.0;ANIME;Kim Seong-sik;5.9;N/A;24.0
Crunchyroll;Snow White with the Red Hair;TV;2015;2;12.0;ANIME;Sorata Akizuki;7.6;14+;24.0
Crunchyroll;Saekano: How to Raise a Boring Girlfriend;TV;2015;2;13.0;ANIME;Fumiaki Maruto;6.9;14+;24.0
Crunchyroll;Food Wars! The Fourth Plate;TV;2019;1;12.0;ANIME;Yoshitomo Yonetani;7.9;Livre;24.0
Crunchyroll;Vivy -Fluorite Eye's Song-;TV;2021;1;13.0;ANIME;Yuusuke Kubo;8.0;16+;23.0
Crunchyroll;The Girl Who Leapt Through Time;MOVIE;2006;NULL;1.0;ANIME;Mamoru Hosoda;7.7;10+;97.0
Crunchyroll;K;TV;2012;2;13.0;ANIME;Shingo Suzuki;7.0;14+;24.0
Crunchyroll;Grimgar of Fantasy and Ash;TV;2016;1;12.0;ANIME;Ryousuke Nakamura;7.3;14+;24.0
Crunchyroll;Monogatari Series Second Season;TV;2013;1;26.0;ANIME;NISIOISIN;8.6;14+;26.0
Crunchyroll;Food Wars! The Third Plate: Totsuki Train Arc;TV;2018;NULL;12.0;ANIME;Haipeng Sun;5.4;N/A;24.0
Crunchyroll;INUYASHIKI LAST HERO;TV;2017;1;11.0;ANIME;Hiroya Oku;7.7;Livre;23.0
Crunchyroll;GAMERS!;TV;2017;1;12.0;ANIME;Manabu Okamoto;6.6;14+;24.0
Crunchyroll;Suzume;MOVIE;2022;NULL;1.0;ANIME;Makoto Shinkai;7.6;10+;121.0
Crunchyroll;Wise Man’s Grandchild;TV;2019;1;12.0;ANIME;Masafumi Tamura;6.8;14+;24.0
Crunchyroll;BOFURI: I Don't Want to Get Hurt so I'll Max Out My Defense.;TV;2020;2;12.0;ANIME;Yuumikan;7.4;14+;24.0
Crunchyroll;Darwin's Game;TV;2020;1;11.0;ANIME;FLIPFLOPs;7.2;14+;24.0
Crunchyroll;My Hero Academia: Heroes Rising;MOVIE;2019;NULL;1.0;ANIME;Kenji Nagasaki;7.8;12+;104.0
Crunchyroll;86 EIGHTY-SIX Part 2;TV;2021;1;12.0;ANIME;Tetsuya Kawakami;8.2;14+;24.0
Crunchyroll;Fruits Basket The Final Season;TV;2021;NULL;13.0;ANIME;Natsuki Takaya;NULL;Livre;24.0
Crunchyroll;InuYasha;TV;2000;7;167.0;ANIME;Rumiko Takahashi;7.9;14+;24.0
Crunchyroll;Teasing Master Takagi-san;TV;2018;NULL;12.0;ANIME;Peter Radovich;N/A;N/A;24.0
Crunchyroll;My Love Story with Yamada-kun at Lv999;TV;2023;1;13.0;ANIME;Mashiro;7.6;14+;24.0
Crunchyroll;A Place Further Than the Universe;TV;2018;1;13.0;ANIME;Atsuko Ishizuka;8.1;14+;24.0
Crunchyroll;Magi: The Kingdom of Magic;TV;2013;NULL;25.0;ANIME;Takashi Kawabata Yukihiro Miyamoto Akiyuki Shinbô;7.8;Livre;24.0
Crunchyroll;Laid-Back Camp;TV;2018;3;12.0;ANIME;Afro;8.1;N/A;24.0
Crunchyroll;Sword Art Online Alternative: Gun Gale Online;TV;2018;2;12.0;ANIME;Masayuki Sakoi;6.8;14+;24.0
Crunchyroll;The Millionaire Detective - Balance: UNLIMITED;TV;2020;1;11.0;ANIME;Tomohiko Itou;7.2;14+;23.0
Crunchyroll;Miss Kobayashi's Dragon Maid S;TV;2021;2;12.0;ANIME;Cool-kyou Shinja;7.1;14+;24.0
Crunchyroll;Nisekoi:;TV;2015;NULL;12.0;ANIME;Naoshi Komi;NULL;Livre;24.0
Crunchyroll;takt op.Destiny;TV;2021;1;12.0;ANIME;Yuuki Itou;6.8;14+;24.0
Crunchyroll;GTO: Great Teacher Onizuka;TV;1999;NULL;43.0;ANIME;Masayuki Suzuki;6.6;N/A;25.0
Crunchyroll;Josee the Tiger and the Fish;MOVIE;2020;NULL;1.0;ANIME;Kôtarô Tamura;7.6;N/A;98.0
Crunchyroll;BTOOOM!;TV;2012;1;12.0;ANIME;Junya Inoue;7.1;16+;24.0
Crunchyroll;Amagi Brilliant Park;TV;2014;1;13.0;ANIME;Shouji Gatou;7.0;14+;24.0
Crunchyroll;Trigun;TV;1998;1;26.0;ANIME;Thierry Kazazian;8.2;14+;24.0
Crunchyroll;Mushoku Tensei: Jobless Reincarnation Season 2 Part 2;TV;2024;NULL;12.0;ANIME;Ryousuke Shibuya;NULL;Livre;24.0
Crunchyroll;Overlord IV;TV;2022;NULL;13.0;ANIME;Liu Bayin;5.9;N/A;24.0
Crunchyroll;Akudama Drive;TV;2020;1;12.0;ANIME;Tomohisa Taguchi;7.3;16+;24.0
Crunchyroll;Mieruko-chan;TV;2021;1;12.0;ANIME;Yuuki Ogawa;7.1;14+;24.0
Crunchyroll;Kuroko's Basketball 3;TV;2015;NULL;25.0;ANIME;Shunsuke Tada;NULL;Livre;24.0
Crunchyroll;Kamisama Kiss;TV;2012;2;13.0;ANIME;Julietta Suzuki;8.1;10+;24.0
Crunchyroll;ZOMBIE LAND SAGA;TV;2018;NULL;12.0;ANIME;Alexandre Carrière;4.6;14+;24.0
Crunchyroll;In/Spectre;TV;2020;2;12.0;ANIME;Takatoshi Honda;6.5;14+;24.0
Crunchyroll;Tsukigakirei;TV;2017;1;12.0;ANIME;Seiji Kishi;7.7;14+;25.0
Crunchyroll;Yu Yu Hakusho: Ghostfiles;TV;1992;1;112.0;ANIME;Justin Cook;8.5;10+;24.0
Crunchyroll;A Certain Scientific Railgun;TV;2009;3;24.0;ANIME;Jin Aketagawa;7.5;14+;24.0
Crunchyroll;My Love Story!!;TV;2015;NULL;24.0;ANIME;Hayato Kawai;6.8;N/A;24.0
Crunchyroll;"Say ""I love you"".";TV;2012;NULL;13.0;ANIME;Lian Lunson;8.0;Livre;24.0
Crunchyroll;The Asterisk War;TV;2015;2;12.0;ANIME;Manabu Ono;6.8;14+;24.0
Crunchyroll;Barakamon;TV;2014;1;12.0;ANIME;Masaki Tachibana;8.2;10+;22.0
Crunchyroll;Link Click;ONA;2021;3;11.0;ANIME;Haoling Li;8.5;14+;24.0
Crunchyroll;Nekomonogatari Black;TV;2012;1;4.0;ANIME;NISIOISIN;7.4;16+;27.0
Crunchyroll;The Familiar of Zero;TV;2006;1;13.0;ANIME;Noboru Yamaguchi;6.9;14+;23.0
Crunchyroll;WataMote: No Matter How I Look At It It's You Guys' Fault I'm Not Popular!;TV;2013;1;12.0;ANIME;Satoshi Motoyama;7.2;14+;24.0
Crunchyroll;WIND BREAKER;TV;2024;2;13.0;ANIME;Satoru Nii;7.5;14+;24.0
Crunchyroll;Alya Sometimes Hides Her Feelings in Russian;TV;2024;1;12.0;ANIME;Ryouta Itou;7.2;14+;25.0
Crunchyroll;Welcome to Demon School! Iruma-kun;TV;2019;3;23.0;ANIME;Osamu Nishi;7.6;14+;25.0
Crunchyroll;MASHLE: MAGIC AND MUSCLES Season 2;TV;2024;NULL;12.0;ANIME;Hajime Koumoto;NULL;Livre;24.0
Crunchyroll;HINAMATSURI;TV;2018;NULL;12.0;ANIME;Masao Ootake;NULL;Livre;24.0
Crunchyroll;Moriarty the Patriot;TV;2020;1;11.0;ANIME;Kazuya Nomura;8.0;14+;24.0
Crunchyroll;Sound! Euphonium;TV;2015;3;13.0;ANIME;Tatsuya Ishihara;7.9;10+;24.0
Crunchyroll;Attack on Titan: No Regrets;OVA;2014;N/A;2.0;ANIME;Tetsurou Araki;3.8;N/A;28.0
Crunchyroll;Tomo-chan Is a Girl!;TV;2023;1;13.0;ANIME;Fumita Yanagida;7.5;14+;24.0
Crunchyroll;Ergo Proxy;TV;2006;NULL;23.0;ANIME;Daisuke Mataga;NULL;Livre;25.0
Crunchyroll;Oreimo;TV;2010;NULL;12.0;ANIME;Satoshi Motoyama;NULL;Livre;24.0
Crunchyroll;That Time I Got Reincarnated as a Slime Season 3;TV;2024;NULL;24.0;ANIME;Simon Otto;6.8;10+;24.0
Crunchyroll;Food Wars! The Fifth Plate;TV;2020;NULL;13.0;ANIME;Ve Hicks;N/A;N/A;24.0
Crunchyroll;Gleipnir;TV;2020;1;13.0;ANIME;Kazuhiro Yoneda;6.7;14+;24.0
Crunchyroll;The Disappearance of Haruhi Suzumiya;MOVIE;2010;NULL;1.0;ANIME;Noriyuki Kitanohara Kazuya Sakamoto Noriko Takao;8.0;Livre;162.0
Crunchyroll;The Tatami Galaxy;TV;2010;1;11.0;ANIME;Masaaki Yuasa;8.4;14+;23.0
Crunchyroll;TSUKIMICHI -Moonlit Fantasy-;TV;2021;NULL;12.0;ANIME;Shinji Ishihira;NULL;Livre;24.0
Crunchyroll;Asobi Asobase - workshop of fun -;TV;2018;1;12.0;ANIME;Rin Suzukawa;7.9;N/A;24.0
Crunchyroll;In Another World With My Smartphone;TV;2017;2;12.0;ANIME;Yuuji Yanase;6.5;14+;24.0
Crunchyroll;Shangri-La Frontier;TV;2023;2;25.0;ANIME;Katarina;7.5;14+;26.0
Crunchyroll;Tomodachi Game;ONA;2022;1;12.0;ANIME;Hirofumi Ogura;7.6;14+;23.0
Crunchyroll;Date A Live II;TV;2014;NULL;10.0;ANIME;Chris Nelson;5.7;16+;28.0
Crunchyroll;Wandering Witch: The Journey of Elaina;TV;2020;1;12.0;ANIME;Toshiyuki Kubooka;6.9;14+;24.0
Crunchyroll;The Fruit of Grisaia;TV;2014;2;13.0;ANIME;Motoki Tanaka;6.9;16+;24.0
Crunchyroll;Attack on Titan Final Season THE FINAL CHAPTERS Special 2;SPECIAL;2023;NULL;1.0;ANIME;Junaid Syed;3.2;Livre;85.0
Crunchyroll;My Next Life as a Villainess: All Routes Lead to Doom!;TV;2020;2;12.0;ANIME;Keisuke Inoue;7.2;14+;25.0
Crunchyroll;Citrus;TV;2018;1;12.0;ANIME;Saburouta;6.5;14+;24.0
Crunchyroll;Uzaki-chan Wants to Hang Out!;TV;2020;2;12.0;ANIME;Kazuya Miura;6.9;14+;24.0
Crunchyroll;So I'm a Spider So What?;TV;2021;1;24.0;ANIME;Shin Itagaki;7.2;14+;24.0
Crunchyroll;ODDTAXI;TV;2021;NULL;13.0;ANIME;Baku Kinoshita;NULL;Livre;24.0
Crunchyroll;Fate/stay night [Heaven's Feel] I. presage flower;MOVIE;2017;NULL;1.0;ANIME;Tomonori Sudô;7.4;16+;120.0
Crunchyroll;Lucky☆Star;TV;2007;1;24.0;ANIME;Kagami Yoshimizu;7.4;10+;24.0
Crunchyroll;PSYCHO-PASS 2;TV;2014;NULL;11.0;ANIME;Naoyoshi Shiotani;NULL;Livre;23.0
Crunchyroll;Megalobox;TV;2018;NULL;13.0;ANIME;Ikki Kajiwara;NULL;Livre;25.0
Crunchyroll;Maquia: When the Promised Flower Blooms;MOVIE;2018;NULL;1.0;ANIME;Masakazu Hashimoto Jong Heo Tadashi Hiramatsu;7.4;Livre;115.0
Crunchyroll;A Lull in the Sea (Nagi-Asu: Nagi no Asukara);TV;2013;NULL;26.0;ANIME;Steve McQueen;8.1;16+;24.0
Crunchyroll;Fairy Tail Final Season;TV;2018;1;51.0;ANIME;Hiro Mashima;5.5;N/A;24.0
Crunchyroll;My First Girlfriend is a Gal;TV;2017;1;10.0;ANIME;Meguru Ueno;6.2;16+;23.0
Crunchyroll;My Hero Academia Season 7;TV;2024;NULL;21.0;ANIME;Megan Park;7.0;16+;24.0
Crunchyroll;The Last: Naruto the Movie;MOVIE;2014;NULL;1.0;ANIME;Tsuneo Kobayashi;7.6;14+;112.0
Crunchyroll;Myriad Colors Phantom World;TV;2016;1;13.0;ANIME;Tatsuya Ishihara;6.2;14+;24.0
Crunchyroll;Horimiya: The Missing Pieces;TV;2023;1;13.0;ANIME;Masashi Ishihama;7.8;14+;24.0
Crunchyroll;ORESUKI: Are you the only one who loves me?;TV;2019;1;12.0;ANIME;Noriaki Akitaya;7.0;14+;24.0
Crunchyroll;Hellsing;TV;2001;1;13.0;ANIME;Taliesin Jaffe;7.7;16+;23.0
Crunchyroll;The World God Only Knows;TV;2010;3;12.0;ANIME;Yoshikazu Iwanami;7.2;14+;23.0
Crunchyroll;GANGSTA.;TV;2015;1;12.0;ANIME;Kohske;7.2;16+;24.0
Crunchyroll;And you thought there is never a girl online?;TV;2016;1;12.0;ANIME;Shinsuke Yanagi;6.3;16+;24.0
Crunchyroll;Recovery of an MMO Junkie;TV;2017;1;10.0;ANIME;Saori Den;7.3;14+;24.0
Crunchyroll;Bottom-Tier Character Tomozaki;TV;2021;2;12.0;ANIME;Shinsuke Yanagi;6.9;N/A;24.0
Crunchyroll;March comes in like a lion Season 2;TV;2017;NULL;22.0;ANIME;Kazuhiko Nakamura;N/A;N/A;25.0
Crunchyroll;Gabriel DropOut;TV;2017;1;12.0;ANIME;Ukami;7.0;14+;24.0
Crunchyroll;Owarimonogatari;TV;2015;2;12.0;ANIME;NISIOISIN;8.3;N/A;24.0
Crunchyroll;Oreshura;TV;2013;1;13.0;ANIME;Kanta Kamei;6.3;N/A;23.0
Crunchyroll;Log Horizon 2;TV;2014;NULL;25.0;ANIME;Gary Freedman;7.0;N/A;25.0
Crunchyroll;I've Been Killing Slimes for 300 Years and Maxed Out My Level;TV;2021;2;12.0;ANIME;Nobukage Kimura;6.4;14+;24.0
Crunchyroll;The Rising of the Shield Hero Season 3;TV;2023;2;12.0;ANIME;Hitoshi Haga;8.6;16+;24.0
Crunchyroll;Rent-a-Girlfriend Season 2;TV;2022;1;12.0;ANIME;Reiji Miyajima;N/A;14+;24.0
Crunchyroll;Hajime no Ippo: The Fighting!;TV;2000;NULL;75.0;ANIME;Richard Epcar;NULL;Livre;23.0
Crunchyroll;Attack on Titan OVA;OVA;2013;4;3.0;ANIME;Tetsurou Araki;9.1;16+;25.0
Crunchyroll;Death March to the Parallel World Rhapsody;TV;2018;1;12.0;ANIME;Shin Oonuma;6.6;14+;24.0
Crunchyroll;We Never Learn: BOKUBEN;TV;2019;2;13.0;ANIME;Taishi Tsutsui;6.9;14+;24.0
Crunchyroll;DRIFTERS;TV;2016;1;12.0;ANIME;Kouta Hirano;7.6;16+;25.0
Crunchyroll;Plunderer;TV;2020;1;24.0;ANIME;Suu Minazuki;6.5;14+;23.0
Crunchyroll;Strike the Blood;TV;2013;5;24.0;ANIME;Gakuto Mikumo;6.9;16+;24.0
Crunchyroll;Golden Kamuy;TV;2018;4;12.0;ANIME;Satoru Noda;8.0;16+;24.0
Crunchyroll;Sankarea: Undying Love;TV;2012;1;12.0;ANIME;Joel Mcdonald;6.7;16+;24.0
Crunchyroll;The Angel Next Door Spoils Me Rotten;TV;2023;1;12.0;ANIME;Masakazu Miyake;7.6;14+;24.0
Crunchyroll;AHO-GIRL;TV_SHORT;2017;1;12.0;ANIME;Keizou Kusakawa;6.6;N/A;13.0
Crunchyroll;Kaguya-sama: Love is War -The First Kiss That Never Ends-;TV;2023;NULL;4.0;ANIME;Aka Akasaka;NULL;Livre;25.0
Crunchyroll;Shiki;TV;2010;1;22.0;ANIME;Mike McFarland;7.6;16+;23.0
Crunchyroll;Dragon Ball GT;TV;1996;1;64.0;ANIME;Shigeyasu Yamauchi;6.8;10+;24.0
Crunchyroll;Natsume's Book of Friends Season 1;TV;2008;7;13.0;ANIME;Yuki Midorikawa;8.1;N/A;24.0
Crunchyroll;The Daily Life of the Immortal King;ONA;2020;4;15.0;ANIME;Shixuan Ouyang;7.1;14+;18.0
Crunchyroll;School Days (TV);TV;2007;NULL;12.0;ANIME;Kenny Ortega;5.3;Livre;25.0
Crunchyroll;Hanamonogatari;TV;2014;1;5.0;ANIME;NISIOISIN;7.5;N/A;24.0
Crunchyroll;How Heavy Are the Dumbbells You Lift?;TV;2019;1;12.0;ANIME;Jad Saxton;6.9;14+;24.0
Crunchyroll;HAIKYU!! LAND VS. AIR;OVA;2020;NULL;2.0;ANIME;Masako Satou;6.0;N/A;23.0
Crunchyroll;Owarimonogatari Second Season;TV;2017;NULL;7.0;ANIME;NISIOISIN;NULL;Livre;24.0
Crunchyroll;ID: INVADED;TV;2020;1;13.0;ANIME;Ei Aoki;7.5;16+;25.0
Crunchyroll;KONOSUBA -God's blessing on this wonderful world!: God's Blessings On This Wonderful Choker!;OVA;2016;3;1.0;ANIME;Yasuo Iwamoto;7.8;14+;24.0
Crunchyroll;Kemono Jihen;TV;2021;1;12.0;ANIME;Shou Aimoto;7.2;14+;24.0
Crunchyroll;NEW GAME!;TV;2016;2;12.0;ANIME;Caitlin Glass;7.2;14+;24.0
Crunchyroll;Chihayafuru;TV;2011;3;25.0;ANIME;Yuki Suetsugu;8.1;14+;22.0
Crunchyroll;Lovely Complex;TV;2007;1;24.0;ANIME;Aya Nakahara;7.9;10+;24.0
Crunchyroll;Problem Children Are Coming From Another World Aren't They?;TV;2013;1;10.0;ANIME;Kazuya Tanaka;6.9;14+;23.0
Crunchyroll;Tsukimonogatari;TV;2014;1;4.0;ANIME;NISIOISIN;7.5;N/A;23.0
Crunchyroll;Seirei Gensouki: Spirit Chronicles;TV;2021;2;12.0;ANIME;Osamu Yamasaki;7.2;14+;24.0
Crunchyroll;The Detective Is Already Dead;TV;2021;1;12.0;ANIME;Manabu Kurihara;5.9;14+;24.0
Crunchyroll;Non Non Biyori;TV;2013;3;12.0;ANIME;Toshiki Kameyama;7.8;10+;24.0
Crunchyroll;How NOT to Summon a Demon Lord Ω;TV;2021;NULL;10.0;ANIME;Satoshi Kuwabara;NULL;Livre;24.0
Crunchyroll;Ping Pong the Animation;TV;2014;1;11.0;ANIME;Taiyou Matsumoto;8.6;14+;23.0
Crunchyroll;Sonny Boy;TV;2021;1;12.0;ANIME;Shingo Natsume;7.6;14+;25.0
Crunchyroll;The Apothecary Diaries Season 2;TV;2025;NULL;24.0;ANIME;Scott Derrickson;6.7;12+;24.0
Crunchyroll;I Got a Cheat Skill in Another World and Became Unrivaled in The Real World Too;TV;2023;1;13.0;ANIME;Shin Itagaki;6.6;14+;24.0
Crunchyroll;Twin Star Exorcists;TV;2016;1;50.0;ANIME;Yoshiaki Sukeno;7.1;14+;24.0
Crunchyroll;Absolute Duo;TV;2015;1;12.0;ANIME;Atsushi Nakayama;6.2;16+;24.0
Crunchyroll;Arifureta: From Commonplace to World's Strongest Season 2;TV;2022;NULL;12.0;ANIME;Chika Kojima;NULL;Livre;24.0
Crunchyroll;Baka and Test - Summon the Beasts;TV;2010;2;13.0;ANIME;Miwa Ooshima;7.1;14+;24.0
Crunchyroll;The Melancholy of Haruhi Suzumiya (2009);TV;2009;NULL;28.0;ANIME;Todd Phillips;7.7;16+;24.0
Crunchyroll;Gintama Season 4;TV;2015;NULL;51.0;ANIME;Hideaki Sorachi;NULL;Livre;24.0
Crunchyroll;Skip and Loafer;TV;2023;1;12.0;ANIME;Misaki Takamatsu;7.8;14+;24.0
Crunchyroll;The Hidden Dungeon Only I Can Enter;TV;2021;NULL;12.0;ANIME;Destin Daniel Cretton;7.3;12+;24.0
Crunchyroll;Gosick;TV;2011;1;24.0;ANIME;Hitoshi Nanba;7.3;16+;24.0
Crunchyroll;Aharen-san wa Hakarenai;TV;2022;2;12.0;ANIME;Asato Mizu;7.0;14+;24.0
Crunchyroll;Keep Your Hands Off Eizouken!;TV;2020;1;12.0;ANIME;Masaaki Yuasa;8.1;14+;25.0
Crunchyroll;Dagashi Kashi;TV;2016;2;12.0;ANIME;Kotoyama;6.1;14+;25.0
Crunchyroll;Blast of Tempest;TV;2012;1;24.0;ANIME;Kyou Shirodaira;7.4;N/A;24.0
Crunchyroll;Talentless Nana;TV;2020;1;13.0;ANIME;Shinji Ishihira;6.9;14+;24.0
Crunchyroll;Love Live! School Idol Project;TV;2013;NULL;13.0;ANIME;Hajime Yatate;7.9;N/A;24.0
Crunchyroll;Is It Wrong to Try to Pick Up Girls in a Dungeon? IV;TV;2022;NULL;11.0;ANIME;Justin Folk;8.1;N/A;24.0
Crunchyroll;Science Fell in Love So I Tried to Prove It;ONA;2020;2;12.0;ANIME;Alfred Yamamoto;6.8;14+;24.0
Crunchyroll;SHIROBAKO;TV;2014;1;24.0;ANIME;Tsutomu Mizushima;7.9;10+;24.0
Crunchyroll;Combatants Will Be Dispatched!;TV;2021;1;12.0;ANIME;Hiroaki Akagi;6.6;14+;25.0
Crunchyroll;Is this a Zombie?;TV;2011;2;12.0;ANIME;Yoshikazu Iwanami;6.9;16+;24.0
Crunchyroll;D.Gray-man;TV;2006;1;103.0;ANIME;Christopher Sabat;7.7;14+;23.0
Crunchyroll;NieR:Automata Ver1.1a;TV;2023;2;12.0;ANIME;Jun Nakai;7.3;14+;24.0
Crunchyroll;Wistoria: Wand and Sword;TV;2024;1;12.0;ANIME;Tatsuya Yoshihara;7.5;14+;24.0
Crunchyroll;Claymore;TV;2007;1;26.0;ANIME;Monica Rial;8.0;16+;23.0
Crunchyroll;World Trigger;TV;2014;3;73.0;ANIME;Daisuke Ashihara;7.4;14+;23.0
Crunchyroll;Kimi ni Todoke: From Me to You Season 2;TV;2011;1;13.0;ANIME;Karuho Shiina;8.0;N/A;23.0
Crunchyroll;The Irregular at Magic High School: Visitor Arc;TV;2020;1;13.0;ANIME;Risako Yoshida;8.5;16+;24.0
Crunchyroll;BLUE LOCK Season 2;TV;2024;NULL;14.0;ANIME;Yunpeng LI LI Yunpeng;N/A;N/A;24.0
Crunchyroll;A Sign of Affection;TV;2024;1;12.0;ANIME;Suu Morishita;7.8;14+;24.0
Crunchyroll;God Eater;TV;2015;1;13.0;ANIME;Takayuki Hirao;6.9;14+;24.0
Crunchyroll;Eden of the East;TV;2009;1;11.0;ANIME;Mike McFarland;7.4;16+;23.0
Crunchyroll;Banished from the Hero’s Party I Decided to Live a Quiet Life in the Countryside;TV;2021;2;13.0;ANIME;Makoto Hoshino;6.7;14+;24.0
Crunchyroll;Tower of God Season 2;TV;2024;NULL;26.0;ANIME;Dimos Vosinakis;N/A;N/A;24.0
Crunchyroll;WorldEnd: What are you doing at the end of the world? Are you busy? Will you save us?;TV;2017;1;12.0;ANIME;Junichi Wada;7.1;14+;24.0
Crunchyroll;ASSASSINS PRIDE;TV;2019;NULL;12.0;ANIME;Kazuya Aiura;NULL;Livre;24.0
Crunchyroll;The Boy and The Beast;MOVIE;2015;NULL;1.0;ANIME;Mamoru Hosoda;7.6;12+;118.0
Crunchyroll;Gintama Season 2;TV;2011;NULL;51.0;ANIME;Hideaki Sorachi;NULL;Livre;24.0
Crunchyroll;Blood Blockade Battlefront & Beyond;TV;2017;3;12.0;ANIME;Yasuhiro Nightow;7.9;16+;23.0
Crunchyroll;Kakushigoto;TV;2020;1;12.0;ANIME;Kouji Kumeta;7.3;14+;24.0
Crunchyroll;The Helpful Fox Senko-san;TV;2019;1;12.0;ANIME;Rimukoro;6.8;14+;24.0
Crunchyroll;Date A Live III;TV;2019;NULL;12.0;ANIME;Scott Rodgers;N/A;N/A;24.0
Crunchyroll;Initial D 1st Stage;TV;1998;1;26.0;ANIME;Shuuichi Shigeno;8.5;10+;25.0
Crunchyroll;Dr. STONE New World Part 2;TV;2023;NULL;11.0;ANIME;Kim Seong-sik;5.9;N/A;24.0
Crunchyroll;ISEKAI QUARTET;TV_SHORT;2019;2;12.0;ANIME;Minoru Ashina;6.9;14+;12.0
Crunchyroll;Why the hell are you here Teacher!?;TV_SHORT;2019;1;12.0;ANIME;Soborou;6.4;16+;12.0
Crunchyroll;Maoyu: Archenemy & Hero;TV;2013;1;12.0;ANIME;Takeo Takahashi;6.8;14+;23.0
Crunchyroll;When Supernatural Battles Became Commonplace;TV;2014;NULL;12.0;ANIME;Kouta Nozomi;NULL;Livre;24.0
Crunchyroll;Re:ZERO -Starting Life in Another World- OVAs;OVA;2018;NULL;2.0;ANIME;WHITE FOX;NULL;Livre;68.0
Crunchyroll;ALDNOAH.ZERO;TV;2014;NULL;12.0;ANIME;Ei Aoki;NULL;Livre;24.0
Crunchyroll;Keijo!!!!!!!!;TV;2016;NULL;12.0;ANIME;Hideya Takahashi;NULL;Livre;23.0
Crunchyroll;Beelzebub;TV;2011;NULL;60.0;ANIME;Yukiko Ban;NULL;Livre;24.0
Crunchyroll;SSSS.GRIDMAN;TV;2018;NULL;12.0;ANIME;Akira Amemiya;NULL;Livre;25.0
Crunchyroll;ReLIFE: Final Arc;OVA;2018;NULL;4.0;ANIME;Sou Yayoi;NULL;Livre;24.0
Crunchyroll;No.6;TV;2011;NULL;11.0;ANIME;Atsuko Asano;NULL;Livre;23.0
Crunchyroll;Interviews with Monster Girls;TV;2017;NULL;12.0;ANIME;Petosu;NULL;Livre;24.0
Crunchyroll;Bunny Drop;TV;2011;NULL;11.0;ANIME;Yumi Unita;NULL;Livre;22.0
Crunchyroll;The 100 Girlfriends Who Really Really Really Really REALLY Love You;TV;2023;2;12.0;ANIME;Hikaru Satou;8.6;16+;24.0
Crunchyroll;A Certain Magical Index II;TV;2010;NULL;24.0;ANIME;Kazuma Kamachi;NULL;Livre;23.0
Crunchyroll;Ascendance of a Bookworm;TV;2019;NULL;14.0;ANIME;Mitsuru Hongou;NULL;Livre;24.0
Crunchyroll;Black Butler II;TV;2010;NULL;12.0;ANIME;Yana Toboso;NULL;Livre;24.0
Crunchyroll;A Sister's All You Need.;TV;2017;NULL;12.0;ANIME;Shin Oonuma;NULL;Livre;24.0
Crunchyroll;Trapped in a Dating Sim: The World of Otome Games Is Tough for Mobs;TV;2022;NULL;12.0;ANIME;Kazuya Miura;NULL;Livre;24.0
Crunchyroll;The Asterisk War 2;TV;2016;NULL;12.0;ANIME;Yuu Miyazaki;NULL;Livre;24.0
Crunchyroll;Mekakucity Actors;TV;2014;NULL;12.0;ANIME;Jin;NULL;Livre;23.0
Crunchyroll;Kiss Him Not Me;TV;2016;NULL;12.0;ANIME;Junko;NULL;Livre;23.0
Crunchyroll;Makeine: Too Many Losing Heroines!;TV;2024;NULL;12.0;ANIME;Shoutarou Kitamura;NULL;Livre;24.0
Crunchyroll;Engaged to the Unidentified;TV;2014;1;12.0;ANIME;Yoshiyuki Fujiwara;7.0;14+;23.0
Crunchyroll;Tokyo Ravens;TV;2013;NULL;24.0;ANIME;Takaomi Kanasaki;NULL;Livre;24.0
Crunchyroll;School Babysitters;TV;2018;NULL;12.0;ANIME;Hari Tokeino;NULL;Livre;24.0
Crunchyroll;Our Last Crusade or the Rise of a New World;TV;2020;NULL;12.0;ANIME;Mirai Minato;NULL;Livre;24.0
Crunchyroll;DECA-DENCE;TV;2020;NULL;12.0;ANIME;Yuzuru Tachikawa;NULL;Livre;24.0
Crunchyroll;"SING ""YESTERDAY"" FOR ME";TV;2020;NULL;12.0;ANIME;Kei Toume;NULL;Livre;23.0
Crunchyroll;ASTRA LOST IN SPACE;TV;2019;NULL;12.0;ANIME;Masaomi Andou;NULL;Livre;28.0
Crunchyroll;The Quintessential Quintuplets Movie;MOVIE;2022;NULL;1.0;ANIME;Matt Reeves;7.8;12+;136.0
Crunchyroll;Cardcaptor Sakura;TV;1998;NULL;70.0;ANIME;CLAMP;NULL;Livre;25.0
Crunchyroll;SHADOWS HOUSE;TV;2021;NULL;13.0;ANIME;Soumatou;NULL;Livre;24.0
Crunchyroll;BURN THE WITCH;ONA;2020;NULL;3.0;ANIME;Tite Kubo;NULL;Livre;21.0
Crunchyroll;The Genius Prince's Guide to Raising a Nation Out of Debt;TV;2022;NULL;12.0;ANIME;Matt Reeves;7.8;12+;24.0
Crunchyroll;Spice and Wolf II;TV;2009;NULL;12.0;ANIME;Takeo Takahashi;NULL;Livre;24.0
Crunchyroll;Fruits Basket;TV;2001;NULL;26.0;ANIME;Justin Cook;NULL;Livre;24.0
Crunchyroll;Demon King Daimao;TV;2010;NULL;12.0;ANIME;Satoshi Motoyama;NULL;Livre;23.0
Crunchyroll;Vampire Knight;TV;2008;NULL;13.0;ANIME;Matsuri Hino;NULL;Livre;24.0
Crunchyroll;Kono Oto Tomare!: Sounds of Life;TV;2019;NULL;13.0;ANIME;Amyuu Sakura;NULL;Livre;24.0
Crunchyroll;A Certain Scientific Railgun S;TV;2013;NULL;24.0;ANIME;Steve McQueen;8.1;16+;24.0
Crunchyroll;Skeleton Knight in Another World;TV;2022;NULL;12.0;ANIME;Katsumi Ono;NULL;Livre;24.0
Crunchyroll;Shakugan no Shana;TV;2005;NULL;24.0;ANIME;Yashichiro Takahashi;NULL;Livre;24.0
Crunchyroll;The Greatest Demon Lord Is Reborn as a Typical Nobody;TV;2022;NULL;12.0;ANIME;Matt Reeves;7.8;12+;24.0
Crunchyroll;Somali and the Forest Spirit;TV;2020;NULL;12.0;ANIME;Yako Gureishi;NULL;Livre;24.0
Crunchyroll;Sword Art Online the Movie -Progressive- Aria of a Starless Night;MOVIE;2021;NULL;1.0;ANIME;Ayako Kouno;NULL;Livre;97.0
Crunchyroll;GOBLIN SLAYER -GOBLIN’S CROWN-;MOVIE;2020;NULL;1.0;ANIME;Takaharu Ozaki;NULL;Livre;60.0
Crunchyroll;Inu X Boku Secret Service;TV;2012;NULL;12.0;ANIME;Cocoa Fujiwara;NULL;Livre;24.0
Crunchyroll;Given The Movie;MOVIE;2020;NULL;1.0;ANIME;Natsuki Kizu;NULL;Livre;60.0
Crunchyroll;The Wrong Way to Use Healing Magic;TV;2024;NULL;13.0;ANIME;Takahide Ogata;NULL;Livre;24.0
Crunchyroll;Run with the Wind;TV;2018;NULL;23.0;ANIME;Kazuya Nomura;NULL;Livre;24.0
Crunchyroll;REBORN!;TV;2006;NULL;203.0;ANIME;Akira Amano;NULL;Livre;24.0
Crunchyroll;Welcome to Demon School! Iruma-kun Season 2;TV;2021;NULL;21.0;ANIME;Osamu Nishi;NULL;Livre;25.0
Crunchyroll;Kaiji - Ultimate Survivor;TV;2007;NULL;26.0;ANIME;Nobuyuki Fukumoto;NULL;Livre;23.0
Crunchyroll;My Deer Friend Nokotan;ONA;2024;NULL;12.0;ANIME;Megan Park;7.0;16+;23.0
Crunchyroll;The Day I Became a God;TV;2020;1;12.0;ANIME;Jun Maeda;8.5;16+;24.0
Crunchyroll;The Case Study of Vanitas Part 2;TV;2022;NULL;12.0;ANIME;Matt Reeves;7.8;12+;24.0
Crunchyroll;The Slime Diaries;TV;2021;NULL;12.0;ANIME;Destin Daniel Cretton;7.3;12+;24.0
Crunchyroll;Princess Connect! Re:Dive;TV;2020;NULL;13.0;ANIME;Takaomi Kanasaki;NULL;Livre;24.0
Crunchyroll;Oreimo 2;TV;2013;NULL;13.0;ANIME;Satoshi Motoyama;NULL;Livre;24.0
Crunchyroll;Noblesse;TV;2020;NULL;13.0;ANIME;Shunsuke Tada;NULL;Livre;24.0
Crunchyroll;"Code Geass: Lelouch of the Re;surrection";MOVIE;2019;NULL;1.0;ANIME;Yasuo Urakami;NULL;Livre;115.0
Crunchyroll;Undefeated Bahamut Chronicle;TV;2016;NULL;12.0;ANIME;Masaomi Andou;NULL;Livre;24.0
Crunchyroll;Wagnaria!!;TV;2010;NULL;13.0;ANIME;Karino Takatsu;NULL;Livre;24.0
Crunchyroll;Isekai Cheat Magician;TV;2019;NULL;12.0;ANIME;Daisuke Tsukushi;NULL;Livre;24.0
Crunchyroll;That Time I Got Reincarnated as a Slime the Movie: Scarlet Bond;MOVIE;2022;NULL;1.0;ANIME;Munenori Nawa;NULL;Livre;108.0
Crunchyroll;Attack on Titan: Lost Girls;OVA;2017;NULL;3.0;ANIME;Sankalp Reddy;7.5;Livre;25.0
Crunchyroll;I'm Standing on a Million Lives;TV;2020;NULL;12.0;ANIME;Kumiko Habara;NULL;Livre;24.0
Crunchyroll;Heaven's Lost Property;TV;2009;NULL;13.0;ANIME;Christopher Bevins;NULL;Livre;24.0
Crunchyroll;Rage of Bahamut: Genesis;TV;2014;NULL;12.0;ANIME;Keiichi Satou;NULL;Livre;24.0
Crunchyroll;My Mental Choices Are Completely Interfering With My School Romantic Comedy;TV;2013;NULL;10.0;ANIME;Takayuki Inagaki;NULL;Livre;24.0
Crunchyroll;Cells at Work!!;TV;2021;NULL;8.0;ANIME;Akane Shimizu;NULL;Livre;24.0
Crunchyroll;Full Metal Panic!;TV;2002;NULL;24.0;ANIME;Shouji Gatou;NULL;Livre;24.0
Crunchyroll;Danganronpa 3: The End of Hope’s Peak High School - Future Arc;TV;2016;NULL;12.0;ANIME;Seiji Kishi;NULL;Livre;24.0
Crunchyroll;YuruYuri;TV;2011;NULL;12.0;ANIME;Namori;NULL;Livre;23.0
Crunchyroll;The Eden of Grisaia;TV;2015;NULL;10.0;ANIME;Kazuhiro Inoue;NULL;Livre;24.0
Crunchyroll;Free! -Eternal Summer-;TV;2014;NULL;13.0;ANIME;Naoko Yamada;NULL;Livre;24.0
Crunchyroll;Saga of Tanya the Evil - the Movie -;MOVIE;2019;NULL;1.0;ANIME;Yutaka Uemura;NULL;Livre;98.0
Crunchyroll;Love Tyrant;TV;2017;NULL;12.0;ANIME;Megane Mihoshi;NULL;Livre;24.0
Crunchyroll;Fire Force Season 3;TV;2025;NULL;12.0;ANIME;Atsushi Ookubo;NULL;Livre;24.0
Crunchyroll;Rurouni Kenshin;TV;1996;NULL;94.0;ANIME;Nobuhiro Watsuki;NULL;Livre;25.0
Crunchyroll;Suppose a Kid from the Last Dungeon Boonies moved to a starter town?;TV;2021;NULL;12.0;ANIME;Jin Aketagawa;NULL;Livre;24.0
Crunchyroll;Durarara!! X2 The Second Arc;TV;2015;NULL;12.0;ANIME;Takahiro Oomori;NULL;Livre;24.0
Crunchyroll;Spice and Wolf: MERCHANT MEETS THE WISE WOLF;TV;2024;NULL;25.0;ANIME;Takeo Takahashi;NULL;Livre;24.0
Crunchyroll;Mononoke;TV;2007;NULL;12.0;ANIME;Kenji Nakamura;NULL;Livre;22.0
Crunchyroll;Danganronpa 3: The End of Hope’s Peak High School - Despair Arc;TV;2016;NULL;11.0;ANIME;Seiji Kishi;NULL;Livre;24.0
Crunchyroll;The King's Avatar;ONA;2017;NULL;12.0;ANIME;Ke Xiong;NULL;Livre;24.0
Crunchyroll;Dusk Maiden of Amnesia;TV;2012;NULL;12.0;ANIME;Chris Ayres;NULL;Livre;24.0
Crunchyroll;D-Frag!;TV;2014;NULL;12.0;ANIME;Shizutaka Sugahara;NULL;Livre;24.0
Crunchyroll;Dead Mount Death Play;TV;2023;NULL;12.0;ANIME;Manabu Ono;NULL;Livre;24.0
Crunchyroll;Bungo Stray Dogs: DEAD APPLE;MOVIE;2018;NULL;1.0;ANIME;Takuya Igarashi;NULL;Livre;90.0
Crunchyroll;Kamisama Kiss◎;TV;2015;NULL;12.0;ANIME;Hiroaki Akagi;NULL;Livre;24.0
Crunchyroll;Chobits;TV;2002;NULL;26.0;ANIME;CLAMP;NULL;Livre;24.0
Crunchyroll;The Testament of Sister New Devil BURST;TV;2015;NULL;10.0;ANIME;Shouko Yasuda;NULL;Livre;23.0
Crunchyroll;Snow White with the Red Hair Season 2;TV;2016;NULL;12.0;ANIME;Sorata Akizuki;NULL;Livre;24.0
Crunchyroll;Eureka Seven;TV;2005;NULL;50.0;ANIME;Tony Oliver;NULL;Livre;24.0
Crunchyroll;NANBAKA;TV;2016;NULL;13.0;ANIME;Shinji Takamatsu;NULL;Livre;23.0
Crunchyroll;Is It Wrong to Try to Pick Up Girls in a Dungeon? IV Part 2;TV;2023;NULL;11.0;ANIME;Hideki Tachibana;NULL;Livre;24.0
Crunchyroll;Chaika -The Coffin Princess-;TV;2014;NULL;12.0;ANIME;Souichi Masui;NULL;Livre;24.0
Crunchyroll;Osamake: Romcom Where The Childhood Friend Won't Lose;TV;2021;NULL;12.0;ANIME;Takashi Naoya;NULL;Livre;24.0
Crunchyroll;Sweetness & Lightning;TV;2016;NULL;12.0;ANIME;Gido Amagakure;NULL;Livre;24.0
Crunchyroll;The Great Jahy Will Not Be Defeated!;TV;2021;NULL;20.0;ANIME;Destin Daniel Cretton;7.3;12+;24.0
Crunchyroll;Gintama Season 3;TV;2012;NULL;13.0;ANIME;Hideaki Sorachi;NULL;Livre;24.0
Crunchyroll;The Ice Guy and His Cool Female Colleague;TV;2023;2;12.0;ANIME;Miyuki Tonogaya;8.6;16+;24.0
Crunchyroll;Do You Love Your Mom and Her Two-Hit Multi-Target Attacks?;TV;2019;NULL;12.0;ANIME;Yoshiaki Iwasaki;NULL;Livre;24.0
Crunchyroll;Life Lessons with Uramichi Oniisan;TV;2021;NULL;13.0;ANIME;Gaku Kuze;NULL;Livre;24.0
Crunchyroll;Shangri-La Frontier Season 2;TV;2024;NULL;25.0;ANIME;Ryousuke Fuji;NULL;Livre;24.0
Crunchyroll;Outbreak Company;TV;2013;NULL;12.0;ANIME;Kei Oikawa;NULL;Livre;24.0
Crunchyroll;Higurashi: When They Cry - GOU;TV;2020;NULL;24.0;ANIME;Ryukishi07;NULL;Livre;24.0
Crunchyroll;Nyaruko: Crawling with Love!;TV;2012;NULL;12.0;ANIME;Satoshi Motoyama;NULL;Livre;24.0
Crunchyroll;Showa Genroku Rakugo Shinju;TV;2016;NULL;13.0;ANIME;Haruko Kumota;NULL;Livre;24.0
Crunchyroll;Yuuna and the Haunted Hot Springs;TV;2018;NULL;12.0;ANIME;Tadahiro Miura;NULL;Livre;24.0
Crunchyroll;Yu-Gi-Oh!;TV;2000;NULL;224.0;ANIME;Kazuki Takahashi;NULL;Livre;23.0
Crunchyroll;We Never Learn!: BOKUBEN Season 2;TV;2019;NULL;13.0;ANIME;Taishi Tsutsui;NULL;Livre;24.0
Crunchyroll;Ao-chan Can't Study!;TV_SHORT;2019;1;12.0;ANIME;Ren Kawahara;6.4;16+;13.0
Crunchyroll;Gintama Season 5;TV;2017;NULL;12.0;ANIME;Hideaki Sorachi;NULL;Livre;24.0
Crunchyroll;Engage Kiss;TV;2022;NULL;13.0;ANIME;Masaaki Takiyama;NULL;Livre;24.0
Crunchyroll;Moriarty the Patriot Part 2;TV;2021;NULL;13.0;ANIME;Fumika Takahashi;NULL;Livre;24.0
Crunchyroll;Shelter;MUSIC;2016;NULL;1.0;ANIME;Toshifumi Akai;NULL;Livre;6.0
Crunchyroll;TONIKAWA: Over The Moon For You Season 2;TV;2023;NULL;12.0;ANIME;Kenjirou Hata;NULL;Livre;24.0
Crunchyroll;Fate/Grand Order Absolute Demonic Front: Babylonia;TV;2019;NULL;21.0;ANIME;Type-Moon;NULL;Livre;24.0
Crunchyroll;Witch Craft Works;TV;2014;NULL;12.0;ANIME;Tsutomu Mizushima;NULL;Livre;23.0
Crunchyroll;Aoashi;TV;2022;NULL;24.0;ANIME;Yuugo Kobayashi;NULL;Livre;25.0
Crunchyroll;That Time I Got Reincarnated as a Slime OAD;OVA;2019;NULL;5.0;ANIME;Roberto Gutiérrez;NULL;Livre;24.0
Crunchyroll;High School Prodigies Have It Easy Even In Another World;TV;2019;NULL;12.0;ANIME;Shinsuke Yanagi;NULL;Livre;24.0
Crunchyroll;Hanasaku Iroha ~Blossoms for Tomorrow~;TV;2011;NULL;26.0;ANIME;Mutsumi Sasaki;NULL;Livre;24.0
Crunchyroll;Sabikui Bisco;TV;2022;NULL;12.0;ANIME;Daisuke Mataga;NULL;Livre;24.0
Crunchyroll;This Art Club Has a Problem!;TV;2016;NULL;12.0;ANIME;Muru Imigi;NULL;Livre;24.0
Crunchyroll;Hundred;TV;2016;NULL;12.0;ANIME;Tomoki Kobayashi;NULL;Livre;24.0
Crunchyroll;Black Butler: Book of Circus;TV;2014;NULL;10.0;ANIME;Yana Toboso;NULL;Livre;24.0
Crunchyroll;Stars Align;TV;2019;NULL;12.0;ANIME;Kazuki Akane;NULL;Livre;24.0
Crunchyroll;The Kawai Complex Guide to Manors and Hostel Behavior;TV;2014;NULL;12.0;ANIME;Ruri Miyahara;NULL;Livre;24.0
Crunchyroll;Magical Sempai;TV_SHORT;2019;NULL;12.0;ANIME;Azu;NULL;Livre;13.0
Crunchyroll;Full Dive: This Ultimate Next-Gen Full Dive RPG Is Even Shittier than Real Life!;TV;2021;NULL;12.0;ANIME;Kazuya Miura;NULL;Livre;24.0
Crunchyroll;Dr. STONE SCIENCE FUTURE;TV;2025;NULL;12.0;ANIME;Shuuhei Matsushita;NULL;Livre;24.0
Crunchyroll;The Duke of Death and His Maid;TV;2021;NULL;12.0;ANIME;Destin Daniel Cretton;7.3;12+;24.0
Crunchyroll;The World God Only Knows II;TV;2011;NULL;12.0;ANIME;Yoshikazu Iwanami;NULL;Livre;23.0
Crunchyroll;Lord Marksman and Vanadis;TV;2014;NULL;13.0;ANIME;Tatsuo Satou;NULL;Livre;24.0
Crunchyroll;Love After World Domination;TV;2022;NULL;12.0;ANIME;Kazuya Iwata;NULL;Livre;24.0
Crunchyroll;Patema Inverted;MOVIE;2013;NULL;1.0;ANIME;Yasuhiro Yoshiura;NULL;Livre;99.0
Crunchyroll;LAID-BACK CAMP SEASON2;TV;2021;NULL;13.0;ANIME;Afro;NULL;Livre;24.0
Crunchyroll;Sword Art Online EXTRA EDITION;SPECIAL;2013;NULL;1.0;ANIME;Yoshikazu Iwanami;NULL;Livre;101.0
Crunchyroll;PERSONA5 the Animation;TV;2018;NULL;26.0;ANIME;ATLUS;NULL;Livre;24.0
Crunchyroll;DAN DA DAN Season 2;TV;2025;NULL;;ANIME;Yukinobu Tatsu;NULL;Livre;
Crunchyroll;Beck: Mongolian Chop Squad;TV;2004;NULL;26.0;ANIME;Christopher Bevins;NULL;Livre;25.0
Crunchyroll;Handa-kun;TV;2016;NULL;12.0;ANIME;Satsuki Yoshino;NULL;Livre;24.0
Crunchyroll;Berserk of Gluttony;TV;2023;NULL;12.0;ANIME;Tetsuya Yanagisawa;NULL;Livre;24.0
Crunchyroll;The Troubled Life of Miss Kotoura;TV;2013;NULL;12.0;ANIME;Jin Aketagawa;NULL;Livre;23.0
Crunchyroll;Sound! Euphonium 2;TV;2016;NULL;13.0;ANIME;Tatsuya Ishihara;NULL;Livre;24.0
Crunchyroll;The Familiar of Zero F;TV;2012;NULL;12.0;ANIME;Noboru Yamaguchi;NULL;Livre;24.0
Crunchyroll;Arakawa Under the Bridge;TV;2010;NULL;13.0;ANIME;Hikaru Nakamura;NULL;Livre;24.0
Crunchyroll;Record of Grancrest War;TV;2018;NULL;24.0;ANIME;Shinichi Omata;NULL;Livre;24.0
Crunchyroll;One Week Friends;TV;2014;NULL;12.0;ANIME;Maccha Hazuki;NULL;Livre;24.0
Crunchyroll;Date A Live IV;TV;2022;NULL;12.0;ANIME;Jun Nakagawa;NULL;Livre;24.0
Crunchyroll;Adachi and Shimamura;TV;2020;NULL;12.0;ANIME;Satoshi Kuwabara;NULL;Livre;24.0
Crunchyroll;NEW GAME!!;TV;2017;NULL;12.0;ANIME;Shoutarou Tokunou;NULL;Livre;24.0
Crunchyroll;Case Closed;TV;1996;NULL;;ANIME;Mike McFarland;NULL;Livre;25.0
Crunchyroll;Sword of the Stranger;MOVIE;2007;NULL;1.0;ANIME;Masahiro Andou;NULL;Livre;103.0
Crunchyroll;No Longer Allowed in Another World;TV;2024;NULL;12.0;ANIME;Shigeki Kawai ;NULL;Livre;23.0
Crunchyroll;Hitoribocchi no Marumaruseikatsu;TV;2019;NULL;12.0;ANIME;Katsuwo;NULL;Livre;24.0
Crunchyroll;World's End Harem;TV;2022;NULL;11.0;ANIME;Yuu Nobuta;NULL;Livre;24.0
Crunchyroll;Revolutionary Girl Utena;TV;1997;NULL;39.0;ANIME;Be-Papas;NULL;Livre;23.0
Crunchyroll;Flying Witch;TV;2016;NULL;12.0;ANIME;Chihiro Ishizuka;NULL;Livre;24.0
Crunchyroll;The Elusive Samurai;TV;2024;NULL;12.0;ANIME;Yuusei Matsui;NULL;Livre;24.0
Crunchyroll;Brynhildr in the Darkness;TV;2014;NULL;13.0;ANIME;Kenichi Imaizumi;NULL;Livre;23.0
Crunchyroll;Campione!;TV;2012;NULL;13.0;ANIME;Masakazu Ishikawa;NULL;Livre;24.0
Crunchyroll;My Next Life as a Villainess: All Routes Lead to Doom! X;TV;2021;NULL;12.0;ANIME;Ryûsuke Hamaguchi;7.5;Unrated;24.0
Crunchyroll;Aria the Scarlet Ammo;TV;2011;NULL;12.0;ANIME;Takashi Watanabe;NULL;Livre;24.0
Crunchyroll;JUNI TAISEN：ZODIAC WAR;TV;2017;NULL;12.0;ANIME;Naoto Hosoda;NULL;Livre;24.0
Crunchyroll;Alderamin on the Sky;TV;2016;NULL;13.0;ANIME;Yoshikazu Iwanami;NULL;Livre;23.0
Crunchyroll;I Was Reincarnated as the 7th Prince So I Can Take My Time Perfecting My Magical Ability;TV;2024;NULL;12.0;ANIME;Jin Tamamura;NULL;Livre;24.0
Crunchyroll;KamiKatsu: Working for God in a Godless World;TV;2023;NULL;12.0;ANIME;Yuki Inaba;NULL;Livre;24.0
Crunchyroll;The Girl I Like Forgot Her Glasses;TV;2023;2;13.0;ANIME;Koume Fujichika;8.6;16+;24.0
Crunchyroll;The 8th Son? Are You Kidding Me?;TV;2020;1;12.0;ANIME;Tatsuo Miura;8.5;16+;24.0
Crunchyroll;Pandora Hearts;TV;2009;NULL;25.0;ANIME;Jun Mochizuki;NULL;Livre;24.0
Crunchyroll;Sleepy Princess in the Demon Castle;TV;2020;NULL;12.0;ANIME;Kagiji Kumanomata;NULL;Livre;24.0
Crunchyroll;Kaze no Stigma;TV;2007;NULL;24.0;ANIME;Chris Cason;NULL;Livre;24.0
Crunchyroll;Mushoku Tensei: Jobless Reincarnation Cour 2 - Eris the Goblin Slayer;SPECIAL;2022;NULL;1.0;ANIME;Hiroki Hirano;NULL;Livre;24.0
Crunchyroll;The Ancient Magus' Bride: Those Awaiting a Star;OVA;2016;NULL;3.0;ANIME;Kore Yamazaki;NULL;Livre;24.0
Crunchyroll;A Certain Magical Index III;TV;2018;NULL;26.0;ANIME;Hiroshi Nishikiori;NULL;Livre;25.0
Crunchyroll;Restaurant to Another World;TV;2017;NULL;12.0;ANIME;Masato Jinbou;NULL;Livre;24.0
Crunchyroll;Chillin' in Another World with Level 2 Super Cheat Powers;TV;2024;NULL;12.0;ANIME;Yoshiaki Iwasaki;NULL;Livre;24.0
Crunchyroll;Boogiepop and Others;TV;2019;NULL;18.0;ANIME;Shingo Natsume;NULL;Livre;24.0
Crunchyroll;Tales of Zestiria the X;TV;2016;NULL;13.0;ANIME;Haruo Sotozaki;NULL;Livre;24.0
Crunchyroll;Demon Lord Retry!;TV;2019;NULL;12.0;ANIME;Hiroshi Kimura;NULL;Livre;24.0
Crunchyroll;Sasaki and Miyano;TV;2022;NULL;12.0;ANIME;Shou Harusono;NULL;Livre;24.0
Crunchyroll;Berserk (2016);TV;2016;NULL;12.0;ANIME;Kentarou Miura;NULL;Livre;24.0
Crunchyroll;PSYCHO-PASS 3;TV;2019;NULL;8.0;ANIME;Naoyoshi Shiotani;NULL;Livre;45.0
Crunchyroll;Ghost Stories;TV;2000;NULL;19.0;ANIME;Noriyuki Abe;NULL;Livre;25.0
Crunchyroll;Failure Frame: I Became the Strongest and Annihilated Everything with Low-Level Spells;TV;2024;NULL;12.0;ANIME;Michio Fukuda;NULL;Livre;24.0
Crunchyroll;Masamune-kun's Revenge R;TV;2023;NULL;12.0;ANIME;Mirai Minato;NULL;Livre;24.0
Crunchyroll;Gargantia on the Verdurous Planet;TV;2013;NULL;13.0;ANIME;Jin Aketagawa;NULL;Livre;23.0
Crunchyroll;The Kingdoms of Ruin;TV;2023;2;12.0;ANIME;Yoruhashi;8.6;16+;24.0
Crunchyroll;Anti-Magic Academy: The 35th Test Platoon;TV;2015;NULL;12.0;ANIME;Tomoyuki Kawamura;NULL;Livre;24.0
Crunchyroll;ZOMBIE LAND SAGA REVENGE;TV;2021;NULL;12.0;ANIME;Munehisa Sakai;NULL;Livre;24.0
Crunchyroll;Fate/kaleid liner Prisma☆Illya;ONA;2013;NULL;10.0;ANIME;Type-Moon;NULL;Livre;24.0
Crunchyroll;Silver Spoon;TV;2013;NULL;11.0;ANIME;Hiromu Arakawa;NULL;Livre;24.0
Crunchyroll;The Saint's Magic Power is Omnipotent;TV;2021;NULL;12.0;ANIME;Destin Daniel Cretton;7.3;12+;24.0
Crunchyroll;Sakura Trick;TV;2014;NULL;12.0;ANIME;Kenichi Ishikura;NULL;Livre;24.0
Crunchyroll;Road to Ninja: Naruto the Movie;MOVIE;2012;NULL;1.0;ANIME;Masashi Kishimoto;NULL;Livre;109.0
Crunchyroll;I've Always Liked You;MOVIE;2016;NULL;1.0;ANIME;Tetsuya Yanagisawa;NULL;Livre;63.0
Crunchyroll;Is the Order a Rabbit?;TV;2014;NULL;12.0;ANIME;Koi;NULL;Livre;23.0
Crunchyroll;Ground Control to Psychoelectric Girl;TV;2011;NULL;12.0;ANIME;Hitoma Iruma;NULL;Livre;24.0
Crunchyroll;Attack on Titan: Junior High;TV;2015;NULL;12.0;ANIME;Yoshihide Ibata;NULL;Livre;18.0
Crunchyroll;By the Grace of the Gods;TV;2020;NULL;12.0;ANIME;Yuuji Yanase;NULL;Livre;24.0
Crunchyroll;A Certain Scientific Railgun T;TV;2020;NULL;25.0;ANIME;Tatsuyuki Nagai;NULL;Livre;24.0
Crunchyroll;A Certain Scientific Accelerator;TV;2019;NULL;12.0;ANIME;Nobuharu Kamanaka;NULL;Livre;24.0
Crunchyroll;Digimon: Digital Monsters;TV;1999;NULL;54.0;ANIME;Ulrike Lau;NULL;Livre;23.0
Crunchyroll;Liz and the Blue Bird;MOVIE;2018;NULL;1.0;ANIME;Naoko Yamada;NULL;Livre;90.0
Crunchyroll;Fate/Grand Order: First Order;SPECIAL;2016;NULL;1.0;ANIME;Hitoshi Nanba;NULL;Livre;74.0
Crunchyroll;Pop Team Epic;TV;2018;NULL;12.0;ANIME;Bukubu Ookawa;NULL;Livre;24.0
Crunchyroll;Log Horizon: Destruction of the Round Table;TV;2021;NULL;12.0;ANIME;Shinji Ishihira;NULL;Livre;25.0
Crunchyroll;Pseudo Harem;TV;2024;NULL;12.0;ANIME;Yuu Saitou;NULL;Livre;24.0
Crunchyroll;Slam Dunk;TV;1993;NULL;101.0;ANIME;Takehiko Inoue;NULL;Livre;23.0
Crunchyroll;The World God Only Knows: Goddesses;TV;2013;NULL;12.0;ANIME;Tamiki Wakaki;NULL;Livre;24.0
Crunchyroll;Fuuka;TV;2017;NULL;12.0;ANIME;Kouji Seo;NULL;Livre;24.0
Crunchyroll;Black Rock Shooter;TV;2012;NULL;8.0;ANIME;Hiroyuki Imaishi;NULL;Livre;23.0
Crunchyroll;The Dungeon of Black Company;TV;2021;NULL;12.0;ANIME;Destin Daniel Cretton;7.3;12+;24.0
Crunchyroll;Hokkaido Gals Are Super Adorable!;TV;2024;NULL;12.0;ANIME;Kai Ikada;NULL;Livre;24.0
Crunchyroll;Bungo Stray Dogs 5;TV;2023;NULL;11.0;ANIME;Yumiko Kondou;NULL;Livre;24.0
Crunchyroll;Fena: Pirate Princess;TV;2021;NULL;12.0;ANIME;Kazuto Nakazawa;NULL;Livre;24.0
Crunchyroll;FLIP FLAPPERS;TV;2016;NULL;13.0;ANIME;Kiyotaka Oshiyama;NULL;Livre;24.0
Crunchyroll;The World is Still Beautiful;TV;2014;NULL;12.0;ANIME;Seimei Kidokoro;NULL;Livre;22.0
Crunchyroll;MUSHI-SHI The Next Passage;TV;2014;NULL;10.0;ANIME;Yuki Urushibara;NULL;Livre;24.0
Crunchyroll;Am I Actually the Strongest?;TV;2023;NULL;12.0;ANIME;Takashi Naoya;NULL;Livre;23.0
Crunchyroll;Battle Game in 5 Seconds;TV;2021;NULL;12.0;ANIME;Nobuyoshi Arai;NULL;Livre;24.0
Crunchyroll;World Break: Aria of Curse for a Holy Swordsman;TV;2015;NULL;12.0;ANIME;Akamitsu Awamura;NULL;Livre;24.0
Crunchyroll;SERVAMP;TV;2016;NULL;12.0;ANIME;Strike Tanaka;NULL;Livre;24.0
Crunchyroll;WIND BREAKER Season 2;TV;2025;NULL;12.0;ANIME;Satoru Nii;NULL;Livre;24.0
Crunchyroll;Knight's & Magic;TV;2017;NULL;13.0;ANIME;Jin Aketagawa;NULL;Livre;25.0
Crunchyroll;Our Dating Story: The Experienced You and The Inexperienced Me;TV;2023;NULL;12.0;ANIME;Hideaki Ooba;NULL;Livre;24.0
Crunchyroll;Is this A Zombie? of the Dead;TV;2012;NULL;10.0;ANIME;Takaomi Kanasaki;NULL;Livre;24.0
Crunchyroll;xxxHOLiC;TV;2006;NULL;24.0;ANIME;CLAMP;NULL;Livre;24.0
Crunchyroll;Love Live! School Idol Project 2nd Season;TV;2014;NULL;13.0;ANIME;Hajime Yatate;NULL;Livre;23.0
Crunchyroll;7th Time Loop: The Villainess Enjoys a Carefree Life Married to Her Worst Enemy!;TV;2024;NULL;12.0;ANIME;Kazuya Iwata;NULL;Livre;24.0
Crunchyroll;The Aristocrat’s Otherworldly Adventure: Serving Gods Who Go Too Far;TV;2023;2;12.0;ANIME;Noriyuki Nakamura;8.6;16+;24.0
Crunchyroll;Days with My Stepsister;TV;2024;NULL;12.0;ANIME;Souta Ueno;NULL;Livre;24.0
Crunchyroll;The Founder of Diabolism;ONA;2018;NULL;15.0;ANIME;Ke Xiong;NULL;Livre;24.0
Crunchyroll;PSYCHO-PASS: The Movie;MOVIE;2015;NULL;1.0;ANIME;Katsuyuki Motohiro;NULL;Livre;113.0
Crunchyroll;Our love has always been 10 centimeters apart.;TV;2017;NULL;6.0;ANIME;Hitoshi Nanba;NULL;Livre;24.0
Crunchyroll;Cells at Work! CODE BLACK;TV;2021;NULL;13.0;ANIME;Hideyo Yamamoto;NULL;Livre;24.0
Crunchyroll;Koikimo;ONA;2021;NULL;12.0;ANIME;Mogusu;NULL;Livre;24.0
Crunchyroll;Baka and Test - Summon the Beasts 2;TV;2011;NULL;13.0;ANIME;Miwa Ooshima;NULL;Livre;24.0
Crunchyroll;King's Game;TV;2017;NULL;12.0;ANIME;Nobuaki Kanazawa;NULL;Livre;24.0
Crunchyroll;Isekai Quartet 2;TV_SHORT;2020;NULL;12.0;ANIME;Natsume Akatsuki;NULL;Livre;12.0
Crunchyroll;Ascendance of a Bookworm Part 2;TV;2020;NULL;12.0;ANIME;Jun Watanabe;NULL;Livre;24.0
Crunchyroll;Shomin Sample;TV;2015;NULL;12.0;ANIME;Masato Jinbou;NULL;Livre;23.0
Crunchyroll;The Beginning After the End;TV;2025;NULL;12.0;ANIME;Scott Derrickson;6.7;12+;23.0
Crunchyroll;Dimension W;TV;2016;NULL;12.0;ANIME;Yuuji Iwahara;NULL;Livre;24.0
Crunchyroll;WATATEN!: an Angel Flew Down to Me;TV;2019;NULL;12.0;ANIME;Nanatsu Mukunoki;NULL;Livre;24.0
Crunchyroll;ALDNOAH.ZERO Season 2;TV;2015;NULL;12.0;ANIME;Ei Aoki;NULL;Livre;24.0
Crunchyroll;If It's for My Daughter I'd Even Defeat a Demon Lord;TV;2019;NULL;12.0;ANIME;Yuuji Yanase;NULL;Livre;24.0
Crunchyroll;Didn't I Say to Make My Abilities Average in the Next Life?!;TV;2019;NULL;12.0;ANIME;Masahiko Oota;NULL;Livre;24.0
Crunchyroll;Actually I Am;TV;2015;NULL;13.0;ANIME;Yasutaka Yamamoto;NULL;Livre;24.0
Crunchyroll;Kyousougiga;TV;2013;NULL;10.0;ANIME;Izumi Toudou;NULL;Livre;26.0
Crunchyroll;The aquatope on white sand;TV;2021;NULL;24.0;ANIME;Destin Daniel Cretton;7.3;12+;24.0
Crunchyroll;Taboo Tattoo;TV;2016;NULL;12.0;ANIME;Shinjirou;NULL;Livre;24.0
Crunchyroll;Ace of the Diamond;TV;2013;NULL;75.0;ANIME;Yuuji Terajima;NULL;Livre;24.0
Crunchyroll;Hamatora;TV;2014;NULL;12.0;ANIME;Seiji Kishi;NULL;Livre;24.0
Crunchyroll;RADIANT;TV;2018;NULL;21.0;ANIME;Tony Valente;NULL;Livre;24.0
Crunchyroll;Code:Breaker;TV;2012;NULL;13.0;ANIME;Akimine Kamijo;NULL;Livre;24.0
Crunchyroll;Reign of the Seven Spellblades;TV;2023;NULL;15.0;ANIME;Masato Matsune;NULL;Livre;24.0
Crunchyroll;Villainess Level 99: I May Be the Hidden Boss but I'm Not the Demon Lord;TV;2024;NULL;12.0;ANIME;Minoru Yamaoka;NULL;Livre;24.0
Crunchyroll;Rent-a-Girlfriend Season 3;TV;2023;NULL;12.0;ANIME;Reiji Miyajima;NULL;Livre;24.0
Crunchyroll;The Unwanted Undead Adventurer;ONA;2024;NULL;12.0;ANIME;Noriaki Akitaya;NULL;Livre;24.0
Crunchyroll;The Labyrinth of Grisaia;SPECIAL;2015;NULL;1.0;ANIME;Kazuhiro Inoue;NULL;Livre;48.0
Crunchyroll;Seiren;TV;2017;NULL;12.0;ANIME;Kisai Takayama;NULL;Livre;25.0
Crunchyroll;Millennium Actress;MOVIE;2002;NULL;1.0;ANIME;Satoshi Kon;NULL;Livre;87.0
Crunchyroll;White Album 2;TV;2013;NULL;13.0;ANIME;AQUAPLUS;NULL;Livre;23.0
Crunchyroll;Monster Girl Doctor;TV;2020;NULL;12.0;ANIME;Yoshiaki Iwasaki;NULL;Livre;24.0
Crunchyroll;Love Live! Sunshine!!;TV;2016;NULL;13.0;ANIME;Kazuo Sakai;NULL;Livre;24.0
Crunchyroll;My Bride is a Mermaid;TV;2007;NULL;26.0;ANIME;Tahiko Kimura;NULL;Livre;24.0
Crunchyroll;Golden Kamuy Season 2;TV;2018;NULL;12.0;ANIME;Satoru Noda;NULL;Livre;24.0
Crunchyroll;PUNCH LINE;TV;2015;NULL;12.0;ANIME;Yutaka Uemura;NULL;Livre;24.0
Crunchyroll;Arifureta: From Commonplace to World's Strongest Season 3;TV;2024;NULL;16.0;ANIME;Akira Iwanaga;NULL;Livre;24.0
Crunchyroll;Undead Murder Farce;TV;2023;NULL;13.0;ANIME;Shinichi Omata;NULL;Livre;23.0
Crunchyroll;Love is Like a Cocktail;TV_SHORT;2017;NULL;13.0;ANIME;Crystal na Yousuke;NULL;Livre;3.0
Crunchyroll;Michiko & Hatchin;TV;2008;NULL;22.0;ANIME;Christopher Bevins;NULL;Livre;22.0
Crunchyroll;Princess Jellyfish;TV;2010;NULL;11.0;ANIME;Christopher Bevins;NULL;Livre;22.0
Crunchyroll;Phantom: Requiem for the Phantom;TV;2009;NULL;26.0;ANIME;Mutsumi Sasaki;NULL;Livre;24.0
Crunchyroll;An Archdemon's Dilemma: How to Love Your Elf Bride;TV;2024;NULL;12.0;ANIME;Hiroshi Ishiodori;NULL;Livre;24.0
Crunchyroll;Ahiru no Sora;TV;2019;1;50.0;ANIME;Takeshi Hinata;7.2;10+;24.0
Crunchyroll;No Guns Life;TV;2019;NULL;12.0;ANIME;Tasuku Karasuma;NULL;Livre;24.0
Crunchyroll;Seirei Gensouki: Spirit Chronicles Season 2;TV;2024;NULL;12.0;ANIME;Osamu Yamasaki;NULL;Livre;24.0
Crunchyroll;Love of Kill;TV;2022;NULL;12.0;ANIME;Fe;NULL;Livre;24.0
Crunchyroll;Kaiju No. 8 Season 2;TV;2025;NULL;;ANIME;Naoya Matsumoto;NULL;Livre;
Crunchyroll;Tsurune;TV;2018;NULL;13.0;ANIME;Takuya Yamamura;NULL;Livre;24.0
Crunchyroll;Liar Liar;TV;2023;NULL;12.0;ANIME;Satoru Ohno;NULL;Livre;24.0
Crunchyroll;TONIKAWA: Over The Moon For You ~SNS~;OVA;2021;NULL;1.0;ANIME;Kenjirou Hata;NULL;Livre;24.0
Crunchyroll;The Witch and the Beast;TV;2024;NULL;12.0;ANIME;Kousuke Satake;NULL;Livre;24.0
Crunchyroll;Gintama.: Silver Soul Arc;TV;2018;NULL;12.0;ANIME;Hideaki Sorachi;NULL;Livre;24.0
Crunchyroll;The Ambition of Oda Nobuna;TV;2012;NULL;12.0;ANIME;Satoshi Motoyama;NULL;Livre;24.0
Crunchyroll;To Be Hero X;ONA;2025;NULL;24.0;ANIME;Yi Fengchen;NULL;Livre;24.0
Crunchyroll;Why Raeliana Ended Up at the Duke’s Mansion;TV;2023;NULL;12.0;ANIME;Junichi Yamamoto;NULL;Livre;24.0
Crunchyroll;The Daily Life of the Immortal King Season 2;ONA;2021;NULL;12.0;ANIME;Destin Daniel Cretton;7.3;12+;18.0
Crunchyroll;Tokyo Ghoul: [JACK];OVA;2015;1;1.0;ANIME;Sui Ishida;7.5;16+;30.0
Crunchyroll;WITCH WATCH;TV;2025;NULL;26.0;ANIME;Hiroshi Ikehata;NULL;Livre;24.0
Crunchyroll;School Rumble;TV;2004;NULL;26.0;ANIME;Brina Palencia;NULL;Livre;23.0
Crunchyroll;The Ossan Newbie Adventurer Trained to Death by the Most Powerful Party Became Invincible;TV;2024;NULL;12.0;ANIME;Shin Katagai;NULL;Livre;24.0
Crunchyroll;Riddle Story of Devil;TV;2014;NULL;12.0;ANIME;Yun Kouga;NULL;Livre;24.0
Crunchyroll;Humanity Has Declined;TV;2012;NULL;12.0;ANIME;Kouji Itou;NULL;Livre;23.0
Crunchyroll;Life With an Ordinary Guy Who Reincarnated Into a Total Fantasy Knockout;TV;2022;NULL;12.0;ANIME;Sayaka Yamai;NULL;Livre;24.0
Crunchyroll;Wolf's Rain;TV;2003;NULL;26.0;ANIME;Mary Elizabeth McGlynn;NULL;Livre;23.0
Crunchyroll;Gankutsuou: The Count of Monte Cristo;TV;2004;NULL;24.0;ANIME;Tony Oliver;NULL;Livre;24.0
Crunchyroll;MEGALOBOX 2: NOMAD;TV;2021;NULL;13.0;ANIME;You Moriyama;NULL;Livre;24.0
Crunchyroll;Honey and Clover;TV;2005;NULL;24.0;ANIME;Chica Umino;NULL;Livre;23.0
Crunchyroll;The Misfit of Demon King Academy II (Cour 2);TV;2024;NULL;12.0;ANIME;Marcelo Campos;NULL;Livre;24.0
Crunchyroll;Link Click Season 2;ONA;2023;NULL;12.0;ANIME;Haoling Li;NULL;Livre;24.0
Crunchyroll;Tonari no Seki-kun: The Master of Killing Time;TV_SHORT;2014;NULL;21.0;ANIME;Takuma Morishige;NULL;Livre;8.0
Crunchyroll;MUSHI-SHI The Next Passage 2;TV;2014;NULL;10.0;ANIME;Yuki Urushibara;NULL;Livre;24.0
Crunchyroll;As a Reincarnated Aristocrat I'll Use My Appraisal Skill to Rise in the World;TV;2024;NULL;12.0;ANIME;Takao Kato;NULL;Livre;24.0
Crunchyroll;Summoned to Another World for a Second Time;TV;2023;NULL;12.0;ANIME;Motoki Nakanishi;NULL;Livre;24.0
Crunchyroll;Peter Grill and the Philosopher's Time;TV_SHORT;2020;NULL;12.0;ANIME;Daisuke Hiyama;NULL;Livre;12.0
Crunchyroll;My Roommate is a Cat;TV;2019;NULL;12.0;ANIME;Stephen Merchant;7.0;12+;24.0
Crunchyroll;Chihayafuru 2;TV;2013;NULL;25.0;ANIME;Yuki Suetsugu;NULL;Livre;22.0
Crunchyroll;Clean Freak! Aoyama kun;TV;2017;NULL;12.0;ANIME;Hajime Takakuwa;NULL;Livre;23.0
Crunchyroll;Senryu Girl;TV_SHORT;2019;NULL;12.0;ANIME;Masato Jinbou;NULL;Livre;13.0
Crunchyroll;Umamusume: Pretty Derby;TV;2018;NULL;13.0;ANIME;Kei Oikawa;NULL;Livre;24.0
Crunchyroll;Heaven Official's Blessing;ONA;2020;NULL;11.0;ANIME;Haoling Li;NULL;Livre;25.0
Crunchyroll;Nekopara;TV;2020;NULL;12.0;ANIME;Sayori;NULL;Livre;23.0
Crunchyroll;Free! -Dive to the Future-;TV;2018;NULL;12.0;ANIME;Eisaku Kawanami;NULL;Livre;24.0
Crunchyroll;Kuma Kuma Kuma Bear;TV;2020;NULL;12.0;ANIME;Yuu Nobuta;NULL;Livre;24.0
Crunchyroll;Air Gear;TV;2006;NULL;25.0;ANIME;John Swasey;NULL;Livre;24.0
Crunchyroll;A Galaxy Next Door;TV;2023;NULL;12.0;ANIME;Gido Amagakure;NULL;Livre;24.0
Crunchyroll;Seton Academy: Join the Pack!;TV;2020;NULL;12.0;ANIME;Bungo Yamashita;NULL;Livre;24.0
Crunchyroll;The Ancient Magus' Bride Season 2;TV;2023;2;12.0;ANIME;Kore Yamazaki;8.6;16+;24.0
Crunchyroll;Kemono Michi: Rise Up;TV;2019;NULL;12.0;ANIME;Kazuya Miura;NULL;Livre;24.0
Crunchyroll;Reborn as a Vending Machine I Now Wander the Dungeon;TV;2023;NULL;12.0;ANIME;Noriaki Akitaya;NULL;Livre;24.0
Crunchyroll;Initial D 2nd Stage;TV;1999;NULL;13.0;ANIME;Shuuichi Shigeno;NULL;Livre;23.0
Crunchyroll;Danganronpa 3: The End of Hope's Peak High School - Hope Arc;SPECIAL;2016;NULL;1.0;ANIME;Seiji Kishi;NULL;Livre;24.0
Crunchyroll;AZUR LANE;TV;2019;NULL;12.0;ANIME;Motoki Tanaka;NULL;Livre;24.0
Crunchyroll;A Returner's Magic Should Be Special;TV;2023;NULL;12.0;ANIME;Taishi Kawaguchi;NULL;Livre;24.0
Crunchyroll;The 100 Girlfriends Who Really Really Really Really REALLY Love You Season 2;TV;2025;NULL;12.0;ANIME;Scott Derrickson;6.7;12+;24.0
Crunchyroll;Wagnaria!!2;TV;2011;NULL;13.0;ANIME;Karino Takatsu;NULL;Livre;24.0
Crunchyroll;Nanana's Buried Treasure;TV;2014;NULL;11.0;ANIME;Kanta Kamei;NULL;Livre;23.0
Crunchyroll;Magia Record: Puella Magi Madoka Magica Side Story;TV;2020;NULL;13.0;ANIME;Magica Quartet;NULL;Livre;24.0
Crunchyroll;Infinite Dendrogram;TV;2020;NULL;13.0;ANIME;Tomoki Kobayashi;NULL;Livre;24.0
Crunchyroll;Re:Monster;TV;2024;NULL;12.0;ANIME;Takayuki Inagaki;NULL;Livre;24.0
Crunchyroll;Naruto Shippuden the Movie: Blood Prison;MOVIE;2011;NULL;1.0;ANIME;Masashi Kishimoto;NULL;Livre;102.0
Crunchyroll;ZENSHU;TV;2025;NULL;12.0;ANIME;Mitsue Yamazaki;NULL;Livre;24.0
Crunchyroll;KanColle;TV;2015;NULL;12.0;ANIME;Keizou Kusakawa;NULL;Livre;24.0
Crunchyroll;Hitori no Shita - The Outcast;TV;2016;NULL;12.0;ANIME;Mi Er;NULL;Livre;24.0
Crunchyroll;Rurouni Kenshin (2023);TV;2023;NULL;24.0;ANIME;Nobuhiro Watsuki;NULL;Livre;23.0
Crunchyroll;Hajime No Ippo: The Fighting! - Rising -;TV;2013;NULL;25.0;ANIME;George Morikawa;NULL;Livre;23.0
Crunchyroll;Descending Stories: Showa Genroku Rakugo Shinju;TV;2017;NULL;12.0;ANIME;Haruko Kumota;NULL;Livre;24.0
Crunchyroll;K: MISSING KINGS;MOVIE;2014;NULL;1.0;ANIME;Shingo Suzuki;NULL;Livre;75.0
Crunchyroll;Fullmetal Alchemist: The Movie - Conqueror of Shamballa;MOVIE;2005;NULL;1.0;ANIME;Mike McFarland;NULL;Livre;105.0
Crunchyroll;Gintama.: Silver Soul Arc - Second Half War;TV;2018;NULL;14.0;ANIME;Hideaki Sorachi;NULL;Livre;24.0
Crunchyroll;Blue Exorcist -Shimane Illuminati Saga-;TV;2024;NULL;12.0;ANIME;Kazue Katou;NULL;Livre;24.0
Crunchyroll;Servant x Service;TV;2013;NULL;13.0;ANIME;Karino Takatsu;NULL;Livre;23.0
Crunchyroll;I'm Getting Married to a Girl I Hate in My Class;TV;2025;NULL;12.0;ANIME;Hiroyuki Ooshima;NULL;Livre;24.0
Crunchyroll;ARIA The ANIMATION;TV;2005;NULL;13.0;ANIME;Kozue Amano;NULL;Livre;24.0
Crunchyroll;Tokyo Ghoul: [PINTO];OVA;2015;1;1.0;ANIME;Tadahito Matsubayashi;7.5;16+;24.0
Crunchyroll;I'm in Love with the Villainess;TV;2023;NULL;12.0;ANIME;Hideaki Ooba;NULL;Livre;24.0
Crunchyroll;Sky Wizards Academy;TV;2015;NULL;12.0;ANIME;Takayuki Inagaki;NULL;Livre;24.0
Crunchyroll;Big Order;TV;2016;NULL;10.0;ANIME;Sakae Esuno;NULL;Livre;24.0
Crunchyroll;The Ryuo's Work is Never Done!;TV;2018;NULL;12.0;ANIME;Shinsuke Yanagi;NULL;Livre;24.0
Crunchyroll;Date A Live Mayuri Judgement;MOVIE;2015;NULL;1.0;ANIME;Koushi Tachibana;NULL;Livre;72.0
Crunchyroll;Kino's Journey -the Beautiful World- the Animated Series;TV;2017;NULL;12.0;ANIME;Tomohisa Taguchi;NULL;Livre;24.0
Crunchyroll;Food Wars! The Second Plate OVA;OVA;2017;NULL;2.0;ANIME;Anna Chai Nari Kye;7.5;16+;25.0
Crunchyroll;OVERLORD: The Sacred Kingdom;MOVIE;2024;NULL;1.0;ANIME;Naoyuki Itou;NULL;Livre;135.0
Crunchyroll;Devil May Cry;TV;2007;NULL;12.0;ANIME;Toshihiko Nakajima;NULL;Livre;24.0
Crunchyroll;Junji Ito Collection;TV;2018;NULL;12.0;ANIME;Junji Itou;NULL;Livre;24.0
Crunchyroll;In the Land of Leadale;TV;2022;NULL;12.0;ANIME;Yuuji Yanase;NULL;Livre;24.0
Crunchyroll;Girls Band Cry;TV;2024;NULL;13.0;ANIME;Kazuo Sakai;NULL;Livre;24.0
Crunchyroll;Naruto Shippuden the Movie: The Lost Tower;MOVIE;2010;NULL;1.0;ANIME;Masashi Kishimoto;NULL;Livre;85.0
Crunchyroll;Lord El-Melloi II's Case Files {Rail Zeppelin} Grace note;TV;2019;NULL;13.0;ANIME;Makoto Katou;NULL;Livre;24.0
Crunchyroll;Magical Warfare;TV;2014;NULL;12.0;ANIME;Yuuzou Satou;NULL;Livre;24.0
Crunchyroll;My Hero Academia: Make It! Do-or-Die Survival Training;ONA;2020;NULL;2.0;ANIME;Kouhei Horikoshi;NULL;Livre;24.0
Crunchyroll;Love Lab;TV;2013;NULL;13.0;ANIME;Yasunori Ebina;NULL;Livre;24.0
Crunchyroll;Jin-Roh: The Wolf Brigade;MOVIE;2000;NULL;1.0;ANIME;Ei Inoue;NULL;Livre;102.0
Crunchyroll;Okami-san and Her Seven Companions;TV;2010;NULL;12.0;ANIME;Colleen Clinkenbeard;NULL;Livre;24.0
Crunchyroll;My Sweet Tyrant;TV_SHORT;2018;NULL;25.0;ANIME;Morgan Neville;8.3;12+;4.0
Crunchyroll;Ron Kamonohashi's Forbidden Deductions;TV;2023;NULL;13.0;ANIME;Akira Amano;NULL;Livre;25.0
Crunchyroll;KINMOZA!;TV;2013;NULL;12.0;ANIME;Jin Aketagawa;NULL;Livre;24.0
Crunchyroll;Kaiji - Against All Rules;TV;2011;NULL;26.0;ANIME;Nobuyuki Fukumoto;NULL;Livre;24.0
Crunchyroll;Sarazanmai;TV;2019;NULL;11.0;ANIME;Kunihiko Ikuhara;NULL;Livre;24.0
Crunchyroll;Gintama.: Slip Arc;TV;2017;NULL;13.0;ANIME;Hideaki Sorachi;NULL;Livre;24.0
Crunchyroll;LOVE STAGE!!;TV;2014;NULL;10.0;ANIME;Kenichi Kasai;NULL;Livre;23.0
Crunchyroll;Wagnaria!!3;TV;2015;NULL;13.0;ANIME;Yumi Kamakura;NULL;Livre;24.0
Crunchyroll;I May Be a Guild Receptionist but I’ll Solo Any Boss to Clock Out on Time;TV;2025;NULL;12.0;ANIME;Tsuyoshi Nagasawa;NULL;Livre;24.0
Crunchyroll;The Master of Ragnarök & Blesser of Einherjar;TV;2018;NULL;12.0;ANIME;Kousuke Kobayashi;NULL;Livre;24.0
Crunchyroll;Irina: The Vampire Cosmonaut;TV;2021;NULL;12.0;ANIME;Yuuji Kaneko;NULL;Livre;24.0
Crunchyroll;ACCA: 13-Territory Inspection Dept.;TV;2017;NULL;12.0;ANIME;Natsume Ono;NULL;Livre;24.0
Crunchyroll;Yu☆Gi☆Oh!;TV;1998;NULL;27.0;ANIME;Hiroyuki Kakudou ;NULL;Livre;24.0
Crunchyroll;Shakugan no Shana: Season II ;TV;2007;NULL;24.0;ANIME;Christopher Bevins;NULL;Livre;24.0
Crunchyroll;Heaven's Lost Property: Forte;TV;2010;NULL;12.0;ANIME;Christopher Bevins;NULL;Livre;23.0
Crunchyroll;Naruto the Movie: Ninja Clash in the Land of Snow;MOVIE;2004;NULL;1.0;ANIME;Masashi Kishimoto;NULL;Livre;90.0
Crunchyroll;SHOSHIMIN: How to Become Ordinary;TV;2024;NULL;10.0;ANIME;Honobu Yonezawa;NULL;Livre;23.0
Crunchyroll;Unnamed Memory;TV;2024;NULL;12.0;ANIME;Kazuya Miura;NULL;Livre;24.0
Crunchyroll;In Another World With My Smartphone 2;TV;2023;NULL;12.0;ANIME;Yoshiaki Iwasaki;NULL;Livre;24.0
Crunchyroll;The Dawn of the Witch;TV;2022;NULL;12.0;ANIME;Matt Reeves;7.8;12+;24.0
Crunchyroll;Space Patrol Luluco;TV_SHORT;2016;NULL;13.0;ANIME;Hiroyuki Imaishi;NULL;Livre;8.0
Crunchyroll;Good Luck Girl!;TV;2012;NULL;13.0;ANIME;Youichi Fujita;NULL;Livre;23.0
Crunchyroll;2.5 Dimensional Seduction;TV;2024;1;24.0;ANIME;Yuu Hashimoto;6.6;14+;24.0
Crunchyroll;Natsume's Book of Friends Season 2;TV;2009;NULL;13.0;ANIME;Yuki Midorikawa;NULL;Livre;24.0
Crunchyroll;The Devil is a Part-Timer! Season 2 Part 2;TV;2023;2;12.0;ANIME;Daisuke Tsukushi;8.6;16+;24.0
Crunchyroll;Squid Girl;TV;2010;NULL;12.0;ANIME;Tony Oliver;NULL;Livre;24.0
Crunchyroll;Bungo Stray Dogs 2: Walking Alone;OVA;2017;NULL;1.0;ANIME;Detlef Klein;NULL;Livre;25.0
Crunchyroll;Comic Girls;TV;2018;NULL;12.0;ANIME;Kaori Hanzawa;NULL;Livre;24.0
Crunchyroll;Kono Oto Tomare!: Sounds of Life Season 2;TV;2019;NULL;13.0;ANIME;Amyuu Sakura;NULL;Livre;24.0
Crunchyroll;Kingdom;TV;2012;NULL;38.0;ANIME;Yasuhisa Hara;NULL;Livre;25.0
Crunchyroll;AMNESIA;TV;2013;NULL;12.0;ANIME;Harume Kosaka;NULL;Livre;23.0
Crunchyroll;SSSS.DYNAZENON;TV;2021;NULL;12.0;ANIME;Akira Amemiya;NULL;Livre;24.0
Crunchyroll;The Place Promised in Our Early Days;MOVIE;2004;NULL;1.0;ANIME;Makoto Shinkai;NULL;Livre;90.0
Crunchyroll;Gintama: THE VERY FINAL;MOVIE;2021;NULL;1.0;ANIME;Chizuru Miyawaki;NULL;Livre;104.0
Crunchyroll;"ChäoS;HEAd";TV;2008;NULL;12.0;ANIME;Toshihiko Nakajima;NULL;Livre;27.0
Crunchyroll;Black Butler: Book of the Atlantic;MOVIE;2017;NULL;1.0;ANIME;Noriyuki Abe;NULL;Livre;101.0
Crunchyroll;FAIRY TAIL 100 YEARS QUEST;TV;2024;NULL;25.0;ANIME;Toshinori Watabe;NULL;Livre;24.0
Crunchyroll;Ranking of Kings: The Treasure Chest of Courage;TV;2023;NULL;10.0;ANIME;Sousuke Touka;NULL;Livre;23.0
Crunchyroll;Qualidea Code;TV;2016;NULL;12.0;ANIME;Kenichi Kawamura;NULL;Livre;23.0
Crunchyroll;HANEBADO!;TV;2018;NULL;13.0;ANIME;Kousuke Hamada;NULL;Livre;24.0
Crunchyroll;The Lost Village;TV;2016;NULL;12.0;ANIME;Tsutomu Mizushima;NULL;Livre;24.0
Crunchyroll;Ascendance of a Bookworm Season 3;TV;2022;NULL;10.0;ANIME;Mitsuru Hongou;NULL;Livre;24.0
Crunchyroll;Kanon (2006);TV;2006;NULL;24.0;ANIME;Tatsuya Ishihara;NULL;Livre;24.0
Crunchyroll;Trinity Seven: Eternal Library & Alchemic Girl;MOVIE;2017;NULL;1.0;ANIME;Hiroshi Nishikiori;NULL;Livre;56.0
Crunchyroll;The Eccentric Family;TV;2013;NULL;13.0;ANIME;Jin Aketagawa;NULL;Livre;24.0
Crunchyroll;Dragon Ball DAIMA;TV;2024;NULL;20.0;ANIME;Akira Toriyama;NULL;Livre;24.0
Crunchyroll;Pretty Boy Detective Club;TV;2021;NULL;12.0;ANIME;NISIOISIN;NULL;Livre;24.0
Crunchyroll;To Every You I’ve Loved Before;MOVIE;2022;NULL;1.0;ANIME;Atsushi Matsumoto;NULL;Livre;102.0
Crunchyroll;Kenichi: The Mightiest Disciple;TV;2006;NULL;50.0;ANIME;Charles Campbell;NULL;Livre;25.0
Crunchyroll;ef ~ A Tale of Memories;TV;2007;NULL;12.0;ANIME;Chris Ayres;NULL;Livre;24.0
Crunchyroll;Golden Kamuy Season 3;TV;2020;NULL;12.0;ANIME;Satoru Noda;NULL;Livre;24.0
Crunchyroll;The Legendary Hero is Dead!;TV;2023;2;12.0;ANIME;Subaruichi;8.6;16+;24.0
Crunchyroll;RE-MAIN;TV;2021;NULL;12.0;ANIME;Masafumi Nishida;NULL;Livre;23.0
Crunchyroll;Rail Wars!;TV;2014;NULL;12.0;ANIME;Tooru Kitahata;NULL;Livre;24.0
Crunchyroll;Rewrite;TV;2016;NULL;13.0;ANIME;Motoki Tanaka;NULL;Livre;26.0
Crunchyroll;The Café Terrace and Its Goddesses;TV;2023;2;12.0;ANIME;Kouji Seo;8.6;16+;23.0
Crunchyroll;Yuki Yuna is a Hero;TV;2014;NULL;12.0;ANIME;Seiji Kishi;NULL;Livre;24.0
Crunchyroll;I'm Standing on a Million Lives Season 2;TV;2021;NULL;12.0;ANIME;Kumiko Habara;NULL;Livre;24.0
Crunchyroll;Space Brothers;TV;2012;NULL;99.0;ANIME;Chuuya Koyama;NULL;Livre;24.0
Crunchyroll;Today's Menu for the Emiya Family;ONA;2018;NULL;13.0;ANIME;TAa;NULL;Livre;14.0
Crunchyroll;Hell’s Paradise Season 2;TV;2026;NULL;;ANIME;Yuuji Kaku;NULL;Livre;
Crunchyroll;Natsume's Book of Friends Season 4;TV;2012;NULL;13.0;ANIME;Yuki Midorikawa;NULL;Livre;24.0
Crunchyroll;Natsume's Book of Friends Season 3;TV;2011;NULL;13.0;ANIME;Yuki Midorikawa;NULL;Livre;24.0
Crunchyroll;Classroom for Heroes;TV;2023;NULL;12.0;ANIME;Keiichirou Kawaguchi;NULL;Livre;24.0
Crunchyroll;My Home Hero;TV;2023;NULL;12.0;ANIME;Takumi Itou;NULL;Livre;24.0
Crunchyroll;Taisho Otome Fairy Tale;TV;2021;NULL;12.0;ANIME;Sana Kirioka;NULL;Livre;24.0
Crunchyroll;You are Ms. Servant;TV;2024;NULL;12.0;ANIME;Shotan;NULL;Livre;23.0
Crunchyroll;Kaiba;TV;2008;NULL;12.0;ANIME;Masaaki Yuasa;NULL;Livre;24.0
Crunchyroll;I Can't Understand What My Husband is Saying 2nd Thread;TV_SHORT;2015;NULL;13.0;ANIME;Cool-kyou Shinja;NULL;Livre;4.0
Crunchyroll;The Irregular at Magic High School Season 3;TV;2024;NULL;13.0;ANIME;Jimmy Stone;NULL;Livre;24.0
Crunchyroll;Banished from the Hero’s Party I Decided to Live a Quiet Life in the Countryside Season 2;TV;2024;NULL;12.0;ANIME;Makoto Hoshino;NULL;Livre;24.0
Crunchyroll;Those Snow White Notes;TV;2021;NULL;12.0;ANIME;Marimo Ragawa;NULL;Livre;24.0
Crunchyroll;Knights of Sidonia;TV;2014;NULL;12.0;ANIME;Tsutomu Nihei;NULL;Livre;24.0
Crunchyroll;Granblue Fantasy: The Animation;TV;2017;NULL;13.0;ANIME;Ayako Kurata;NULL;Livre;24.0
Crunchyroll;Bottom-Tier Character Tomozaki 2nd Stage;TV;2024;NULL;13.0;ANIME;Shinsuke Yanagi;NULL;Livre;24.0
Crunchyroll;YuruYuri Season 2;TV;2012;NULL;12.0;ANIME;Namori;NULL;Livre;23.0
Crunchyroll;The Foolish Angel Dances with the Devil;TV;2024;NULL;12.0;ANIME;Sawayoshi Azuma;NULL;Livre;24.0
Crunchyroll;Are You Lost?;TV_SHORT;2019;NULL;12.0;ANIME;Nobuyoshi Nagayama;NULL;Livre;13.0
Crunchyroll;2.43: Seiin High School Boys Volleyball Team;TV;2021;NULL;12.0;ANIME;Yukako Kabei;NULL;Livre;23.0
Crunchyroll;"Occultic;Nine";TV;2016;NULL;12.0;ANIME;Chiyomaru Shikura;NULL;Livre;24.0
Crunchyroll;DEMON LORD 2099;TV;2024;NULL;12.0;ANIME;Ryou Andou;NULL;Livre;24.0
Crunchyroll;Fairy gone;TV;2019;NULL;12.0;ANIME;Kenichi Suzuki;NULL;Livre;24.0
Crunchyroll;SUPER HXEROS;TV;2020;NULL;12.0;ANIME;Ryouma Kitada;NULL;Livre;24.0
Crunchyroll;Otherside Picnic;TV;2021;NULL;12.0;ANIME;Takuya Satou;NULL;Livre;24.0
Crunchyroll;Let This Grieving Soul Retire;TV;2024;NULL;13.0;ANIME;Masahiro Takata;NULL;Livre;24.0
Crunchyroll;The Strongest Magician in the Demon Lord's Army was a Human;TV;2024;NULL;12.0;ANIME;Norihiko Nagahama;NULL;Livre;24.0
Crunchyroll;Honey Lemon Soda;TV;2025;NULL;12.0;ANIME;Mayu Murata;NULL;Livre;23.0
Crunchyroll;Initial D 3rd Stage;MOVIE;2001;NULL;1.0;ANIME;Shuuichi Shigeno;NULL;Livre;104.0
Crunchyroll;Gatchaman Crowds;TV;2013;1;12.0;ANIME;Kenji Nakamura;6.7;14+;25.0
Crunchyroll;Why Does Nobody Remember Me in This World?;TV;2024;NULL;12.0;ANIME;Tatsuma Minamikawa;NULL;Livre;24.0
Crunchyroll;Tawawa on Monday;ONA;2016;NULL;12.0;ANIME;Akiko Kikuchi;NULL;Livre;5.0
Crunchyroll;Joker Game;TV;2016;NULL;12.0;ANIME;Kazuya Nomura;NULL;Livre;24.0
Crunchyroll;Ushio and Tora (TV);TV;2015;NULL;26.0;ANIME;Kazuhiro Fujita;NULL;Livre;24.0
Crunchyroll;Sakura Quest;TV;2017;NULL;25.0;ANIME;Souichi Masui;NULL;Livre;24.0
Crunchyroll;SKET Dance;TV;2011;NULL;77.0;ANIME;Kenta Shinohara;NULL;Livre;24.0
Crunchyroll;Yakuza Fiancé: Raise wa Tanin ga Ii;TV;2024;NULL;12.0;ANIME;Asuka Konishi;NULL;Livre;24.0
Crunchyroll;To Me The One Who Loved You;MOVIE;2022;NULL;1.0;ANIME;Kenichi Kasai;NULL;Livre;98.0
Crunchyroll;Fairy Tail: Dragon Cry;MOVIE;2017;NULL;1.0;ANIME;Hiro Mashima;NULL;Livre;84.0
Crunchyroll;Initial D 4th Stage;TV;2004;NULL;24.0;ANIME;Shuuichi Shigeno;NULL;Livre;27.0
Crunchyroll;KOWLOON GENERIC ROMANCE;TV;2025;NULL;13.0;ANIME;Jun Mayuzuki;NULL;Livre;25.0
Crunchyroll;Super Cub;TV;2021;NULL;12.0;ANIME;Toshirou Fujii;NULL;Livre;24.0
Crunchyroll;THE NEW GATE;TV;2024;NULL;12.0;ANIME;Tamaki Nakatsu;NULL;Livre;24.0
Crunchyroll;Please tell me! Galko-chan;TV_SHORT;2016;NULL;12.0;ANIME;Keiichirou Kawaguchi;NULL;Livre;8.0
Crunchyroll;Symphogear;TV;2012;NULL;13.0;ANIME;Satoshi Motoyama;NULL;Livre;23.0
Crunchyroll;Metallic Rouge;TV;2024;NULL;13.0;ANIME;Motonobu Hori;NULL;Livre;23.0
Crunchyroll;FLCL Progressive;TV;2018;NULL;6.0;ANIME;Katsuyuki Motohiro;NULL;Livre;23.0
Crunchyroll;Magical Girl Raising Project;TV;2016;NULL;12.0;ANIME;Hiroyuki Hashimoto;NULL;Livre;24.0
Crunchyroll;A Condition Called Love;TV;2024;NULL;12.0;ANIME;Megumi Morino;NULL;Livre;24.0
Crunchyroll;Naruto Shippuden the Movie: The Will of Fire;MOVIE;2009;NULL;1.0;ANIME;Masashi Kishimoto;NULL;Livre;95.0
Crunchyroll;Yu-Gi-Oh! GX;TV;2004;NULL;180.0;ANIME;Kazuki Takahashi;NULL;Livre;24.0
Crunchyroll;BARTENDER Glass of God;TV;2024;NULL;12.0;ANIME;Ryouichi Kuraya;NULL;Livre;24.0
Crunchyroll;Bokurano;TV;2007;NULL;24.0;ANIME;Mohiro Kitou;NULL;Livre;23.0
Crunchyroll;MARS RED;TV;2021;NULL;13.0;ANIME;Kouhei Hatano;NULL;Livre;24.0
Crunchyroll;SHUFFLE!;TV;2005;NULL;24.0;ANIME;Keiji Gotou;NULL;Livre;23.0
Crunchyroll;Kakuriyo -Bed & Breakfast for Spirits-;TV;2018;NULL;26.0;ANIME;Yoshiko Okuda;NULL;Livre;23.0
Crunchyroll;YU-NO: A Girl Who Chants Love at the Bound of This World;TV;2019;NULL;26.0;ANIME;Tetsuo Hirakawa;NULL;Livre;24.0
Crunchyroll;Izetta: The Last Witch;TV;2016;NULL;12.0;ANIME;Masaya Fujimori;NULL;Livre;25.0
Crunchyroll;My Hero Academia: Vigilantes;TV;2025;NULL;13.0;ANIME;Kenichi Suzuki;NULL;Livre;24.0
Crunchyroll;KONOHANA KITAN;TV;2017;NULL;12.0;ANIME;Sakuya Amano;NULL;Livre;24.0
Crunchyroll;Naruto the Movie: Legend of the Stone of Gelel;MOVIE;2005;NULL;1.0;ANIME;Masashi Kishimoto;NULL;Livre;97.0
Crunchyroll;My Unique Skill Makes Me OP even at Level 1;TV;2023;NULL;12.0;ANIME;Yuuji Yanase;NULL;Livre;24.0
Crunchyroll;Aoharu x Machinegun;TV;2015;NULL;12.0;ANIME;NAOE;NULL;Livre;23.0
Crunchyroll;If Her Flag Breaks;TV;2014;NULL;13.0;ANIME;Ayumu Watanabe;NULL;Livre;24.0
Crunchyroll;Fruits Basket -prelude-;MOVIE;2022;NULL;1.0;ANIME;Natsuki Takaya;NULL;Livre;88.0
Crunchyroll;Castle Town Dandelion;TV;2015;NULL;12.0;ANIME;Ayumu Kasuga;NULL;Livre;24.0
Crunchyroll;Miss Caretaker of Sunohara-sou;TV;2018;NULL;12.0;ANIME;Nekoume;NULL;Livre;24.0
Crunchyroll;Fate/kaleid liner Prisma☆Illya 2wei!;TV;2014;NULL;10.0;ANIME;Type-Moon;NULL;Livre;24.0
Crunchyroll;Full Metal Panic? Fumoffu;TV;2003;NULL;12.0;ANIME;Yutaka Yamamoto;NULL;Livre;24.0
Crunchyroll;Netsuzou Trap -NTR-;TV_SHORT;2017;NULL;12.0;ANIME;Naoko Kodama;NULL;Livre;9.0
Crunchyroll;Chaika -The Coffin Princess- AVENGING BATTLE;TV;2014;NULL;10.0;ANIME;Souichi Masui;NULL;Livre;24.0
Crunchyroll;Chihayafuru 3;TV;2019;NULL;24.0;ANIME;Yuki Suetsugu;NULL;Livre;23.0
Crunchyroll;APPARE-RANMAN!;TV;2020;NULL;13.0;ANIME;Masakazu Hashimoto;NULL;Livre;24.0
Crunchyroll;The Ones Within;TV;2019;NULL;12.0;ANIME;Osora;NULL;Livre;24.0
Crunchyroll;The Idol Master;TV;2011;NULL;25.0;ANIME;Akira Amemiya;NULL;Livre;24.0
Crunchyroll;Terra Formars;TV;2014;NULL;13.0;ANIME;Hiroshi Hamasaki;NULL;Livre;24.0
Crunchyroll;Mob Psycho 100 II: The First Spirits and Such Company Trip ~A Journey that Mends the Heart and Heals the Soul~;OVA;2019;NULL;1.0;ANIME;Yuzuru Tachikawa;NULL;Livre;24.0
Crunchyroll;Grandpa and Grandma Turn Young Again;TV;2024;NULL;11.0;ANIME;Kagiri Araido;NULL;Livre;24.0
Crunchyroll;Ga-Rei-Zero;TV;2008;NULL;12.0;ANIME;Hajime Segawa;NULL;Livre;23.0
Crunchyroll;Dropkick on My Devil!;TV;2018;NULL;11.0;ANIME;Yukiwo;NULL;Livre;24.0
Crunchyroll;"The Most Notorious ""Talker"" Runs the World's Greatest Clan";ONA;2024;NULL;12.0;ANIME;Shinobu Takahashi;NULL;Livre;24.0
Crunchyroll;Dagashi Kashi 2;TV_SHORT;2018;NULL;12.0;ANIME;Kotoyama;NULL;Livre;13.0
Crunchyroll;Ikebukuro West Gate Park;TV;2020;NULL;12.0;ANIME;Tomoaki Koshida;NULL;Livre;24.0
Crunchyroll;Shakugan no Shana: Season III;TV;2011;NULL;24.0;ANIME;Jerry Jewell;NULL;Livre;23.0
Crunchyroll;Skip Beat!;TV;2008;NULL;25.0;ANIME;Yoshiki Nakamura;NULL;Livre;24.0
Crunchyroll;Mobile Suit Gundam;TV;1979;NULL;43.0;ANIME;Hajime Yatate;NULL;Livre;25.0
Crunchyroll;The Perfect Insider;TV;2015;NULL;11.0;ANIME;Mamoru Kanbe;NULL;Livre;24.0
Crunchyroll;My Tiny Senpai;TV;2023;NULL;12.0;ANIME;Saisou;NULL;Livre;23.0
Crunchyroll;Spice and Wolf II: Wolf and the Amber Melancholy;OVA;2009;NULL;1.0;ANIME;Takeo Takahashi;NULL;Livre;22.0
Crunchyroll;World Trigger 2nd Season;TV;2021;NULL;12.0;ANIME;Morio Hatano;NULL;Livre;23.0
Crunchyroll;Hakata Tonkotsu Ramens;TV;2018;NULL;12.0;ANIME;Kenji Yasuda;NULL;Livre;24.0
Crunchyroll;Princess Connect! Re:Dive Season 2;TV;2022;NULL;12.0;ANIME;Takaomi Kanasaki;NULL;Livre;24.0
Crunchyroll;Arte;TV;2020;NULL;12.0;ANIME;Kei Ookubo;NULL;Livre;24.0
Crunchyroll;DAKAICHI -I'm being harassed by the sexiest man of the year-;TV;2018;NULL;13.0;ANIME;Hashigo Sakurabi;NULL;Livre;25.0
Crunchyroll;ORESUKI: Are you the only one who loves me?: Our Playball / Our End Run / Our Game;OVA;2020;NULL;1.0;ANIME;Noriaki Akitaya;NULL;Livre;70.0
Crunchyroll;Omamori Himari;TV;2010;NULL;12.0;ANIME;Miran Matra;NULL;Livre;24.0
Crunchyroll;Backflip!!;TV;2021;NULL;12.0;ANIME;Toshimasa Kuroyanagi;NULL;Livre;23.0
Crunchyroll;Mr. Osomatsu;TV;2015;NULL;25.0;ANIME;Youichi Fujita;NULL;Livre;24.0
Crunchyroll;GANBARE DOUKICHAN;ONA;2021;NULL;12.0;ANIME;Yom;NULL;Livre;6.0
Crunchyroll;GJ Club;TV;2013;NULL;12.0;ANIME;Shin Araki;NULL;Livre;23.0
Crunchyroll;Tales of Wedding Rings;TV;2024;NULL;12.0;ANIME;Maybe;NULL;Livre;24.0
Crunchyroll;"Robotics;Notes";TV;2012;NULL;22.0;ANIME;Yoshiaki Kyougoku;NULL;Livre;23.0
Crunchyroll;Nyaruko-san: Another Crawling Chaos W;TV;2013;NULL;12.0;ANIME;Satoshi Motoyama;NULL;Livre;24.0
Crunchyroll;Sabagebu! - Survival Game Club!;TV;2014;NULL;12.0;ANIME;Hisashi Akimoto;NULL;Livre;23.0
Crunchyroll;OneRoom;TV_SHORT;2017;NULL;12.0;ANIME;Hiroki Matsumoto;NULL;Livre;4.0
Crunchyroll;RWBY: Ice Queendom;TV;2022;NULL;12.0;ANIME;Toshimasa Suzuki;NULL;Livre;24.0
Crunchyroll;The Faraway Paladin: The Lord of Rust Mountains;TV;2023;2;12.0;ANIME;Akira Iwanaga;8.6;16+;24.0
Crunchyroll;ItaKiss;TV;2008;NULL;25.0;ANIME;Kaoru Tada;NULL;Livre;24.0
Crunchyroll;Hayate the Combat Butler;TV;2007;NULL;52.0;ANIME;Kenjirou Hata;NULL;Livre;24.0
Crunchyroll;The Weakest Tamer Began a Journey to Pick Up Trash;TV;2024;NULL;12.0;ANIME;Naoki Horiuchi;NULL;Livre;24.0
Crunchyroll;Bludgeoning Angel Dokuro-chan;OVA;2005;NULL;4.0;ANIME;Yoshikazu Iwanami;NULL;Livre;25.0
Crunchyroll;Possibly the Greatest Alchemist of All Time;TV;2025;NULL;12.0;ANIME;Naoyuki Kuzuya;NULL;Livre;23.0
Crunchyroll;The Great Cleric;ONA;2023;2;12.0;ANIME;Makoto Tamagawa;8.6;16+;24.0
Crunchyroll;True Tears;TV;2008;NULL;13.0;ANIME;Masahiro Andou;NULL;Livre;24.0
Crunchyroll;Mobile Suit Gundam 00;TV;2007;NULL;25.0;ANIME;Yoshiyuki Tomino;NULL;Livre;24.0
Crunchyroll;Love Live! The School Idol Movie;MOVIE;2015;NULL;1.0;ANIME;Takahiko Kyougoku;NULL;Livre;102.0
Crunchyroll;Dead Mount Death Play Part 2;TV;2023;NULL;12.0;ANIME;Manabu Ono;NULL;Livre;24.0
Crunchyroll;I’ll Become a Villainess Who Goes Down in History;TV;2024;NULL;13.0;ANIME;Yuuji Yanase;NULL;Livre;24.0
Crunchyroll;Gonna be the Twin-Tail!!;TV;2014;NULL;12.0;ANIME;Hiroyuki Kanbe;NULL;Livre;24.0
Crunchyroll;Sing a Bit of Harmony;MOVIE;2021;NULL;1.0;ANIME;Yasuhiro Yoshiura;NULL;Livre;109.0
Crunchyroll;Medaka Kuroiwa is Impervious to My Charms;TV;2025;NULL;12.0;ANIME;Yoshiaki Okumura;NULL;Livre;24.0
Crunchyroll;Mobile Suit Gundam: The Witch from Mercury Season 2;TV;2023;NULL;12.0;ANIME;Hajime Yatate;NULL;Livre;24.0
Crunchyroll;Listen to Me Girls. I Am Your Father!;TV;2012;NULL;12.0;ANIME;Yoshikazu Iwanami;NULL;Livre;23.0
Crunchyroll;Full Metal Panic! The Second Raid;TV;2005;NULL;13.0;ANIME;Shouji Gatou;NULL;Livre;24.0
Crunchyroll;Smile Down the Runway;TV;2020;NULL;12.0;ANIME;Kotoba Inoya;NULL;Livre;25.0
Crunchyroll;Can a Boy-Girl Friendship Survive?;TV;2025;NULL;12.0;ANIME;Youhei Suzuki;NULL;Livre;24.0
Crunchyroll;Non Non Biyori Nonstop;TV;2021;NULL;12.0;ANIME;Atto;NULL;Livre;24.0
Crunchyroll;Casshern Sins;TV;2008;NULL;24.0;ANIME;Yoshihiko Umakoshi;NULL;Livre;24.0
Crunchyroll;Boogiepop Phantom;TV;2000;NULL;12.0;ANIME;Kouhei Kadono;NULL;Livre;24.0
Crunchyroll;Gugure! Kokkuri-san;TV;2014;1;12.0;ANIME;Yoshimasa Hiraike;7.2;14+;24.0
Crunchyroll;Karneval (TV);TV;2013;NULL;13.0;ANIME;Touya Mikanagi;NULL;Livre;24.0
Crunchyroll;Tari Tari;TV;2012;NULL;13.0;ANIME;Mutsumi Sasaki;NULL;Livre;24.0
Crunchyroll;Gunslinger Girl;TV;2003;NULL;13.0;ANIME;Laura Bailey;NULL;Livre;24.0
Crunchyroll;Date A Live V;TV;2024;NULL;12.0;ANIME;Jun Nakagawa;NULL;Livre;24.0
Crunchyroll;Naruto the Movie: Guardians of the Crescent Moon Kingdom;MOVIE;2006;NULL;1.0;ANIME;Masashi Kishimoto;NULL;Livre;94.0
Crunchyroll;ISLAND;TV;2018;NULL;12.0;ANIME;Front Wing;NULL;Livre;24.0
Crunchyroll;How to Keep a Mummy;TV;2018;NULL;12.0;ANIME;Kakeru Utsugi;NULL;Livre;24.0
Crunchyroll;Clockwork Planet;TV;2017;NULL;12.0;ANIME;Tsuyoshi Nagasawa;NULL;Livre;25.0
Crunchyroll;I'm Giving the Disgraced Noble Lady I Rescued a Crash Course in Naughtiness;TV;2023;NULL;12.0;ANIME;Takashi Asami;NULL;Livre;24.0
Crunchyroll;She Professed Herself Pupil of the Wise Man;TV;2022;NULL;12.0;ANIME;Keitarou Motonaga;NULL;Livre;24.0
Crunchyroll;Hetalia Axis Powers;ONA;2009;NULL;52.0;ANIME;Hidekazu Himaruya;NULL;Livre;5.0
Crunchyroll;Time of Eve;ONA;2008;NULL;6.0;ANIME;Yasuhiro Yoshiura;NULL;Livre;19.0
Crunchyroll;ORIENT;TV;2022;NULL;12.0;ANIME;Shinobu Ootaka;NULL;Livre;24.0
Crunchyroll;To the Abandoned Sacred Beasts;TV;2019;NULL;12.0;ANIME;Maybe;NULL;Livre;24.0
Crunchyroll;Natsume's Book of Friends Season 6;TV;2017;NULL;11.0;ANIME;Yuki Midorikawa;NULL;Livre;24.0
Crunchyroll;Prince of Stride: Alternative;TV;2016;NULL;12.0;ANIME;Atsuko Ishizuka;NULL;Livre;24.0
Crunchyroll;The Brilliant Healer's New Life in the Shadows;TV;2025;NULL;12.0;ANIME;Scott Derrickson;6.7;12+;24.0
Crunchyroll;Tsuritama;TV;2012;NULL;12.0;ANIME;Kenji Nakamura;NULL;Livre;23.0
Crunchyroll;Natsume's Book of Friends Season 5;TV;2016;NULL;11.0;ANIME;Takahiro Oomori;NULL;Livre;24.0
Crunchyroll;Berserk 2;TV;2017;NULL;12.0;ANIME;Kentarou Miura;NULL;Livre;24.0
Crunchyroll;TenPuru;TV;2023;NULL;12.0;ANIME;Kimitake Yoshioka;NULL;Livre;24.0
