Rakuten TV;The Last of Us;TV;2023;2;7;ANIME;NULL;NULL;16+;57
Rakuten TV;Poker Face;TV;2023;2;7;ANIME;NULL;NULL;16+;51
Rakuten TV;Mickey 17;Movie;2025;NULL;NULL;ANIME;Bong Joon Ho;6.8;16+;139
Rakuten TV;The Handmaid's Tale;TV;2017;6;10;ANIME;NULL;NULL;16+;51
Rakuten TV;Mission: Impossible - Dead Reckoning Part One;Movie;2023;NULL;NULL;ANIME;Christopher McQuarrie;7.6;NULL;163
Rakuten TV;Conclave;Movie;2024;NULL;NULL;ANIME;NULL;NULL;NULL;120
Rakuten TV;The White Lotus;TV;2021;3;8;ANIME;NULL;NULL;16+;62
Rakuten TV;Black Bag;Movie;2025;NULL;NULL;ANIME;Steven Soderbergh;6.9;16+;94
Rakuten TV;Novocaine;Movie;2025;NULL;NULL;ANIME;Dan Berk;6.6;16+;110
Rakuten TV;The Rehearsal;TV;2022;2;6;ANIME;NULL;NULL;16+;35
Rakuten TV;Rick and Morty;TV;2013;8;2;ANIME;NULL;NULL;16+;22
Rakuten TV;Warfare;Movie;2025;NULL;NULL;ANIME;Alex Garland;7.5;16+;95
Rakuten TV;A Minecraft Movie;Movie;2025;NULL;NULL;ANIME;Warner Bros. Pictures;5.8;NULL;101
Rakuten TV;The Righteous Gemstones;TV;2019;4;9;ANIME;NULL;NULL;16+;37
Rakuten TV;The Brutalist;Movie;2024;NULL;NULL;ANIME;Brady Corbet;7.4;16+;215
Rakuten TV;28 Days Later;Movie;2002;NULL;NULL;ANIME;Danny Boyle;7.5;16+;113
Rakuten TV;Mad Men;TV;2007;7;14;ANIME;NULL;NULL;12+;49
Rakuten TV;Captain America: Brave New World;Movie;2025;NULL;NULL;ANIME;Julius Onah;5.7;NULL;118
Rakuten TV;Companion;Movie;2025;NULL;NULL;ANIME;Drew Hancock;6.9;16+;97
Rakuten TV;Yellowstone;TV;2018;5;14;ANIME;NULL;NULL;16+;51
Rakuten TV;The Rookie;TV;2018;7;18;ANIME;NULL;NULL;12+;42
Rakuten TV;Yellowjackets;TV;2021;3;10;ANIME;NULL;NULL;16+;57
Rakuten TV;Mission: Impossible;Movie;1996;NULL;NULL;ANIME;Brian De Palma;7.2;NULL;110
Rakuten TV;Landman;TV;2024;1;10;ANIME;NULL;NULL;16+;55
Rakuten TV;Heart Eyes;Movie;2025;NULL;NULL;ANIME;Josh Ruben;6.1;16+;97
Rakuten TV;Final Destination;Movie;2000;NULL;NULL;ANIME;James Wong;6.7;16+;99
Rakuten TV;I'm Still Here;Movie;2024;NULL;NULL;ANIME;Walter Salles;8.6;NULL;137
Rakuten TV;The Ugly Stepsister;Movie;2025;NULL;NULL;ANIME;Emilie Blichfeldt;7.1;NULL;109
Rakuten TV;The Accountant;Movie;2016;NULL;NULL;ANIME;Gavin O'Connor;7.3;16+;128
Rakuten TV;You;TV;2018;5;10;ANIME;NULL;NULL;16+;48
Rakuten TV;Mission: Impossible - Fallout;Movie;2018;NULL;NULL;ANIME;Christopher McQuarrie;7.7;NULL;147
Rakuten TV;Anora;Movie;2024;NULL;NULL;ANIME;Sean Baker;7.5;16+;139
Rakuten TV;Dark Winds;TV;2022;3;8;ANIME;NULL;NULL;16+;46
Rakuten TV;Criminal Minds;TV;2005;18;5;ANIME;NULL;NULL;12+;45
Rakuten TV;Cheers;TV;1982;11;28;ANIME;NULL;NULL;12+;30
Rakuten TV;Ghosts;TV;2021;4;22;ANIME;NULL;NULL;12+;21
Rakuten TV;A Simple Favor;Movie;2018;NULL;NULL;ANIME;Paul Feig;6.8;16+;117
Rakuten TV;Tracker;TV;2024;2;20;ANIME;NULL;NULL;12+;41
Rakuten TV;The Monkey;Movie;2025;NULL;NULL;ANIME;Osgood Perkins;6.1;16+;97
Rakuten TV;28 Weeks Later;Movie;2007;NULL;NULL;ANIME;Juan Carlos Fresnadillo;6.9;16+;99
Rakuten TV;A Working Man;Movie;2025;NULL;NULL;ANIME;David Ayer;5.7;16+;116
Rakuten TV;Reacher;TV;2022;3;8;ANIME;NULL;NULL;16+;49
Rakuten TV;Welcome to Wrexham;TV;2022;4;5;ANIME;NULL;NULL;16+;33
Rakuten TV;The Wild Robot;Movie;2024;NULL;NULL;ANIME;Chris Sanders;8.2;NULL;102
Rakuten TV;Death of a Unicorn;Movie;2025;NULL;NULL;ANIME;Alex Scharfman;6.1;16+;107
Rakuten TV;A Complete Unknown;Movie;2024;NULL;NULL;ANIME;James Mangold;7.7;16+;140
Rakuten TV;Will Trent;TV;2023;3;18;ANIME;NULL;NULL;12+;41
Rakuten TV;Drop;Movie;2025;NULL;NULL;ANIME;Christopher Landon;6.2;NULL;95
Rakuten TV;Presence;Movie;2025;NULL;NULL;ANIME;Jeff Harding;NULL;16+;84
Rakuten TV;Survivor;TV;2000;48;13;ANIME;NULL;NULL;12+;50
Rakuten TV;The Order;Movie;2024;NULL;NULL;ANIME;Justin Kurzel;6.8;16+;116
Rakuten TV;Leverage: Redemption;TV;2021;3;10;ANIME;NULL;NULL;12+;45
Rakuten TV;Until Dawn;Movie;2025;NULL;NULL;ANIME;David F. Sandberg;6.0;16+;103
Rakuten TV;Nobody;Movie;2021;NULL;NULL;ANIME;Ilya Naishuller;7.4;16+;92
Rakuten TV;Paddington in Peru;Movie;2024;NULL;NULL;ANIME;Dougal Wilson;6.7;NULL;106
Rakuten TV;Wicked;Movie;2024;NULL;NULL;ANIME;Jon M. Chu;7.5;NULL;162
Rakuten TV;John Wick: Chapter 4;Movie;2023;NULL;NULL;ANIME;Chad Stahelski;7.6;16+;170
Rakuten TV;Adults;TV;2025;1;8;ANIME;NULL;NULL;16+;NULL
Rakuten TV;The Last Showgirl;Movie;2024;NULL;NULL;ANIME;Gia Coppola;6.5;16+;88
Rakuten TV;Mission: Impossible - Rogue Nation;Movie;2015;NULL;NULL;ANIME;Christopher McQuarrie;7.4;NULL;131
Rakuten TV;Babygirl;Movie;2024;NULL;NULL;ANIME;Halina Reijn;5.9;16+;114
Rakuten TV;The Chosen;TV;2019;4;8;ANIME;NULL;NULL;12+;57
Rakuten TV;From;TV;2022;3;10;ANIME;NULL;NULL;16+;51
Rakuten TV;Doctor Who;TV;2005;13;6;ANIME;NULL;NULL;12+;48
Rakuten TV;Parks and Recreation;TV;2009;7;13;ANIME;NULL;NULL;12+;22
Rakuten TV;Georgie & Mandy's First Marriage;TV;2024;1;22;ANIME;NULL;NULL;12+;19
Rakuten TV;Nosferatu;Movie;2024;NULL;NULL;ANIME;Robert Eggers;7.3;16+;133
Rakuten TV;Love Hurts;Movie;2025;NULL;NULL;ANIME;Jonathan Eusebio;5.2;16+;83
Rakuten TV;John Wick;Movie;2014;NULL;NULL;ANIME;Chad Stahelski;7.4;16+;101
Rakuten TV;Resident Alien;TV;2021;4;1;ANIME;NULL;NULL;12+;43
Rakuten TV;September 5;Movie;2025;NULL;NULL;ANIME;NULL;NULL;16+;95
Rakuten TV;Grey's Anatomy;TV;2005;21;18;ANIME;NULL;NULL;12+;48
Rakuten TV;The Walking Dead: Dead City;TV;2023;2;5;ANIME;NULL;NULL;16+;46
Rakuten TV;High Potential;TV;2024;1;13;ANIME;NULL;NULL;12+;43
Rakuten TV;Elsbeth;TV;2024;2;20;ANIME;NULL;NULL;12+;43
Rakuten TV;Last Breath;Movie;2025;NULL;NULL;ANIME;Alex Parkinson;6.6;NULL;93
Rakuten TV;Heretic;Movie;2024;NULL;NULL;ANIME;Scott Beck;7.0;16+;111
Rakuten TV;It's Always Sunny in Philadelphia;TV;2005;16;8;ANIME;NULL;NULL;16+;22
Rakuten TV;The Hunger Games;Movie;2012;NULL;NULL;ANIME;NULL;NULL;NULL;142
Rakuten TV;Taskmaster;TV;2015;19;6;ANIME;NULL;NULL;12+;45
Rakuten TV;Abbott Elementary;TV;2021;4;22;ANIME;NULL;NULL;12+;21
Rakuten TV;Twin Peaks;TV;1990;2;22;ANIME;NULL;NULL;12+;50
Rakuten TV;The Agency: Central Intelligence;TV;2024;1;10;ANIME;NULL;NULL;16+;50
Rakuten TV;Family Guy;TV;1999;23;15;ANIME;NULL;NULL;16+;23
Rakuten TV;The Office;TV;2005;9;23;ANIME;NULL;NULL;12+;24
Rakuten TV;Battlestar Galactica;TV;2004;4;21;ANIME;NULL;NULL;12+;49
Rakuten TV;The Big Bang Theory;TV;2007;12;24;ANIME;NULL;NULL;12+;20
Rakuten TV;Now You See Me;Movie;2013;NULL;NULL;ANIME;Louis Leterrier;7.2;NULL;116
Rakuten TV;Westworld;TV;2016;4;8;ANIME;NULL;NULL;16+;61
Rakuten TV;Halt and Catch Fire;TV;2014;4;10;ANIME;NULL;NULL;12+;45
Rakuten TV;Gladiator II;Movie;2024;NULL;NULL;ANIME;Ridley Scott;6.5;16+;148
Rakuten TV;Saturday Night Live;TV;1975;50;21;ANIME;NULL;NULL;12+;88
Rakuten TV;Talk to Me;Movie;2023;NULL;NULL;ANIME;Etderick Bettie;NULL;16+;95
Rakuten TV;Dog Man;Movie;2025;NULL;NULL;ANIME;Peter Hastings;6.3;NULL;89
Rakuten TV;9-1-1;TV;2018;8;18;ANIME;NULL;NULL;12+;43
Rakuten TV;The Librarians;TV;2014;4;12;ANIME;NULL;NULL;12+;43
Rakuten TV;The Ministry of Ungentlemanly Warfare;Movie;2024;NULL;NULL;ANIME;Guy Ritchie;6.8;16+;122
Rakuten TV;Black Snow;TV;2023;2;6;ANIME;NULL;NULL;16+;53
Rakuten TV;Brooklyn Nine-Nine;TV;2013;8;10;ANIME;NULL;NULL;12+;22
Rakuten TV;Jurassic Park;Movie;1993;NULL;NULL;ANIME;Steven Spielberg;8.2;NULL;127
Rakuten TV;Top Chef;TV;2006;22;13;ANIME;NULL;NULL;12+;47
Rakuten TV;Law & Order: Special Victims Unit;TV;1999;26;22;ANIME;NULL;NULL;12+;46
Rakuten TV;Community;TV;2009;6;13;ANIME;NULL;NULL;12+;23
Rakuten TV;The Simpsons;TV;1989;36;18;ANIME;NULL;NULL;12+;27
Rakuten TV;Close Encounters of the Third Kind;Movie;1977;NULL;NULL;ANIME;Steven Spielberg;7.6;NULL;135
Rakuten TV;Modern Family;TV;2009;11;18;ANIME;NULL;NULL;12+;21
Rakuten TV;Lioness;TV;2023;2;8;ANIME;NULL;NULL;16+;46
Rakuten TV;South Park;TV;1997;26;6;ANIME;NULL;NULL;16+;22
Rakuten TV;The Wheel of Time;TV;2021;3;8;ANIME;NULL;NULL;12+;64
Rakuten TV;Flow;Movie;2024;NULL;NULL;ANIME;Gints Zilbalodis;7.9;NULL;85
Rakuten TV;Freaky Tales;Movie;2025;NULL;NULL;ANIME;NULL;NULL;16+;107
Rakuten TV;The Hunger Games: The Ballad of Songbirds & Snakes;Movie;2023;NULL;NULL;ANIME;Francis Lawrence;6.7;NULL;157
Rakuten TV;Breaking Bad;TV;2008;5;16;ANIME;NULL;NULL;16+;47
Rakuten TV;Supernatural;TV;2005;15;20;ANIME;NULL;NULL;12+;45
Rakuten TV;Schitt's Creek;TV;2015;6;14;ANIME;NULL;NULL;12+;22
Rakuten TV;The Apprentice;Movie;2024;NULL;NULL;ANIME;Ali Abbasi;7.1;16+;122
Rakuten TV;Mr. Robot;TV;2015;4;13;ANIME;NULL;NULL;16+;49
Rakuten TV;Shameless;TV;2011;11;12;ANIME;NULL;NULL;12+;54
Rakuten TV;The Seed of the Sacred Fig;Movie;2024;NULL;NULL;ANIME;Mohammad Rasoulof;7.6;NULL;167
Rakuten TV;Fargo;TV;2014;5;10;ANIME;NULL;NULL;16+;52
Rakuten TV;How to Train Your Dragon;Movie;2010;NULL;NULL;ANIME;Dean DeBlois;8.1;NULL;98
Rakuten TV;Flight Risk;Movie;2025;NULL;NULL;ANIME;Mel Gibson;5.2;16+;92
Rakuten TV;Nathan for You;TV;2013;4;8;ANIME;NULL;NULL;12+;25
Rakuten TV;Nickel Boys;Movie;2024;NULL;NULL;ANIME;RaMell Ross;7.0;NULL;140
Rakuten TV;The Sopranos;TV;1999;6;21;ANIME;NULL;NULL;16+;55
Rakuten TV;Justified;TV;2010;6;13;ANIME;NULL;NULL;16+;43
Rakuten TV;Idiocracy;Movie;2006;NULL;NULL;ANIME;NULL;NULL;16+;84
Rakuten TV;House;TV;2004;8;22;ANIME;NULL;NULL;12+;44
Rakuten TV;Mission: Impossible - Ghost Protocol;Movie;2011;NULL;NULL;ANIME;Brad Bird;7.4;NULL;133
Rakuten TV;The Ballad of Wallis Island;Movie;2025;NULL;NULL;ANIME;James Griffiths;7.9;NULL;100
Rakuten TV;Banshee;TV;2013;4;8;ANIME;NULL;NULL;16+;51
Rakuten TV;Final Destination 2;Movie;2003;NULL;NULL;ANIME;David R. Ellis;6.2;16+;90
Rakuten TV;Law & Order;TV;1990;24;22;ANIME;NULL;NULL;12+;53
Rakuten TV;Outlander;TV;2014;7;16;ANIME;NULL;NULL;16+;60
Rakuten TV;The Twilight Zone;TV;1959;5;36;ANIME;NULL;NULL;12+;28
Rakuten TV;Mission: Impossible II;Movie;2000;NULL;NULL;ANIME;John Woo;6.1;NULL;123
Rakuten TV;Last Week Tonight with John Oliver;TV;2014;11;1;ANIME;NULL;NULL;16+;33
Rakuten TV;A Nice Indian Boy;Movie;2025;NULL;NULL;ANIME;NULL;NULL;NULL;96
Rakuten TV;The Friend;Movie;2025;NULL;NULL;ANIME;NULL;NULL;16+;119
Rakuten TV;Pee-wee's Playhouse;TV;1986;5;10;ANIME;NULL;NULL;12+;25
Rakuten TV;And Just Like Thatâ€¦;TV;2021;3;2;ANIME;NULL;NULL;16+;37
Rakuten TV;Bob's Burgers;TV;2011;15;13;ANIME;NULL;NULL;12+;22
Rakuten TV;Dexter;TV;2006;8;12;ANIME;NULL;NULL;16+;53
Rakuten TV;The West Wing;TV;1999;7;22;ANIME;NULL;NULL;12+;45
Rakuten TV;The Matrix;Movie;1999;NULL;NULL;ANIME;NULL;NULL;16+;136
Rakuten TV;True Detective;TV;2014;4;6;ANIME;NULL;NULL;16+;61
Rakuten TV;The Amazing Race;TV;2001;37;12;ANIME;NULL;NULL;12+;49
Rakuten TV;Once Upon a Time... in Hollywood;Movie;2019;NULL;NULL;ANIME;Quentin Tarantino;7.6;16+;162
Rakuten TV;FBI;TV;2018;7;22;ANIME;NULL;NULL;12+;42
Rakuten TV;M*A*S*H;TV;1972;11;16;ANIME;NULL;NULL;12+;26
Rakuten TV;Rogue One: A Star Wars Story;Movie;2016;NULL;NULL;ANIME;Gareth Edwards;7.8;NULL;133
Rakuten TV;Fringe;TV;2008;5;13;ANIME;NULL;NULL;12+;47
Rakuten TV;The Princess Bride;Movie;1987;NULL;NULL;ANIME;Rob Reiner;8.0;NULL;99
Rakuten TV;Friends;TV;1994;10;18;ANIME;NULL;NULL;12+;25
Rakuten TV;The Walking Dead;TV;2010;11;24;ANIME;NULL;NULL;16+;46
Rakuten TV;S.W.A.T.;TV;2017;8;22;ANIME;NULL;NULL;12+;42
Rakuten TV;Nope;Movie;2022;NULL;NULL;ANIME;Jordan Peele;6.8;16+;131
Rakuten TV;Twisters;Movie;2024;NULL;NULL;ANIME;Lee Isaac Chung;6.5;NULL;123
Rakuten TV;Interstellar;Movie;2014;NULL;NULL;ANIME;Christopher Nolan;8.7;NULL;169
Rakuten TV;The Luckiest Man in America;Movie;2025;NULL;NULL;ANIME;NULL;NULL;16+;91
Rakuten TV;Matlock;TV;2024;1;19;ANIME;NULL;NULL;12+;41
Rakuten TV;NCIS;TV;2003;22;20;ANIME;NULL;NULL;12+;44
Rakuten TV;Sherlock;TV;2010;4;3;ANIME;NULL;NULL;12+;88
Rakuten TV;The Karate Kid;Movie;1984;NULL;NULL;ANIME;John G. Avildsen;7.3;NULL;126
Rakuten TV;Small Things Like These;Movie;2024;NULL;NULL;ANIME;Tim Mielants;6.8;NULL;99
Rakuten TV;Grosse Pointe Garden Society;TV;2025;1;13;ANIME;NULL;NULL;12+;42
Rakuten TV;Mission: Impossible III;Movie;2006;NULL;NULL;ANIME;J.J. Abrams;6.9;NULL;126
Rakuten TV;Wolf Man;Movie;2025;NULL;NULL;ANIME;Leigh Whannell;5.6;16+;103
Rakuten TV;Lost;TV;2004;6;18;ANIME;NULL;NULL;12+;43
Rakuten TV;Top Gun: Maverick;Movie;2022;NULL;NULL;ANIME;Joseph Kosinski;8.2;NULL;131
Rakuten TV;Godfather of Harlem;TV;2019;4;8;ANIME;NULL;NULL;NULL;51
Rakuten TV;Final Destination 5;Movie;2011;NULL;NULL;ANIME;Steven Quale;5.9;16+;91
Rakuten TV;Wolf Hall;TV;2015;2;6;ANIME;NULL;NULL;12+;59
Rakuten TV;Better Call Saul;TV;2015;6;13;ANIME;NULL;NULL;16+;50
Rakuten TV;Jaws;Movie;1975;NULL;NULL;ANIME;Steven Spielberg;8.1;NULL;124
Rakuten TV;Back to the Future;Movie;1985;NULL;NULL;ANIME;Robert Zemeckis;8.5;NULL;116
Rakuten TV;Chicago Fire;TV;2012;13;22;ANIME;NULL;NULL;12+;41
Rakuten TV;Longlegs;Movie;2024;NULL;NULL;ANIME;Osgood Perkins;6.6;16+;101
Rakuten TV;Game of Thrones;TV;2011;8;6;ANIME;NULL;NULL;16+;58
Rakuten TV;Inglourious Basterds;Movie;2009;NULL;NULL;ANIME;Quentin Tarantino;8.4;16+;153
Rakuten TV;Lazarus;TV;2025;1;9;ANIME;NULL;NULL;12+;24
Rakuten TV;The Expanse;TV;2015;6;6;ANIME;NULL;NULL;12+;45
Rakuten TV;Animal Kingdom;TV;2016;6;13;ANIME;NULL;NULL;16+;46
Rakuten TV;The Empty Man;Movie;2020;NULL;NULL;ANIME;David Prior;6.2;16+;137
Rakuten TV;Chicago Med;TV;2015;10;22;ANIME;NULL;NULL;12+;41
Rakuten TV;Miss Austen;TV;2025;1;4;ANIME;NULL;NULL;12+;53
Rakuten TV;Downton Abbey;TV;2010;6;9;ANIME;NULL;NULL;12+;58
Rakuten TV;The Brokenwood Mysteries;TV;2014;11;6;ANIME;NULL;NULL;12+;89
Rakuten TV;ER;TV;1994;15;22;ANIME;NULL;NULL;12+;49
Rakuten TV;The Shawshank Redemption;Movie;1994;NULL;NULL;ANIME;Frank Darabont;9.3;16+;142
Rakuten TV;The Godfather;Movie;1972;NULL;NULL;ANIME;Francis Ford Coppola;9.2;16+;175
Rakuten TV;Arrested Development;TV;2003;5;16;ANIME;NULL;NULL;12+;28
Rakuten TV;Strange Darling;Movie;2024;NULL;NULL;ANIME;NULL;NULL;16+;97
Rakuten TV;Madam Secretary;TV;2014;6;10;ANIME;NULL;NULL;12+;43
Rakuten TV;Watson;TV;2025;1;13;ANIME;NULL;NULL;12+;41
Rakuten TV;Oppenheimer;Movie;2023;NULL;NULL;ANIME;Christopher Nolan;8.3;16+;180
Rakuten TV;A Real Pain;Movie;2024;NULL;NULL;ANIME;Jesse Eisenberg;7.1;16+;90
Rakuten TV;Kingdom of Heaven;Movie;2005;NULL;NULL;ANIME;Ridley Scott;7.3;16+;144
Rakuten TV;Snow White;Movie;2025;NULL;NULL;ANIME;Marc Webb;1.6;NULL;109
