Google Play Movies;The Last of Us;TV;2023;2;7;ANIME;NULL;NULL;16+;57
Google Play Movies;Poker Face;TV;2023;2;7;ANIME;NULL;NULL;16+;51
Google Play Movies;Mickey 17;Movie;2025;NULL;NULL;ANIME;Bong Joon Ho;6.8;16+;139
Google Play Movies;The Handmaid's Tale;TV;2017;6;10;ANIME;NULL;NULL;16+;51
Google Play Movies;Mission: Impossible - Dead Reckoning Part One;Movie;2023;NULL;NULL;ANIME;Christopher McQuarrie;7.6;NULL;163
Google Play Movies;Conclave;Movie;2024;NULL;NULL;ANIME;NULL;NULL;NULL;120
Google Play Movies;The White Lotus;TV;2021;3;8;ANIME;NULL;NULL;16+;62
Google Play Movies;Black Bag;Movie;2025;NULL;NULL;ANIME;Steven Soderbergh;6.9;16+;94
Google Play Movies;Novocaine;Movie;2025;NULL;NULL;ANIME;Dan Berk;6.6;16+;110
Google Play Movies;The Rehearsal;TV;2022;2;6;ANIME;NULL;NULL;16+;35
Google Play Movies;Rick and Morty;TV;2013;8;2;ANIME;NULL;NULL;16+;22
Google Play Movies;Warfare;Movie;2025;NULL;NULL;ANIME;Alex Garland;7.5;16+;95
Google Play Movies;A Minecraft Movie;Movie;2025;NULL;NULL;ANIME;Warner Bros. Pictures;5.8;NULL;101
Google Play Movies;The Righteous Gemstones;TV;2019;4;9;ANIME;NULL;NULL;16+;37
Google Play Movies;The Brutalist;Movie;2024;NULL;NULL;ANIME;Brady Corbet;7.4;16+;215
Google Play Movies;28 Days Later;Movie;2002;NULL;NULL;ANIME;Danny Boyle;7.5;16+;113
Google Play Movies;Mad Men;TV;2007;7;14;ANIME;NULL;NULL;12+;49
Google Play Movies;Captain America: Brave New World;Movie;2025;NULL;NULL;ANIME;Julius Onah;5.7;NULL;118
Google Play Movies;Companion;Movie;2025;NULL;NULL;ANIME;Drew Hancock;6.9;16+;97
Google Play Movies;Yellowstone;TV;2018;5;14;ANIME;NULL;NULL;16+;51
Google Play Movies;The Rookie;TV;2018;7;18;ANIME;NULL;NULL;12+;42
Google Play Movies;Yellowjackets;TV;2021;3;10;ANIME;NULL;NULL;16+;57
Google Play Movies;Mission: Impossible;Movie;1996;NULL;NULL;ANIME;Brian De Palma;7.2;NULL;110
Google Play Movies;Landman;TV;2024;1;10;ANIME;NULL;NULL;16+;55
Google Play Movies;Heart Eyes;Movie;2025;NULL;NULL;ANIME;Josh Ruben;6.1;16+;97
Google Play Movies;Final Destination;Movie;2000;NULL;NULL;ANIME;James Wong;6.7;16+;99
Google Play Movies;I'm Still Here;Movie;2024;NULL;NULL;ANIME;Walter Salles;8.6;NULL;137
Google Play Movies;The Ugly Stepsister;Movie;2025;NULL;NULL;ANIME;Emilie Blichfeldt;7.1;NULL;109
Google Play Movies;The Accountant;Movie;2016;NULL;NULL;ANIME;Gavin O'Connor;7.3;16+;128
Google Play Movies;You;TV;2018;5;10;ANIME;NULL;NULL;16+;48
Google Play Movies;Mission: Impossible - Fallout;Movie;2018;NULL;NULL;ANIME;Christopher McQuarrie;7.7;NULL;147
Google Play Movies;Anora;Movie;2024;NULL;NULL;ANIME;Sean Baker;7.5;16+;139
Google Play Movies;Dark Winds;TV;2022;3;8;ANIME;NULL;NULL;16+;46
Google Play Movies;Criminal Minds;TV;2005;18;5;ANIME;NULL;NULL;12+;45
Google Play Movies;Cheers;TV;1982;11;28;ANIME;NULL;NULL;12+;30
Google Play Movies;Ghosts;TV;2021;4;22;ANIME;NULL;NULL;12+;21
Google Play Movies;A Simple Favor;Movie;2018;NULL;NULL;ANIME;Paul Feig;6.8;16+;117
Google Play Movies;Tracker;TV;2024;2;20;ANIME;NULL;NULL;12+;41
Google Play Movies;The Monkey;Movie;2025;NULL;NULL;ANIME;Osgood Perkins;6.1;16+;97
Google Play Movies;28 Weeks Later;Movie;2007;NULL;NULL;ANIME;Juan Carlos Fresnadillo;6.9;16+;99
Google Play Movies;A Working Man;Movie;2025;NULL;NULL;ANIME;David Ayer;5.7;16+;116
Google Play Movies;Reacher;TV;2022;3;8;ANIME;NULL;NULL;16+;49
Google Play Movies;Welcome to Wrexham;TV;2022;4;5;ANIME;NULL;NULL;16+;33
Google Play Movies;The Wild Robot;Movie;2024;NULL;NULL;ANIME;Chris Sanders;8.2;NULL;102
Google Play Movies;Death of a Unicorn;Movie;2025;NULL;NULL;ANIME;Alex Scharfman;6.1;16+;107
Google Play Movies;A Complete Unknown;Movie;2024;NULL;NULL;ANIME;James Mangold;7.7;16+;140
Google Play Movies;Will Trent;TV;2023;3;18;ANIME;NULL;NULL;12+;41
Google Play Movies;Drop;Movie;2025;NULL;NULL;ANIME;Christopher Landon;6.2;NULL;95
Google Play Movies;Presence;Movie;2025;NULL;NULL;ANIME;Jeff Harding;NULL;16+;84
Google Play Movies;Survivor;TV;2000;48;13;ANIME;NULL;NULL;12+;50
Google Play Movies;The Order;Movie;2024;NULL;NULL;ANIME;Justin Kurzel;6.8;16+;116
Google Play Movies;Leverage: Redemption;TV;2021;3;10;ANIME;NULL;NULL;12+;45
Google Play Movies;Until Dawn;Movie;2025;NULL;NULL;ANIME;David F. Sandberg;6.0;16+;103
Google Play Movies;Nobody;Movie;2021;NULL;NULL;ANIME;Ilya Naishuller;7.4;16+;92
Google Play Movies;Paddington in Peru;Movie;2024;NULL;NULL;ANIME;Dougal Wilson;6.7;NULL;106
Google Play Movies;Wicked;Movie;2024;NULL;NULL;ANIME;Jon M. Chu;7.5;NULL;162
Google Play Movies;John Wick: Chapter 4;Movie;2023;NULL;NULL;ANIME;Chad Stahelski;7.6;16+;170
Google Play Movies;Adults;TV;2025;1;8;ANIME;NULL;NULL;16+;NULL
Google Play Movies;The Last Showgirl;Movie;2024;NULL;NULL;ANIME;Gia Coppola;6.5;16+;88
Google Play Movies;Mission: Impossible - Rogue Nation;Movie;2015;NULL;NULL;ANIME;Christopher McQuarrie;7.4;NULL;131
Google Play Movies;Babygirl;Movie;2024;NULL;NULL;ANIME;Halina Reijn;5.9;16+;114
Google Play Movies;The Chosen;TV;2019;4;8;ANIME;NULL;NULL;12+;57
Google Play Movies;From;TV;2022;3;10;ANIME;NULL;NULL;16+;51
Google Play Movies;Doctor Who;TV;2005;13;6;ANIME;NULL;NULL;12+;48
Google Play Movies;Parks and Recreation;TV;2009;7;13;ANIME;NULL;NULL;12+;22
Google Play Movies;Georgie & Mandy's First Marriage;TV;2024;1;22;ANIME;NULL;NULL;12+;19
Google Play Movies;Nosferatu;Movie;2024;NULL;NULL;ANIME;Robert Eggers;7.3;16+;133
Google Play Movies;Love Hurts;Movie;2025;NULL;NULL;ANIME;Jonathan Eusebio;5.2;16+;83
Google Play Movies;John Wick;Movie;2014;NULL;NULL;ANIME;Chad Stahelski;7.4;16+;101
Google Play Movies;Resident Alien;TV;2021;4;1;ANIME;NULL;NULL;12+;43
Google Play Movies;September 5;Movie;2025;NULL;NULL;ANIME;NULL;NULL;16+;95
Google Play Movies;Grey's Anatomy;TV;2005;21;18;ANIME;NULL;NULL;12+;48
Google Play Movies;The Walking Dead: Dead City;TV;2023;2;5;ANIME;NULL;NULL;16+;46
Google Play Movies;High Potential;TV;2024;1;13;ANIME;NULL;NULL;12+;43
Google Play Movies;Elsbeth;TV;2024;2;20;ANIME;NULL;NULL;12+;43
Google Play Movies;Last Breath;Movie;2025;NULL;NULL;ANIME;Alex Parkinson;6.6;NULL;93
Google Play Movies;Heretic;Movie;2024;NULL;NULL;ANIME;Scott Beck;7.0;16+;111
Google Play Movies;It's Always Sunny in Philadelphia;TV;2005;16;8;ANIME;NULL;NULL;16+;22
Google Play Movies;The Hunger Games;Movie;2012;NULL;NULL;ANIME;NULL;NULL;NULL;142
Google Play Movies;Taskmaster;TV;2015;19;6;ANIME;NULL;NULL;12+;45
Google Play Movies;Abbott Elementary;TV;2021;4;22;ANIME;NULL;NULL;12+;21
Google Play Movies;Twin Peaks;TV;1990;2;22;ANIME;NULL;NULL;12+;50
Google Play Movies;The Agency: Central Intelligence;TV;2024;1;10;ANIME;NULL;NULL;16+;50
Google Play Movies;Family Guy;TV;1999;23;15;ANIME;NULL;NULL;16+;23
Google Play Movies;The Office;TV;2005;9;23;ANIME;NULL;NULL;12+;24
Google Play Movies;Battlestar Galactica;TV;2004;4;21;ANIME;NULL;NULL;12+;49
Google Play Movies;The Big Bang Theory;TV;2007;12;24;ANIME;NULL;NULL;12+;20
Google Play Movies;Now You See Me;Movie;2013;NULL;NULL;ANIME;Louis Leterrier;7.2;NULL;116
Google Play Movies;Westworld;TV;2016;4;8;ANIME;NULL;NULL;16+;61
Google Play Movies;Halt and Catch Fire;TV;2014;4;10;ANIME;NULL;NULL;12+;45
Google Play Movies;Gladiator II;Movie;2024;NULL;NULL;ANIME;Ridley Scott;6.5;16+;148
Google Play Movies;Saturday Night Live;TV;1975;50;21;ANIME;NULL;NULL;12+;88
Google Play Movies;Talk to Me;Movie;2023;NULL;NULL;ANIME;Etderick Bettie;NULL;16+;95
Google Play Movies;Dog Man;Movie;2025;NULL;NULL;ANIME;Peter Hastings;6.3;NULL;89
Google Play Movies;9-1-1;TV;2018;8;18;ANIME;NULL;NULL;12+;43
Google Play Movies;The Librarians;TV;2014;4;12;ANIME;NULL;NULL;12+;43
Google Play Movies;The Ministry of Ungentlemanly Warfare;Movie;2024;NULL;NULL;ANIME;Guy Ritchie;6.8;16+;122
Google Play Movies;Black Snow;TV;2023;2;6;ANIME;NULL;NULL;16+;53
Google Play Movies;Brooklyn Nine-Nine;TV;2013;8;10;ANIME;NULL;NULL;12+;22
Google Play Movies;Jurassic Park;Movie;1993;NULL;NULL;ANIME;Steven Spielberg;8.2;NULL;127
Google Play Movies;Top Chef;TV;2006;22;13;ANIME;NULL;NULL;12+;47
Google Play Movies;Law & Order: Special Victims Unit;TV;1999;26;22;ANIME;NULL;NULL;12+;46
Google Play Movies;Community;TV;2009;6;13;ANIME;NULL;NULL;12+;23
Google Play Movies;The Simpsons;TV;1989;36;18;ANIME;NULL;NULL;12+;27
Google Play Movies;Close Encounters of the Third Kind;Movie;1977;NULL;NULL;ANIME;Steven Spielberg;7.6;NULL;135
Google Play Movies;Modern Family;TV;2009;11;18;ANIME;NULL;NULL;12+;21
Google Play Movies;Lioness;TV;2023;2;8;ANIME;NULL;NULL;16+;46
Google Play Movies;South Park;TV;1997;26;6;ANIME;NULL;NULL;16+;22
Google Play Movies;The Wheel of Time;TV;2021;3;8;ANIME;NULL;NULL;12+;64
Google Play Movies;Flow;Movie;2024;NULL;NULL;ANIME;Gints Zilbalodis;7.9;NULL;85
Google Play Movies;Freaky Tales;Movie;2025;NULL;NULL;ANIME;NULL;NULL;16+;107
Google Play Movies;The Hunger Games: The Ballad of Songbirds & Snakes;Movie;2023;NULL;NULL;ANIME;Francis Lawrence;6.7;NULL;157
Google Play Movies;Breaking Bad;TV;2008;5;16;ANIME;NULL;NULL;16+;47
Google Play Movies;Supernatural;TV;2005;15;20;ANIME;NULL;NULL;12+;45
Google Play Movies;Schitt's Creek;TV;2015;6;14;ANIME;NULL;NULL;12+;22
Google Play Movies;The Apprentice;Movie;2024;NULL;NULL;ANIME;Ali Abbasi;7.1;16+;122
Google Play Movies;Mr. Robot;TV;2015;4;13;ANIME;NULL;NULL;16+;49
Google Play Movies;Shameless;TV;2011;11;12;ANIME;NULL;NULL;12+;54
Google Play Movies;The Seed of the Sacred Fig;Movie;2024;NULL;NULL;ANIME;Mohammad Rasoulof;7.6;NULL;167
Google Play Movies;Fargo;TV;2014;5;10;ANIME;NULL;NULL;16+;52
Google Play Movies;How to Train Your Dragon;Movie;2010;NULL;NULL;ANIME;Dean DeBlois;8.1;NULL;98
Google Play Movies;Flight Risk;Movie;2025;NULL;NULL;ANIME;Mel Gibson;5.2;16+;92
Google Play Movies;Nathan for You;TV;2013;4;8;ANIME;NULL;NULL;12+;25
Google Play Movies;Nickel Boys;Movie;2024;NULL;NULL;ANIME;RaMell Ross;7.0;NULL;140
Google Play Movies;The Sopranos;TV;1999;6;21;ANIME;NULL;NULL;16+;55
Google Play Movies;Justified;TV;2010;6;13;ANIME;NULL;NULL;16+;43
Google Play Movies;Idiocracy;Movie;2006;NULL;NULL;ANIME;NULL;NULL;16+;84
Google Play Movies;House;TV;2004;8;22;ANIME;NULL;NULL;12+;44
Google Play Movies;Mission: Impossible - Ghost Protocol;Movie;2011;NULL;NULL;ANIME;Brad Bird;7.4;NULL;133
Google Play Movies;The Ballad of Wallis Island;Movie;2025;NULL;NULL;ANIME;James Griffiths;7.9;NULL;100
Google Play Movies;Banshee;TV;2013;4;8;ANIME;NULL;NULL;16+;51
Google Play Movies;Final Destination 2;Movie;2003;NULL;NULL;ANIME;David R. Ellis;6.2;16+;90
Google Play Movies;Law & Order;TV;1990;24;22;ANIME;NULL;NULL;12+;53
Google Play Movies;Outlander;TV;2014;7;16;ANIME;NULL;NULL;16+;60
Google Play Movies;The Twilight Zone;TV;1959;5;36;ANIME;NULL;NULL;12+;28
Google Play Movies;Mission: Impossible II;Movie;2000;NULL;NULL;ANIME;John Woo;6.1;NULL;123
Google Play Movies;Last Week Tonight with John Oliver;TV;2014;11;1;ANIME;NULL;NULL;16+;33
Google Play Movies;A Nice Indian Boy;Movie;2025;NULL;NULL;ANIME;NULL;NULL;NULL;96
Google Play Movies;The Friend;Movie;2025;NULL;NULL;ANIME;NULL;NULL;16+;119
Google Play Movies;Pee-wee's Playhouse;TV;1986;5;10;ANIME;NULL;NULL;12+;25
Google Play Movies;And Just Like Thatâ€¦;TV;2021;3;2;ANIME;NULL;NULL;16+;37
Google Play Movies;Bob's Burgers;TV;2011;15;13;ANIME;NULL;NULL;12+;22
Google Play Movies;Dexter;TV;2006;8;12;ANIME;NULL;NULL;16+;53
Google Play Movies;The West Wing;TV;1999;7;22;ANIME;NULL;NULL;12+;45
Google Play Movies;The Matrix;Movie;1999;NULL;NULL;ANIME;NULL;NULL;16+;136
Google Play Movies;True Detective;TV;2014;4;6;ANIME;NULL;NULL;16+;61
Google Play Movies;The Amazing Race;TV;2001;37;12;ANIME;NULL;NULL;12+;49
Google Play Movies;Once Upon a Time... in Hollywood;Movie;2019;NULL;NULL;ANIME;Quentin Tarantino;7.6;16+;162
Google Play Movies;FBI;TV;2018;7;22;ANIME;NULL;NULL;12+;42
Google Play Movies;M*A*S*H;TV;1972;11;16;ANIME;NULL;NULL;12+;26
Google Play Movies;Rogue One: A Star Wars Story;Movie;2016;NULL;NULL;ANIME;Gareth Edwards;7.8;NULL;133
Google Play Movies;Fringe;TV;2008;5;13;ANIME;NULL;NULL;12+;47
Google Play Movies;The Princess Bride;Movie;1987;NULL;NULL;ANIME;Rob Reiner;8.0;NULL;99
Google Play Movies;Friends;TV;1994;10;18;ANIME;NULL;NULL;12+;25
Google Play Movies;The Walking Dead;TV;2010;11;24;ANIME;NULL;NULL;16+;46
Google Play Movies;S.W.A.T.;TV;2017;8;22;ANIME;NULL;NULL;12+;42
Google Play Movies;Nope;Movie;2022;NULL;NULL;ANIME;Jordan Peele;6.8;16+;131
Google Play Movies;Twisters;Movie;2024;NULL;NULL;ANIME;Lee Isaac Chung;6.5;NULL;123
Google Play Movies;Interstellar;Movie;2014;NULL;NULL;ANIME;Christopher Nolan;8.7;NULL;169
Google Play Movies;The Luckiest Man in America;Movie;2025;NULL;NULL;ANIME;NULL;NULL;16+;91
Google Play Movies;Matlock;TV;2024;1;19;ANIME;NULL;NULL;12+;41
Google Play Movies;NCIS;TV;2003;22;20;ANIME;NULL;NULL;12+;44
Google Play Movies;Sherlock;TV;2010;4;3;ANIME;NULL;NULL;12+;88
Google Play Movies;The Karate Kid;Movie;1984;NULL;NULL;ANIME;John G. Avildsen;7.3;NULL;126
Google Play Movies;Small Things Like These;Movie;2024;NULL;NULL;ANIME;Tim Mielants;6.8;NULL;99
Google Play Movies;Grosse Pointe Garden Society;TV;2025;1;13;ANIME;NULL;NULL;12+;42
Google Play Movies;Mission: Impossible III;Movie;2006;NULL;NULL;ANIME;J.J. Abrams;6.9;NULL;126
Google Play Movies;Wolf Man;Movie;2025;NULL;NULL;ANIME;Leigh Whannell;5.6;16+;103
Google Play Movies;Lost;TV;2004;6;18;ANIME;NULL;NULL;12+;43
Google Play Movies;Top Gun: Maverick;Movie;2022;NULL;NULL;ANIME;Joseph Kosinski;8.2;NULL;131
Google Play Movies;Godfather of Harlem;TV;2019;4;8;ANIME;NULL;NULL;NULL;51
Google Play Movies;Final Destination 5;Movie;2011;NULL;NULL;ANIME;Steven Quale;5.9;16+;91
Google Play Movies;Wolf Hall;TV;2015;2;6;ANIME;NULL;NULL;12+;59
Google Play Movies;Better Call Saul;TV;2015;6;13;ANIME;NULL;NULL;16+;50
Google Play Movies;Jaws;Movie;1975;NULL;NULL;ANIME;Steven Spielberg;8.1;NULL;124
Google Play Movies;Back to the Future;Movie;1985;NULL;NULL;ANIME;Robert Zemeckis;8.5;NULL;116
Google Play Movies;Chicago Fire;TV;2012;13;22;ANIME;NULL;NULL;12+;41
Google Play Movies;Longlegs;Movie;2024;NULL;NULL;ANIME;Osgood Perkins;6.6;16+;101
Google Play Movies;Game of Thrones;TV;2011;8;6;ANIME;NULL;NULL;16+;58
Google Play Movies;Inglourious Basterds;Movie;2009;NULL;NULL;ANIME;Quentin Tarantino;8.4;16+;153
Google Play Movies;Lazarus;TV;2025;1;9;ANIME;NULL;NULL;12+;24
Google Play Movies;The Expanse;TV;2015;6;6;ANIME;NULL;NULL;12+;45
Google Play Movies;Animal Kingdom;TV;2016;6;13;ANIME;NULL;NULL;16+;46
Google Play Movies;The Empty Man;Movie;2020;NULL;NULL;ANIME;David Prior;6.2;16+;137
Google Play Movies;Chicago Med;TV;2015;10;22;ANIME;NULL;NULL;12+;41
Google Play Movies;Miss Austen;TV;2025;1;4;ANIME;NULL;NULL;12+;53
Google Play Movies;Downton Abbey;TV;2010;6;9;ANIME;NULL;NULL;12+;58
Google Play Movies;The Brokenwood Mysteries;TV;2014;11;6;ANIME;NULL;NULL;12+;89
Google Play Movies;ER;TV;1994;15;22;ANIME;NULL;NULL;12+;49
Google Play Movies;The Shawshank Redemption;Movie;1994;NULL;NULL;ANIME;Frank Darabont;9.3;16+;142
Google Play Movies;The Godfather;Movie;1972;NULL;NULL;ANIME;Francis Ford Coppola;9.2;16+;175
Google Play Movies;Arrested Development;TV;2003;5;16;ANIME;NULL;NULL;12+;28
Google Play Movies;Strange Darling;Movie;2024;NULL;NULL;ANIME;NULL;NULL;16+;97
Google Play Movies;Madam Secretary;TV;2014;6;10;ANIME;NULL;NULL;12+;43
Google Play Movies;Watson;TV;2025;1;13;ANIME;NULL;NULL;12+;41
Google Play Movies;Oppenheimer;Movie;2023;NULL;NULL;ANIME;Christopher Nolan;8.3;16+;180
Google Play Movies;A Real Pain;Movie;2024;NULL;NULL;ANIME;Jesse Eisenberg;7.1;16+;90
Google Play Movies;Kingdom of Heaven;Movie;2005;NULL;NULL;ANIME;Ridley Scott;7.3;16+;144
Google Play Movies;Snow White;Movie;2025;NULL;NULL;ANIME;Marc Webb;1.6;NULL;109
Google Play Movies;New Girl;TV;2011;7;8;ANIME;NULL;NULL;12+;21
Google Play Movies;The Leftovers;TV;2014;3;8;ANIME;NULL;NULL;16+;58
Google Play Movies;The Middle;TV;2009;9;24;ANIME;NULL;NULL;12+;21
Google Play Movies;Firefly;TV;2002;1;14;ANIME;NULL;NULL;12+;47
Google Play Movies;Barbarian;Movie;2022;NULL;NULL;ANIME;Zach Cregger;7.0;16+;102
Google Play Movies;Person of Interest;TV;2011;5;13;ANIME;NULL;NULL;12+;44
Google Play Movies;Evil;TV;2019;4;14;ANIME;NULL;NULL;12+;49
Google Play Movies;The Cleaning Lady;TV;2022;4;12;ANIME;NULL;NULL;16+;42
Google Play Movies;Suits LA;TV;2025;1;13;ANIME;NULL;NULL;12+;42
Google Play Movies;The IT Crowd;TV;2006;5;1;ANIME;NULL;NULL;12+;26
Google Play Movies;Psych;TV;2006;8;10;ANIME;NULL;NULL;12+;44
Google Play Movies;Michael Clayton;Movie;2007;NULL;NULL;ANIME;Tony Gilroy;7.2;16+;119
Google Play Movies;Chicago P.D.;TV;2014;12;22;ANIME;NULL;NULL;12+;42
Google Play Movies;Tropic Thunder;Movie;2008;NULL;NULL;ANIME;Ben Stiller;7.1;16+;107
Google Play Movies;The Wedding Banquet;Movie;2025;NULL;NULL;ANIME;Andrew Ahn;6.7;16+;103
Google Play Movies;Miami Vice;TV;1984;5;22;ANIME;NULL;NULL;12+;49
Google Play Movies;Beetlejuice Beetlejuice;Movie;2024;NULL;NULL;ANIME;Tim Burton;6.6;NULL;104
Google Play Movies;The Americans;TV;2013;6;10;ANIME;NULL;NULL;16+;48
Google Play Movies;The Gilded Age;TV;2022;2;8;ANIME;NULL;NULL;16+;55
Google Play Movies;Buffy the Vampire Slayer;TV;1997;7;22;ANIME;NULL;NULL;12+;52
Google Play Movies;Common Side Effects;TV;2025;1;10;ANIME;NULL;NULL;16+;23
Google Play Movies;The Big Short;Movie;2015;NULL;NULL;ANIME;Adam McKay;7.8;16+;131
Google Play Movies;The Goonies;Movie;1985;NULL;NULL;ANIME;Richard Donner;7.7;NULL;114
Google Play Movies;Ash;Movie;2025;NULL;NULL;ANIME;Flying Lotus;5.8;16+;95
Google Play Movies;Catch Me If You Can;Movie;2002;NULL;NULL;ANIME;Steven Spielberg;8.1;NULL;141
Google Play Movies;Tombstone;Movie;1993;NULL;NULL;ANIME;George P. Cosmatos;7.8;16+;130
Google Play Movies;Final Destination 3;Movie;2006;NULL;NULL;ANIME;James Wong;5.8;16+;93
Google Play Movies;Ocean's Eleven;Movie;2001;NULL;NULL;ANIME;Steven Soderbergh;7.7;NULL;116
Google Play Movies;The Woman in the Yard;Movie;2025;NULL;NULL;ANIME;Jaume Collet-Serra;5.1;NULL;87
Google Play Movies;Couples Therapy;TV;2019;4;18;ANIME;NULL;NULL;16+;26
Google Play Movies;The Assessment;Movie;2025;NULL;NULL;ANIME;NULL;NULL;16+;114
Google Play Movies;Seinfeld;TV;1989;9;24;ANIME;NULL;NULL;12+;24
Google Play Movies;The Curse;TV;2023;1;10;ANIME;NULL;NULL;16+;53
Google Play Movies;Heat;Movie;1995;NULL;NULL;ANIME;Michael Mann;8.3;16+;170
Google Play Movies;Edge of Tomorrow;Movie;2014;NULL;NULL;ANIME;Doug Liman;7.9;NULL;114
Google Play Movies;Becoming Led Zeppelin;Movie;2025;NULL;NULL;ANIME;Bernard MacMahon;7.6;NULL;122
Google Play Movies;Friday Night Lights;TV;2006;5;13;ANIME;NULL;NULL;12+;43
Google Play Movies;Call the Midwife;TV;2012;14;8;ANIME;NULL;NULL;16+;58
Google Play Movies;Terrifier 3;Movie;2024;NULL;NULL;ANIME;Damien Leone;6.3;NULL;125
Google Play Movies;Mad God;Movie;2022;NULL;NULL;ANIME;NULL;NULL;NULL;83
