Spotify;Experience;Música;2013;NULL;NULL;classical;Ludovico Einaudi;NULL;Livre;5.26
Spotify;Carnival of the Animals: The Swan;Música;2020;NULL;NULL;classical;Camille Saint-Saëns;NULL;Livre;2.5
Spotify;Kiss The Rain;Música;2003;NULL;NULL;classical;Yiruma;NULL;Livre;4.34
Spotify;Dolly Suite Op. 56: I. Berceuse;Música;2015;NULL;NULL;classical;Gabriel Fauré;NULL;Livre;2.94
Spotify;"Orchestral Suite No. 3 in D Major BWV 1068: II. Air ""on the G String""";Música;2024;NULL;NULL;classical;Johann Sebastian Bach;NULL;Livre;6.01
Spotify;Symphony No. 5: IV. Adagietto. Sehr langsam;Música;1993;NULL;NULL;classical;Gustav Mahler;NULL;Livre;9.01
Spotify;Thaïs Act II: Méditation;Música;1991;NULL;NULL;classical;Jules Massenet;NULL;Livre;5.34
Spotify;Consolations S. 172: No. 3 in D-Flat Major. Lento placido;Música;1992;NULL;NULL;classical;Franz Liszt;NULL;Livre;4.23
Spotify;Symphony No. 5 in C Minor Op. 67: I. Allegro con brio;Música;1995;NULL;NULL;classical;Ludwig van Beethoven;NULL;Livre;7.37
Spotify;"Orfeo ed Euridice Wq. 30: Dance of the Blessed Spirits ""Melody"" (Arr. Sgambati for Piano)";Música;2012;NULL;NULL;classical;Christoph Willibald Gluck;NULL;Livre;3.03
Spotify;"Piano Sonata No. 16 in C Major K. 545 ""Sonata facile"": I. Allegro";Música;2019;NULL;NULL;classical;Wolfgang Amadeus Mozart;NULL;Livre;4.91
Spotify;Sonata for Piano and Violin in E Minor K. 304: II. Tempo di minuetto;Música;2005;NULL;NULL;classical;Wolfgang Amadeus Mozart;NULL;Livre;5.63
Spotify;The King of the Golden Hall;Música;2002;NULL;NULL;classical;Howard Shore;NULL;Livre;3.82
Spotify;Mozart: Piano Concerto No. 21 in C Major K. 467: II. Andante;Música;2008;NULL;NULL;classical;Wolfgang Amadeus Mozart;NULL;Livre;6.57
Spotify;The Planets Op. 32: IV. Jupiter the Bringer of Jollity;Música;1981;NULL;NULL;classical;Gustav Holst;NULL;Livre;7.6
Spotify;Keyboard Concerto No. 5 in F Minor BWV 1056: II. Largo;Música;2011;NULL;NULL;classical;Johann Sebastian Bach;NULL;Livre;2.94
Spotify;"Vivaldi: The Four Seasons Violin Concerto in E Major Op. 8 No. 1 RV 269 ""Spring"": I. Allegro";Música;1985;NULL;NULL;classical;Antonio Vivaldi;NULL;Livre;3.28
Spotify;Keyboard Suite No. 1 (Set II) in B-Flat Major HWV 434: IV. Menuet (arr. W. Kempff for piano);Música;2016;NULL;NULL;classical;Wilhelm Kempff;NULL;Livre;3.91
Spotify;Le carnaval des animaux R. 125: XIII. Le cygne;Música;1980;NULL;NULL;classical;Camille Saint-Saëns;NULL;Livre;2.76
Spotify;Epilogue;Música;2014;NULL;NULL;classical;Jóhann Jóhannsson;NULL;Livre;1.82
Spotify;Einaudi: Una mattina;Música;2020;NULL;NULL;classical;Ludovico Einaudi;NULL;Livre;3.18
Spotify;Elgar: Cello Concerto in E Minor Op. 85: III. Adagio;Música;2024;NULL;NULL;classical;Edward Elgar;NULL;Livre;4.98
Spotify;Evenstar;Música;2002;NULL;NULL;classical;Howard Shore;NULL;Livre;3.26
Spotify;En nacelle;Música;2015;NULL;NULL;classical;Henrique Oswald;NULL;Livre;2.76
Spotify;Gymnopédie No. 1;Música;2016;NULL;NULL;classical;Erik Satie;NULL;Livre;3.43
Spotify;El cant dels ocells (Song of the Birds) (version for cello and orchestra);Música;2015;NULL;NULL;classical;Pablo Casals;NULL;Livre;3.82
Spotify;Experience - Solo Piano;Música;2023;NULL;NULL;classical;Ludovico Einaudi;NULL;Livre;5.12
Spotify;Adieux;Música;2024;NULL;NULL;classical;Ludovico Einaudi;NULL;Livre;2.92
Spotify;Escapism;Música;2021;NULL;NULL;classical;Piotr Wiese;NULL;Livre;2.53
Spotify;Evening Wind;Música;1988;NULL;NULL;classical;Joe Hisaishi;NULL;Livre;1.02
Spotify;"Elgar: Variations on an Original Theme Op. 36 ""Enigma"": Variation IX. Nimrod";Música;1986;NULL;NULL;classical;Edward Elgar;NULL;Livre;3.9
Spotify;Enfantillages pittoresques: II. Berceuse;Música;2010;NULL;NULL;classical;Erik Satie;NULL;Livre;1.29
Spotify;Etude in F Minor;Música;1998;NULL;NULL;classical;Felix Mendelssohn;NULL;Livre;1.93
Spotify;Tchaikovsky: Swan Lake Op. 20 Act 2: No. 10 Scene. Moderato;Música;1976;NULL;NULL;classical;Pyotr Ilyich Tchaikovsky;NULL;Livre;2.78
Spotify;Étude No. 8: Through the Window;Música;2024;NULL;NULL;classical;Marie Awadis;NULL;Livre;5.67
Spotify;In A Sentimental Mood;Música;1963;NULL;NULL;classical;Duke Ellington;NULL;Livre;4.25
Spotify;An Idea: An Idea;Música;2013;NULL;NULL;classical;Leo Brouwer;NULL;Livre;2.64
Spotify;One Of The Girls (with JENNIE Lily Rose Depp);Música;2023;NULL;NULL;pop;The Weeknd;NULL;Livre;4.08
Spotify;Out of My League;Música;2013;NULL;NULL;pop;Fitz and The Tantrums;NULL;Livre;3.49
Spotify;One Dance;Música;2016;NULL;NULL;pop;Drake;NULL;Livre;2.9
Spotify;Ophelia;Música;2016;NULL;NULL;pop;The Lumineers;NULL;Livre;2.67
Spotify;Ode To Bourbon;Música;2021;NULL;NULL;pop;Treaty Oak Revival;NULL;Livre;4.02
Spotify;Only Girl (In The World);Música;2010;NULL;NULL;pop;Rihanna;NULL;Livre;3.92
Spotify;Outside (feat. Ellie Goulding);Música;2014;NULL;NULL;pop;Calvin Harris;NULL;Livre;3.79
Spotify;OMG (feat. will.i.am);Música;2010;NULL;NULL;pop;USHER;NULL;Livre;4.49
Spotify;ocean eyes;Música;2016;NULL;NULL;pop;Billie Eilish;NULL;Livre;3.34
Spotify;Open Arms (feat. Travis Scott);Música;2022;NULL;NULL;pop;SZA;NULL;Livre;3.99
Spotify;Or Nah (feat. The Weeknd Wiz Khalifa & DJ Mustard) - Remix;Música;2014;NULL;NULL;pop;Ty Dolla $ign;NULL;18+;4.05
Spotify;The Only Exception;Música;2009;NULL;NULL;pop;Paramore;NULL;Livre;4.46
Spotify;BIRDS OF A FEATHER;Música;2024;NULL;NULL;pop;Billie Eilish;NULL;Livre;3.51
Spotify;oui;Música;2015;NULL;NULL;pop;Jeremih;NULL;Livre;3.97
Spotify;Orange Juice;Música;2022;NULL;NULL;pop;Noah Kahan;NULL;Livre;4.95
Spotify;Oops!...I Did It Again;Música;2000;NULL;NULL;pop;Britney Spears;NULL;Livre;3.52
Spotify;Often;Música;2015;NULL;NULL;pop;The Weeknd;NULL;18+;4.15
Spotify;No One Noticed;Música;2024;NULL;NULL;pop;The Marías;NULL;Livre;3.95
Spotify;One More Night;Música;2012;NULL;NULL;pop;Maroon 5;NULL;Livre;3.66
Spotify;One Headlight;Música;1996;NULL;NULL;pop;The Wallflowers;NULL;Livre;5.21
Spotify;You Know How We Do It;Música;1993;NULL;NULL;funk;Ice Cube;NULL;18+;3.88
Spotify;Young Wild & Free (feat. Bruno Mars);Música;2011;NULL;NULL;funk;Snoop Dogg;NULL;18+;3.46
Spotify;Y'all Want a Single;Música;2003;NULL;NULL;funk;Korn;NULL;18+;3.3
Spotify;Youth of the Nation;Música;2001;NULL;NULL;funk;P.O.D.;NULL;Livre;4.27
Spotify;You Can Do It;Música;2000;NULL;NULL;funk;Ice Cube;NULL;18+;4.32
Spotify;You Dropped A Bomb On Me;Música;1982;NULL;NULL;funk;The Gap Band;NULL;Livre;5.22
Spotify;Wish You Were Here;Música;2001;NULL;NULL;funk;Incubus;NULL;Livre;3.55
Spotify;You Make Me Feel Brand New;Música;1973;NULL;NULL;funk;The Stylistics;NULL;Livre;4.81
Spotify;You & I;Música;2019;NULL;NULL;funk;Dabeull;NULL;Livre;3.48
Spotify;You Are Everything;Música;1973;NULL;NULL;funk;The Stylistics;NULL;Livre;2.93
Spotify;Yearning For Your Love;Música;1980;NULL;NULL;funk;The Gap Band;NULL;Livre;5.68
Spotify;Need You Tonight;Música;1987;NULL;NULL;funk;INXS;NULL;Livre;3.01
Spotify;Keep Ya Head Up;Música;1993;NULL;NULL;funk;2Pac;NULL;18+;4.38
Spotify;You Can't Bring Me Down;Música;1990;NULL;NULL;funk;Suicidal Tendencies;NULL;18+;5.8
Spotify;Check Yo Self - Remix;Música;1994;NULL;NULL;funk;Ice Cube;NULL;18+;4.55
Spotify;Creep;Música;1993;NULL;NULL;indie;Radiohead;NULL;18+;3.98
Spotify;Cigarette Daydreams;Música;2013;NULL;NULL;indie;Cage The Elephant;NULL;Livre;3.48
Spotify;Champagne Coast;Música;2011;NULL;NULL;indie;Blood Orange;NULL;Livre;4.87
Spotify;Cigarettes out the Window;Música;2016;NULL;NULL;indie;TV Girl;NULL;Livre;3.32
Spotify;Cry;Música;2019;NULL;NULL;indie;Cigarettes After Sex;NULL;Livre;4.28
Spotify;Casual;Música;2023;NULL;NULL;indie;Chappell Roan;NULL;18+;3.88
Spotify;Change (In the House of Flies);Música;2000;NULL;NULL;indie;Deftones;NULL;Livre;4.99
Spotify;Chamber Of Reflection;Música;2014;NULL;NULL;indie;Mac DeMarco;NULL;Livre;3.86
Spotify;Cherry Waves;Música;2006;NULL;NULL;indie;Deftones;NULL;Livre;5.3
Spotify;The Cut That Always Bleeds;Música;2020;NULL;NULL;indie;Conan Gray;NULL;Livre;3.87
Spotify;ceilings;Música;2022;NULL;NULL;indie;Lizzy McAlpine;NULL;Livre;3.05
Spotify;Come a Little Closer;Música;2013;NULL;NULL;indie;Cage The Elephant;NULL;Livre;3.82
Spotify;Coming Home;Música;2015;NULL;NULL;indie;Leon Bridges;NULL;Livre;3.44
Spotify;Charleston Girl (Live);Música;2018;NULL;NULL;indie;Tyler Childers;NULL;Livre;3.0
Spotify;Call Your Mom;Música;2023;NULL;NULL;indie;Noah Kahan;NULL;Livre;4.64
Spotify;Cariño;Música;2018;NULL;NULL;indie;The Marías;NULL;Livre;4.31
Spotify;Calling After Me;Música;2024;NULL;NULL;indie;Wallows;NULL;Livre;3.13
Spotify;Can I Call You Tonight?;Música;2019;NULL;NULL;indie;Dayglow;NULL;Livre;4.65
Spotify;Cough Syrup;Música;2011;NULL;NULL;indie;Young the Giant;NULL;Livre;4.16
Spotify;Coastline;Música;2017;NULL;NULL;indie;Hollow Coves;NULL;Livre;3.9
Spotify;Ain't No Sunshine;Música;1971;NULL;NULL;funk;Bill Withers;NULL;Livre;2.08
Spotify;Amber;Música;2001;NULL;NULL;funk;311;NULL;Livre;3.45
Spotify;Ambitionz Az A Ridah;Música;1996;NULL;NULL;funk;2Pac;NULL;18+;4.64
Spotify;All Eyez On Me (ft. Big Syke);Música;1996;NULL;NULL;funk;2Pac;NULL;18+;5.13
Spotify;Around the World;Música;1999;NULL;NULL;funk;Red Hot Chili Peppers;NULL;18+;3.98
Spotify;And She Was;Música;1985;NULL;NULL;funk;Talking Heads;NULL;Livre;3.65
Spotify;All Mixed Up;Música;1995;NULL;NULL;funk;311;NULL;18+;2.99
Spotify;Ain’t No Fun (If The Homies Can’t Have None);Música;1993;NULL;NULL;funk;Snoop Dogg;NULL;18+;4.11
Spotify;I Got 5 On It;Música;1995;NULL;NULL;funk;Luniz;NULL;Livre;4.23
Spotify;After the Love Has Gone;Música;1979;NULL;NULL;funk;Earth Wind & Fire;NULL;Livre;4.63
Spotify;A.D.I.D.A.S.;Música;1996;NULL;NULL;funk;Korn;NULL;18+;2.56
Spotify;All In the Family (feat. Fred Durst);Música;1998;NULL;NULL;funk;Korn;NULL;18+;4.82
Spotify;Ain't Nobody;Música;1983;NULL;NULL;funk;Rufus;NULL;Livre;4.75
Spotify;It Was A Good Day;Música;1992;NULL;NULL;funk;Ice Cube;NULL;18+;4.33
Spotify;All About U (ft. Nate Dogg Snoop Dogg Fatal Yani Hadati);Música;1996;NULL;NULL;funk;2Pac;NULL;18+;4.61
Spotify;Forgot About Dre;Música;1999;NULL;NULL;funk;Dr. Dre;NULL;18+;3.7
Spotify;Alive - Chris Lord-Alge Mix;Música;2001;NULL;NULL;funk;P.O.D.;NULL;Livre;3.42
Spotify;Anna Molly;Música;2006;NULL;NULL;funk;Incubus;NULL;Livre;3.76
Spotify;Smooth Criminal;Música;2001;NULL;NULL;funk;Alien Ant Farm;NULL;Livre;3.49
Spotify;Hopeless Romantic (feat. Swae Lee);Música;2018;NULL;NULL;hip hop;Wiz Khalifa;NULL;18+;3.78
Spotify;CAREFUL;Música;2023;NULL;NULL;hip hop;NF;NULL;Livre;3.49
Spotify;Hopes & Dreams;Música;2011;NULL;NULL;hip hop;Wiz Khalifa;NULL;18+;3.98
Spotify;Witch Doctor;Música;2017;NULL;NULL;hip hop;Hopsin;NULL;18+;4.81
Spotify;Still Dreaming;Música;2007;NULL;NULL;hip hop;Nas;NULL;18+;3.63
Spotify;Hopes & Dreams (feat. Nipsey Hussle);Música;2021;NULL;NULL;hip hop;Wiz Khalifa;NULL;18+;4.03
Spotify;WHO IS THIS WEIRDO ?;Música;2023;NULL;NULL;hip hop;Night Lovell;NULL;18+;2.27
Spotify;What's Love Got To Do With It;Música;2022;NULL;NULL;hip hop;Warren G;NULL;18+;4.25
Spotify;Hope You Know;Música;2023;NULL;NULL;hip hop;Kodak Black;NULL;18+;3.79
Spotify;Alone With Me;Música;2021;NULL;NULL;hip hop;Hopsin;NULL;18+;4.35
Spotify;Witness (1 Hope);Música;2001;NULL;NULL;hip hop;Roots Manuva;NULL;Livre;4.24
Spotify;Hope;Música;2021;NULL;NULL;hip hop;XXXTENTACION;NULL;18+;1.85
Spotify;Hoppa's Cypher;Música;2015;NULL;NULL;hip hop;DJ Hoppa;NULL;18+;4.37
Spotify;White Lines (Long Version) [Re-Recorded];Música;2008;NULL;NULL;hip hop;Grandmaster Flash & The Furious Five;NULL;Livre;7.75
Spotify;Hope (feat. Ty Dolla $ign);Música;2014;NULL;NULL;hip hop;Wiz Khalifa;NULL;18+;5.41
Spotify;Hip Hop Is Dead;Música;2006;NULL;NULL;hip hop;Nas;NULL;Livre;3.76
Spotify;Hope She Cheats On You (With A Basketball Player);Música;2011;NULL;NULL;hip hop;Marsha Ambrosius;NULL;Livre;4.06
Spotify;LIFE SUCKS SO WE FUCK (feat. ZillaKami);Música;2023;NULL;NULL;hip hop;Night Lovell;NULL;18+;2.03
Spotify;Regulate;Música;2015;NULL;NULL;hip hop;Warren G;NULL;Livre;4.18
Spotify;They Want EFX;Música;2019;NULL;NULL;hip hop;Das EFX;NULL;18+;3.68
Spotify;Feel Good Inc.;Música;2005;NULL;NULL;rock;Gorillaz;NULL;Livre;3.71
Spotify;For the First Time;Música;2017;NULL;NULL;rock;Mac DeMarco;NULL;Livre;3.04
Spotify;Fishin' in the Dark;Música;1987;NULL;NULL;rock;Nitty Gritty Dirt Band;NULL;Livre;3.36
Spotify;Fortunate Son;Música;1969;NULL;NULL;rock;Creedence Clearwater Revival;NULL;Livre;2.35
Spotify;Free Fallin';Música;1989;NULL;NULL;rock;Tom Petty;NULL;Livre;4.27
Spotify;Freak On a Leash;Música;1998;NULL;NULL;rock;Korn;NULL;18+;4.26
Spotify;Float On;Música;2004;NULL;NULL;rock;Modest Mouse;NULL;Livre;3.47
Spotify;Faint;Música;2003;NULL;NULL;rock;Linkin Park;NULL;Livre;2.7
Spotify;Fake Plastic Trees;Música;1995;NULL;NULL;rock;Radiohead;NULL;Livre;4.85
Spotify;For What It's Worth;Música;1966;NULL;NULL;rock;Buffalo Springfield;NULL;Livre;2.56
Spotify;Free Bird;Música;1973;NULL;NULL;rock;Lynyrd Skynyrd;NULL;Livre;9.12
Spotify;From Eden;Música;2014;NULL;NULL;rock;Hozier;NULL;Livre;4.72
Spotify;Fake It;Música;2007;NULL;NULL;rock;Seether;NULL;18+;3.23
Spotify;Fluorescent Adolescent;Música;2007;NULL;NULL;rock;Arctic Monkeys;NULL;Livre;2.89
Spotify;Freaking Out the Neighborhood;Música;2012;NULL;NULL;rock;Mac DeMarco;NULL;Livre;2.9
Spotify;Family Tradition;Música;1979;NULL;NULL;rock;Hank Williams Jr.;NULL;Livre;4.05
Spotify;For Whom The Bell Tolls (Remastered);Música;1984;NULL;NULL;rock;Metallica;NULL;Livre;5.17
Spotify;Flowers In Your Hair;Música;2012;NULL;NULL;rock;The Lumineers;NULL;Livre;1.83
Spotify;Fancy Like;Música;2022;NULL;NULL;rock;Walker Hayes;NULL;Livre;2.7
Spotify;Fire and Rain - 2019 Remaster;Música;1970;NULL;NULL;rock;James Taylor;NULL;Livre;3.39
Spotify;Like That;Música;2024;NULL;NULL;trap;Future;NULL;18+;4.46
Spotify;Love Me;Música;2013;NULL;NULL;trap;Lil Wayne;NULL;18+;4.25
Spotify;LA CANCIÓN;Música;2019;NULL;NULL;trap;J Balvin;NULL;Livre;4.04
Spotify;Low Life (feat. The Weeknd);Música;2016;NULL;NULL;trap;Future;NULL;18+;5.23
Spotify;Let It All Work Out;Música;2018;NULL;NULL;trap;Lil Wayne;NULL;18+;5.27
Spotify;LOKERA;Música;2023;NULL;NULL;trap;Rauw Alejandro;NULL;18+;3.29
Spotify;Love Sosa;Música;2012;NULL;NULL;trap;Chief Keef;NULL;18+;4.1
Spotify;LUNA;Música;2023;NULL;NULL;trap;Feid;NULL;Livre;3.28
Spotify;Life Goes On;Música;2018;NULL;NULL;trap;Lil Baby;NULL;18+;4.12
Spotify;Let Me Love You;Música;2016;NULL;NULL;trap;DJ Snake;NULL;Livre;3.43
Spotify;LIL DEMON;Música;2024;NULL;NULL;trap;Future;NULL;18+;2.32
Spotify;Look Back at It;Música;2018;NULL;NULL;trap;A Boogie Wit da Hoodie;NULL;18+;2.99
Spotify;Let's Go;Música;2023;NULL;NULL;trap;Key Glock;NULL;18+;2.34
Spotify;La Old Skul;Música;2021;NULL;NULL;trap;Rauw Alejandro;NULL;18+;3.58
Spotify;Lotus Flower Bomb (feat. Miguel);Música;2011;NULL;NULL;trap;Wale;NULL;18+;3.55
Spotify;Lollipop;Música;2008;NULL;NULL;trap;Lil Wayne;NULL;18+;4.99
Spotify;Live Your Life;Música;2008;NULL;NULL;trap;T.I.;NULL;18+;5.65
Spotify;Looking For The Hoes (Ain’t My Fault);Música;2023;NULL;NULL;trap;Sexyy Red;NULL;18+;2.18
Spotify;LALA;Música;2023;NULL;NULL;trap;Myke Towers;NULL;18+;3.3
Spotify;Low Down;Música;2020;NULL;NULL;trap;Lil Baby;NULL;18+;2.41
Spotify;Feel So Close - Radio Edit;Música;2012;NULL;NULL;edm;Calvin Harris;NULL;Livre;3.44
Spotify;Feels (feat. Pharrell Williams Katy Perry & Big Sean);Música;2017;NULL;NULL;edm;Calvin Harris;NULL;18+;3.72
Spotify;Five More Hours;Música;2017;NULL;NULL;edm;Deorro;NULL;Livre;3.53
Spotify;Slide (feat. Frank Ocean & Migos);Música;2017;NULL;NULL;edm;Calvin Harris;NULL;18+;3.85
Spotify;Firestone;Música;2016;NULL;NULL;edm;Kygo;NULL;Livre;4.53
Spotify;Feel Good (with Daya);Música;2017;NULL;NULL;edm;Gryffin;NULL;Livre;4.14
Spotify;Finally;Música;2024;NULL;NULL;edm;Swedish House Mafia;NULL;Livre;3.59
Spotify;Five Hours;Música;2014;NULL;NULL;edm;Deorro;NULL;Livre;5.45
Spotify;Feel Something (With I Prevail);Música;2020;NULL;NULL;edm;ILLENIUM;NULL;Livre;3.68
Spotify;For Life (feat. Nile Rodgers);Música;2024;NULL;NULL;edm;Kygo;NULL;Livre;2.93
Spotify;Fell In Love;Música;2023;NULL;NULL;edm;Marshmello;NULL;18+;2.02
Spotify;Finally Alone;Música;2019;NULL;NULL;edm;Mac DeMarco;NULL;Livre;2.41
Spotify;The Middle;Música;2018;NULL;NULL;edm;Zedd;NULL;Livre;3.08
Spotify;Feels Great (feat. Fetty Wap & CVBZ);Música;2017;NULL;NULL;edm;Cheat Codes;NULL;18+;3.23
Spotify;Clarity;Música;2012;NULL;NULL;edm;Zedd;NULL;Livre;4.52
Spotify;Faking It (feat. Kehlani & Lil Yachty);Música;2017;NULL;NULL;edm;Calvin Harris;NULL;18+;4.0
Spotify;Fractures;Música;2017;NULL;NULL;edm;ILLENIUM;NULL;Livre;4.09
Spotify;The Feeling;Música;2023;NULL;NULL;edm;Lost Frequencies;NULL;Livre;2.56
Spotify;Let's Groove;Música;1981;NULL;NULL;jazz;Earth Wind & Fire;NULL;Livre;5.66
Spotify;Runnin';Música;1995;NULL;NULL;jazz;The Pharcyde;NULL;18+;4.94
Spotify;Rebirth Of Slick (Cool Like Dat);Música;1993;NULL;NULL;jazz;Digable Planets;NULL;Livre;4.35
Spotify;L-O-V-E;Música;1965;NULL;NULL;jazz;Nat King Cole;NULL;Livre;2.59
Spotify;Remind Me - Remastered;Música;1982;NULL;NULL;jazz;Patrice Rushen;NULL;Livre;5.33
Spotify;Reasons;Música;1975;NULL;NULL;jazz;Earth Wind & Fire;NULL;Livre;4.99
Spotify;I'd Rather Go Blind;Música;1968;NULL;NULL;jazz;Etta James;NULL;Livre;2.61
Spotify;Rock Co.Kane Flow - feat. MF DOOM;Música;2004;NULL;NULL;jazz;De La Soul;NULL;18+;3.09
Spotify;Lady Brown (feat. Cise Starr from CYNE);Música;2003;NULL;NULL;jazz;Nujabes;NULL;Livre;3.32
Spotify;I've Got a Woman;Música;1957;NULL;NULL;jazz;Ray Charles;NULL;Livre;2.86
Spotify;Rags to Riches;Música;2011;NULL;NULL;jazz;Tony Bennett;NULL;Livre;2.81
Spotify;Electric Relaxation;Música;1999;NULL;NULL;jazz;A Tribe Called Quest;NULL;Livre;3.77
Spotify;reflection eternal;Música;2005;NULL;NULL;jazz;Nujabes;NULL;Livre;4.3
Spotify;'Round Midnight (feat. John Coltrane Red Garland Paul Chambers & Philly Joe Jones);Música;1957;NULL;NULL;jazz;Miles Davis;NULL;Livre;5.92
Spotify;Hit the Road Jack;Música;2021;NULL;NULL;jazz;Ray Charles;NULL;Livre;2.0
Spotify;Rosewood;Música;2022;NULL;NULL;jazz;Bonobo;NULL;Livre;4.05
Spotify;'Round Midnight;Música;1951;NULL;NULL;jazz;Thelonious Monk;NULL;Livre;3.23
Spotify;Rainbows & Waterfalls;Música;2017;NULL;NULL;jazz;Pretty Lights;NULL;Livre;4.24
Spotify;Romance;Música;2022;NULL;NULL;jazz;Hiroshi Suzuki;NULL;Livre;5.94
Spotify;The Revolution Will Not Be Televised;Música;1971;NULL;NULL;jazz;Gil Scott-Heron;NULL;Livre;3.12
Spotify;Velvet Ring - 2023 Remaster;Música;2016;NULL;NULL;indie;Big Thief;NULL;Livre;2.6
Spotify;The View Between Villages;Música;2022;NULL;NULL;indie;Noah Kahan;NULL;Livre;3.59
Spotify;Vanished;Música;2008;NULL;NULL;indie;Crystal Castles;NULL;Livre;4.05
Spotify;Velvet Ring;Música;2016;NULL;NULL;indie;Big Thief;NULL;Livre;2.6
Spotify;Verbatim;Música;2007;NULL;NULL;indie;Mother Mother;NULL;18+;2.81
Spotify;Vámonos a Marte;Música;2019;NULL;NULL;indie;Kevin Kaarl;NULL;Livre;2.98
Spotify;Void in Blue;Música;2018;NULL;NULL;indie;Glare;NULL;Livre;4.65
Spotify;VIBES DON'T LIE;Música;2024;NULL;NULL;indie;Leon Thomas;NULL;18+;3.36
Spotify;Young;Música;2016;NULL;NULL;indie;Vacations;NULL;Livre;3.15
Spotify;Vignette;Música;2024;NULL;NULL;indie;Twenty One Pilots;NULL;Livre;3.37
Spotify;Vanille fraise;Música;2015;NULL;NULL;indie;L'Impératrice;NULL;Livre;3.97
Spotify;The View Between Villages - Extended;Música;2023;NULL;NULL;indie;Noah Kahan;NULL;Livre;4.88
Spotify;Telephones;Música;2018;NULL;NULL;indie;Vacations;NULL;Livre;3.54
Spotify;Vampire;Música;2020;NULL;NULL;indie;Dominic Fike;NULL;Livre;3.1
Spotify;Vicious Sensitive Robot;Música;2024;NULL;NULL;indie;The Marías;NULL;Livre;3.24
Spotify;Visions of Gideon;Música;2017;NULL;NULL;indie;Sufjan Stevens;NULL;Livre;4.13
Spotify;Back On 74;Música;2023;NULL;NULL;indie;Jungle;NULL;Livre;3.49
Spotify;Vanilla;Música;2017;NULL;NULL;indie;flipturn;NULL;Livre;4.14
Spotify;Videotape;Música;2007;NULL;NULL;indie;Radiohead;NULL;Livre;4.66
Spotify;Visions;Música;2020;NULL;NULL;indie;Loving;NULL;Livre;3.89
Spotify;Walking On A Dream;Música;2008;NULL;NULL;rock;Empire Of The Sun;NULL;Livre;3.31
Spotify;Work Song;Música;2014;NULL;NULL;rock;Hozier;NULL;Livre;3.83
Spotify;We Are The People;Música;2008;NULL;NULL;rock;Empire Of The Sun;NULL;Livre;4.46
Spotify;Would That I;Música;2019;NULL;NULL;rock;Hozier;NULL;Livre;4.47
Spotify;What I Got;Música;1996;NULL;NULL;rock;Sublime;NULL;18+;2.85
Spotify;Why'd You Only Call Me When You're High?;Música;2013;NULL;NULL;rock;Arctic Monkeys;NULL;Livre;2.69
Spotify;Would? (2022 Remaster);Música;1992;NULL;NULL;rock;Alice In Chains;NULL;Livre;3.45
Spotify;Where'd All the Time Go?;Música;2010;NULL;NULL;rock;Dr. Dog;NULL;Livre;3.91
Spotify;Welcome To The Jungle;Música;1987;NULL;NULL;rock;Guns N' Roses;NULL;18+;4.56
Spotify;When I'm Gone;Música;2002;NULL;NULL;rock;3 Doors Down;NULL;Livre;4.34
Spotify;Wish You Were Here;Música;1975;NULL;NULL;rock;Pink Floyd;NULL;Livre;5.58
Spotify;When I Come Around;Música;1994;NULL;NULL;rock;Green Day;NULL;Livre;2.97
Spotify;What a Fool Believes;Música;1978;NULL;NULL;rock;The Doobie Brothers;NULL;Livre;3.73
Spotify;We Didn't Start the Fire;Música;1989;NULL;NULL;rock;Billy Joel;NULL;Livre;4.8
Spotify;What I've Done;Música;2007;NULL;NULL;rock;Linkin Park;NULL;Livre;3.42
Spotify;Wrong Way;Música;1996;NULL;NULL;rock;Sublime;NULL;18+;2.27
Spotify;With Arms Wide Open;Música;1999;NULL;NULL;rock;Creed;NULL;Livre;4.58
Spotify;Welcome to the Black Parade;Música;2006;NULL;NULL;rock;My Chemical Romance;NULL;Livre;5.19
Spotify;What's My Age Again?;Música;1999;NULL;NULL;rock;blink-182;NULL;18+;2.47
Spotify;What He'll Never Have;Música;2024;NULL;NULL;rock;Dylan Scott;NULL;Livre;2.57
Spotify;Mack the Knife;Música;1959;NULL;NULL;jazz;Bobby Darin;NULL;Livre;3.07
Spotify;My Baby Just Cares for Me (2013 - Remaster);Música;2013;NULL;NULL;jazz;Nina Simone;NULL;Livre;3.6
Spotify;Moonlight Serenade;Música;1939;NULL;NULL;jazz;Glenn Miller;NULL;Livre;3.38
Spotify;My One And Only Love;Música;1963;NULL;NULL;jazz;John Coltrane;NULL;Livre;4.92
Spotify;My Funny Valentine;Música;1956;NULL;NULL;jazz;Chet Baker;NULL;Livre;2.35
Spotify;Mas Que Nada - 2011 Rio Version;Música;2011;NULL;NULL;jazz;Sérgio Mendes;NULL;Livre;2.74
Spotify;Haven't Met You Yet;Música;2009;NULL;NULL;jazz;Michael Bublé;NULL;Livre;4.08
Spotify;My Little Brown Book;Música;1963;NULL;NULL;jazz;Duke Ellington;NULL;Livre;5.33
Spotify;Sway;Música;2003;NULL;NULL;jazz;Michael Bublé;NULL;Livre;3.13
Spotify;The Moment;Música;1996;NULL;NULL;jazz;Kenny G;NULL;Livre;6.02
Spotify;Me Myself and I;Música;1989;NULL;NULL;jazz;De La Soul;NULL;Livre;3.82
Spotify;Alexander Hamilton;Música;2015;NULL;NULL;jazz;Leslie Odom Jr.;NULL;Livre;3.95
Spotify;More - Remastered 2004;Música;2004;NULL;NULL;jazz;Bobby Darin;NULL;Livre;2.43
Spotify;Passin' Me By;Música;1992;NULL;NULL;jazz;The Pharcyde;NULL;Livre;5.06
Spotify;My Girl;Música;1965;NULL;NULL;jazz;Otis Redding;NULL;Livre;2.93
Spotify;Mambo Italiano;Música;2013;NULL;NULL;jazz;Dean Martin;NULL;Livre;2.33
Spotify;Muy Tranquilo;Música;2010;NULL;NULL;jazz;Gramatik;NULL;Livre;3.9
Spotify;Feeling Good;Música;2005;NULL;NULL;jazz;Michael Bublé;NULL;Livre;3.96
Spotify;Killing Me Softly With His Song;Música;1973;NULL;NULL;jazz;Roberta Flack;NULL;Livre;4.78
Spotify;Movie;Música;2018;NULL;NULL;jazz;Tom Misch;NULL;Livre;5.96
Spotify;Everybody Loves Somebody;Música;1964;NULL;NULL;jazz;Dean Martin;NULL;Livre;2.74
Spotify;Everybody Loves The Sunshine;Música;1976;NULL;NULL;jazz;Roy Ayers Ubiquity;NULL;Livre;3.99
Spotify;Everything;Música;2007;NULL;NULL;jazz;Michael Bublé;NULL;Livre;3.54
Spotify;September;Música;1978;NULL;NULL;jazz;Earth Wind & Fire;NULL;Livre;3.6
Spotify;Boogie Wonderland;Música;1979;NULL;NULL;jazz;Earth Wind & Fire;NULL;Livre;4.8
Spotify;Excursions;Música;1991;NULL;NULL;jazz;A Tribe Called Quest;NULL;Livre;3.91
Spotify;Eye Know;Música;1989;NULL;NULL;jazz;De La Soul;NULL;Livre;4.21
Spotify;At Last;Música;1960;NULL;NULL;jazz;Etta James;NULL;Livre;2.99
Spotify;El Cuarto de Tula;Música;1997;NULL;NULL;jazz;Buena Vista Social Club;NULL;Livre;7.42
Spotify;Ensueño;Música;2024;NULL;NULL;jazz;flâneur;NULL;Livre;2.64
Spotify;A Sunday Kind Of Love;Música;1960;NULL;NULL;jazz;Etta James;NULL;Livre;3.27
Spotify;Eyes Closed;Música;2024;NULL;NULL;jazz;Leo Motta;NULL;Livre;2.18
Spotify;E. S. P.;Música;1977;NULL;NULL;jazz;Masayoshi Takanaka;NULL;Livre;4.18
Spotify;El Carretero;Música;1997;NULL;NULL;jazz;Buena Vista Social Club;NULL;Livre;3.5
Spotify;"Epitaph - Including ""March for No Reason"" and ""Tomorrow and Tomorrow""";Música;1969;NULL;NULL;jazz;King Crimson;NULL;Livre;8.78
Spotify;Still Think About You;Música;2016;NULL;NULL;trap;A Boogie Wit da Hoodie;NULL;18+;4.12
Spotify;Say It;Música;2016;NULL;NULL;trap;Tory Lanez;NULL;18+;3.96
Spotify;Soul Survivor;Música;2005;NULL;NULL;trap;Jeezy;NULL;18+;4.67
Spotify;Stir Fry;Música;2018;NULL;NULL;trap;Migos;NULL;18+;3.17
Spotify;See You Again (feat. Charlie Puth);Música;2015;NULL;NULL;trap;Wiz Khalifa;NULL;Livre;3.83
Spotify;Se Preparó;Música;2017;NULL;NULL;trap;Ozuna;NULL;Livre;3.13
Spotify;Sum 2 Prove;Música;2020;NULL;NULL;trap;Lil Baby;NULL;18+;3.43
Spotify;Shower;Música;2014;NULL;NULL;trap;Becky G;NULL;Livre;3.44
Spotify;Stand By Me (feat. Morgan Wallen);Música;2023;NULL;NULL;trap;Lil Durk;NULL;18+;3.65
Spotify;Super Gremlin;Música;2022;NULL;NULL;trap;Kodak Black;NULL;18+;3.34
Spotify;Salió El Sol;Música;2006;NULL;NULL;trap;Don Omar;NULL;Livre;5.25
Spotify;Stay Fly;Música;2005;NULL;NULL;trap;Three 6 Mafia;NULL;18+;3.94
Spotify;Swang;Música;2016;NULL;NULL;trap;Rae Sremmurd;NULL;18+;3.47
Spotify;Santa;Música;2024;NULL;NULL;trap;Rvssian;NULL;Livre;3.22
Spotify;Slow Jamz;Música;2004;NULL;NULL;trap;Twista;NULL;18+;5.27
Spotify;Selfish;Música;2017;NULL;NULL;trap;PnB Rock;NULL;18+;4.09
Spotify;Studio;Música;2014;NULL;NULL;trap;ScHoolboy Q;NULL;18+;4.63
Spotify;Snap Yo Fingers;Música;2006;NULL;NULL;trap;Lil Jon;NULL;Livre;4.57
Spotify;Sucker for Pain (with Wiz Khalifa Imagine Dragons Logic & Ty Dolla $ign feat. X Ambassadors);Música;2016;NULL;NULL;trap;Lil Wayne;NULL;18+;4.06
Spotify;Sanguine Paradise;Música;2019;NULL;NULL;trap;Lil Uzi Vert;NULL;18+;4.07
Spotify;Never Catch Me;Música;2014;NULL;NULL;jazz;Flying Lotus;NULL;Livre;3.91
Spotify;Nothing Can Change This Love;Música;1963;NULL;NULL;jazz;Sam Cooke;NULL;Livre;2.64
Spotify;Nothing's Gonna Change My Love for You;Música;1985;NULL;NULL;jazz;George Benson;NULL;Livre;4.04
Spotify;Don't Know Why;Música;2002;NULL;NULL;jazz;Norah Jones;NULL;Livre;3.1
Spotify;Never Gonna Let You Go;Música;1983;NULL;NULL;jazz;Sérgio Mendes;NULL;Livre;4.26
Spotify;The Nearness Of You;Música;2002;NULL;NULL;jazz;Norah Jones;NULL;Livre;3.13
Spotify;Naima - Mono;Música;1960;NULL;NULL;jazz;John Coltrane;NULL;Livre;4.42
Spotify;Nancy (With The Laughing Face);Música;1963;NULL;NULL;jazz;John Coltrane Quartet;NULL;Livre;3.2
Spotify;Nightrider;Música;2020;NULL;NULL;jazz;Tom Misch;NULL;18+;5.02
Spotify;Nature Boy;Música;1961;NULL;NULL;jazz;Nat King Cole;NULL;Livre;2.89
Spotify;Nicole;Música;1978;NULL;NULL;jazz;Enrico Intra;NULL;Livre;4.33
Spotify;Come Away With Me;Música;2002;NULL;NULL;jazz;Norah Jones;NULL;Livre;3.3
Spotify;Never Without You;Música;2010;NULL;NULL;jazz;Brian Simpson;NULL;Livre;4.87
Spotify;Night Lights;Música;1963;NULL;NULL;jazz;Gerry Mulligan Sextet;NULL;Livre;4.97
Spotify;Sunrise;Música;2004;NULL;NULL;jazz;Norah Jones;NULL;Livre;3.34
Spotify;Feeling Good;Música;1965;NULL;NULL;jazz;Nina Simone;NULL;Livre;2.9
Spotify;New Chapter;Música;2024;NULL;NULL;jazz;Jikuru;NULL;Livre;2.2
Spotify;Unforgettable;Música;1954;NULL;NULL;jazz;Nat King Cole;NULL;Livre;3.2
Spotify;Nocturnal Whispers;Música;2023;NULL;NULL;jazz;Dan Evans-Parker;NULL;Livre;4.46
Spotify;U Are My High (with Future);Música;2021;NULL;NULL;edm;DJ Snake;NULL;Livre;3.52
Spotify;Under Control (feat. Hurts);Música;2014;NULL;NULL;edm;Calvin Harris;NULL;Livre;3.07
Spotify;UCLA;Música;2018;NULL;NULL;edm;RL Grime;NULL;18+;3.2
Spotify;Wake Me Up;Música;2013;NULL;NULL;edm;Avicii;NULL;Livre;4.12
Spotify;Without You (feat. Usher);Música;2011;NULL;NULL;edm;David Guetta;NULL;Livre;3.47
Spotify;U Are My High;Música;2021;NULL;NULL;edm;DJ Snake;NULL;Livre;3.01
Spotify;Upside Down;Música;2023;NULL;NULL;edm;MEDUZA;NULL;Livre;2.91
Spotify;Get Up (Rattle) [feat. Far East Movement] - Vocal Edit;Música;2012;NULL;NULL;edm;Bingo Players;NULL;Livre;2.78
Spotify;Used To Love (with Dean Lewis);Música;2019;NULL;NULL;edm;Martin Garrix;NULL;Livre;3.95
Spotify;Light It Up (Remix);Música;2015;NULL;NULL;edm;Major Lazer;NULL;Livre;2.77
Spotify;adore u;Música;2023;NULL;NULL;edm;Fred again..;NULL;Livre;3.68
Spotify;U & Me;Música;2021;NULL;NULL;edm;ILLENIUM;NULL;Livre;3.56
Spotify;leavemealone;Música;2024;NULL;NULL;edm;Fred again..;NULL;18+;3.71
Spotify;Undeniable (feat. X Ambassadors);Música;2022;NULL;NULL;edm;Kygo;NULL;Livre;3.01
Spotify;Untouchable;Música;2015;NULL;NULL;edm;Tritonal;NULL;Livre;3.81
Spotify;Jungle;Música;2024;NULL;NULL;edm;Fred again..;NULL;18+;3.31
Spotify;In the Name of Love;Música;2016;NULL;NULL;edm;Martin Garrix;NULL;Livre;3.26
Spotify;"ULTRAMAN - From The Netflix Film ""Ultraman: Rising""";Música;2024;NULL;NULL;edm;Diplo;NULL;Livre;3.4
Spotify;Undercover;Música;2019;NULL;NULL;edm;Bassnectar;NULL;Livre;2.48
Spotify;Jane Says;Música;1988;NULL;NULL;funk;Jane's Addiction;NULL;Livre;4.78
Spotify;Jerry Was A Race Car Driver;Música;1991;NULL;NULL;funk;Primus;NULL;Livre;3.18
Spotify;John The Fisherman;Música;2006;NULL;NULL;funk;Primus;NULL;Livre;3.61
Spotify;Jungle Boogie;Música;1973;NULL;NULL;funk;Kool & The Gang;NULL;Livre;3.11
Spotify;Just Like This;Música;1999;NULL;NULL;funk;Limp Bizkit;NULL;Livre;3.58
Spotify;This D.J.;Música;1994;NULL;NULL;funk;Warren G;NULL;18+;3.38
Spotify;Rather Be (feat. Jess Glynne);Música;2014;NULL;NULL;funk;Clean Bandit;NULL;Livre;3.8
Spotify;Drive;Música;1999;NULL;NULL;funk;Incubus;NULL;Livre;3.87
Spotify;Jungle Love;Música;1984;NULL;NULL;funk;The Time;NULL;Livre;5.56
Spotify;These Days (feat. Jess Glynne Macklemore & Dan Caplen);Música;2018;NULL;NULL;funk;Rudimental;NULL;Livre;3.51
Spotify;Gin and Juice;Música;1993;NULL;NULL;funk;Snoop Dogg;NULL;18+;3.53
Spotify;Joga Essa Rabeta;Música;2022;NULL;NULL;funk;MC Teuzin PV;NULL;18+;2.58
Spotify;Just Because;Música;2003;NULL;NULL;funk;Jane's Addiction;NULL;Livre;3.86
Spotify;Juicy Fruit - Single Version;Música;1990;NULL;NULL;funk;Mtume;NULL;Livre;4.56
Spotify;Jealous Guy;Música;2010;NULL;NULL;funk;Donny Hathaway;NULL;Livre;3.14
Spotify;Just To See Her;Música;1987;NULL;NULL;funk;Smokey Robinson;NULL;Livre;4.07
Spotify;Joy And Pain - Remastered 2004;Música;1980;NULL;NULL;funk;Maze;NULL;Livre;7.24
Spotify;Just Be Good To Me;Música;1983;NULL;NULL;funk;The S.O.S Band;NULL;Livre;9.15
Spotify;CLYDE (I Hope at Least One of My Ex-Girlfriends Hears This);Música;2015;NULL;NULL;hip hop;$uicideboy$;NULL;18+;2.54
Spotify;SUFFICE;Música;2023;NULL;NULL;hip hop;NF;NULL;Livre;4.43
Spotify;Sag My Pants;Música;2010;NULL;NULL;hip hop;Hopsin;NULL;18+;3.65
Spotify;Hop Off A Jet (feat. Travis Scott);Música;2019;NULL;NULL;hip hop;Young Thug;NULL;18+;2.9
Spotify;You Should've Known;Música;2019;NULL;NULL;hip hop;Hopsin;NULL;18+;3.24
Spotify;GONE;Música;2023;NULL;NULL;hip hop;NF;NULL;Livre;4.1
Spotify;HOP ON DA SHOW;Música;2024;NULL;NULL;hip hop;tlinh;NULL;18+;2.93
Spotify;Hip-Hop Saved My Life (feat. Nikki Jean);Música;2007;NULL;NULL;hip hop;Lupe Fiasco;NULL;Livre;4.04
Spotify;Ill Mind of Hopsin 5;Música;2012;NULL;NULL;hip hop;Hopsin;NULL;18+;4.82
Spotify;Bass (feat. Tech N9ne & Hopsin);Música;2019;NULL;NULL;hip hop;Merkules;NULL;18+;3.89
Spotify;HOP OUT THE VAN;Música;2023;NULL;NULL;hip hop;Offset;NULL;18+;2.0
Spotify;Single on Singel (feat. Adriana Aslani);Música;2023;NULL;NULL;hip hop;Hopsin;NULL;18+;5.1
Spotify;SUNDAY;Música;2023;NULL;NULL;hip hop;Night Lovell;NULL;18+;2.12
Spotify;Hope;Música;2020;NULL;NULL;hip hop;Neutro Shorty;NULL;18+;3.74
Spotify;Act A Fool;Música;2003;NULL;NULL;hip hop;Ludacris;NULL;18+;4.54
Spotify;Hope I Don't Go Back;Música;1994;NULL;NULL;hip hop;E-40;NULL;18+;4.64
Spotify;Strangers;Música;2023;NULL;NULL;hip hop;Roy Tosh;NULL;Livre;3.33
Spotify;QUE PRETENDES;Música;2019;NULL;NULL;trap;J Balvin;NULL;Livre;3.71
Spotify;Q U E V A S H A C E R H O Y ?;Música;2024;NULL;NULL;trap;Omar Courtz;NULL;18+;3.73
Spotify;Quevedo: Bzrp Music Sessions Vol. 52;Música;2022;NULL;NULL;trap;Bizarrap;NULL;Livre;3.32
Spotify;QUEMA;Música;2024;NULL;NULL;trap;Ryan Castro;NULL;18+;2.52
Spotify;Trap Queen;Música;2015;NULL;NULL;trap;Fetty Wap;NULL;18+;3.7
Spotify;Quiero Bailar;Música;2004;NULL;NULL;trap;Ivy Queen;NULL;Livre;3.11
Spotify;Baby (Lil Baby feat. DaBaby);Música;2019;NULL;NULL;trap;Quality Control;NULL;18+;2.37
Spotify;Quickie;Música;2023;NULL;NULL;trap;Moneybagg Yo;NULL;18+;3.13
Spotify;Quiere Beber;Música;2018;NULL;NULL;trap;Anuel AA;NULL;Livre;3.12
Spotify;Que Malo;Música;2020;NULL;NULL;trap;Bad Bunny;NULL;18+;2.8
Spotify;Querer Querernos;Música;2011;NULL;NULL;trap;Canserbero;NULL;Livre;4.0
Spotify;Quiéreme Mientras Se Pueda;Música;2021;NULL;NULL;trap;Manuel Turizo;NULL;Livre;3.2
Spotify;Que Se Mueran;Música;2012;NULL;NULL;trap;Romeo Santos;NULL;Livre;4.18
Spotify;Qué Más Pues?;Música;2021;NULL;NULL;trap;J Balvin;NULL;Livre;3.62
Spotify;QUÉ RICO CH**GAMOS;Música;2023;NULL;NULL;trap;Rauw Alejandro;NULL;18+;4.11
Spotify;Que Mas Pues - Remix;Música;2019;NULL;NULL;trap;Sech;NULL;18+;5.1
Spotify;Dile Que Tu Me Quieres;Música;2017;NULL;NULL;trap;Ozuna;NULL;Livre;3.78
Spotify;Pa' Que Retozen;Música;2003;NULL;NULL;trap;Tego Calderón;NULL;18+;2.53
Spotify;Quiero Repetir;Música;2017;NULL;NULL;trap;Ozuna;NULL;Livre;3.35
Spotify;HOPE;Música;2023;NULL;NULL;hip hop;NF;NULL;Livre;4.41
Spotify;HAPPY;Música;2023;NULL;NULL;hip hop;NF;NULL;Livre;4.04
Spotify;RUNNING;Música;2023;NULL;NULL;hip hop;NF;NULL;Livre;4.23
Spotify;MISTAKE;Música;2023;NULL;NULL;hip hop;NF;NULL;Livre;3.59
Spotify;MOTTO;Música;2023;NULL;NULL;hip hop;NF;NULL;Livre;3.62
Spotify;LET EM PRAY;Música;2023;NULL;NULL;hip hop;NF;NULL;Livre;3.56
Spotify;PANDEMONIUM;Música;2023;NULL;NULL;hip hop;NF;NULL;Livre;3.28
Spotify;LOST;Música;2021;NULL;NULL;hip hop;NF;NULL;Livre;3.91
Spotify;BULLET;Música;2023;NULL;NULL;hip hop;NF;NULL;Livre;3.71
Spotify;EYE SPY;Música;2023;NULL;NULL;hip hop;Night Lovell;NULL;18+;2.44
Spotify;MAMA;Música;2023;NULL;NULL;hip hop;NF;NULL;Livre;3.47
Spotify;Miles On It;Música;2024;NULL;NULL;edm;Marshmello;NULL;Livre;2.81
Spotify;My Kind of Woman;Música;2012;NULL;NULL;edm;Mac DeMarco;NULL;Livre;3.18
Spotify;Moonlight on the River;Música;2017;NULL;NULL;edm;Mac DeMarco;NULL;Livre;7.04
Spotify;Middle;Música;2016;NULL;NULL;edm;DJ Snake;NULL;Livre;3.68
Spotify;Memories (feat. Kid Cudi);Música;2010;NULL;NULL;edm;David Guetta;NULL;18+;3.49
Spotify;My Way;Música;2024;NULL;NULL;edm;Calvin Harris;NULL;Livre;3.65
Spotify;Moth To A Flame (with The Weeknd);Música;2022;NULL;NULL;edm;Swedish House Mafia;NULL;Livre;3.9
Spotify;More Than You Know;Música;2017;NULL;NULL;edm;Axwell /\ Ingrosso;NULL;Livre;3.38
Spotify;Scared to Be Lonely;Música;2017;NULL;NULL;edm;Martin Garrix;NULL;Livre;3.68
Spotify;The Motto;Música;2021;NULL;NULL;edm;Tiësto;NULL;Livre;2.75
Spotify;Heartless (feat. Morgan Wallen);Música;2020;NULL;NULL;edm;Diplo;NULL;18+;2.82
Spotify;Magnets;Música;2015;NULL;NULL;edm;Disclosure;NULL;Livre;3.32
Spotify;Make It Bun Dem;Música;2012;NULL;NULL;edm;Skrillex;NULL;Livre;3.56
Spotify;Cleopatra;Música;2016;NULL;NULL;folk;The Lumineers;NULL;Livre;3.36
Spotify;California Dreamin' - Single Version;Música;1966;NULL;NULL;folk;The Mamas & The Papas;NULL;Livre;2.71
Spotify;China Grove;Música;1973;NULL;NULL;folk;The Doobie Brothers;NULL;Livre;3.26
Spotify;Copperhead Road;Música;1988;NULL;NULL;folk;Steve Earle;NULL;Livre;4.5
Spotify;Carolina in My Mind;Música;1976;NULL;NULL;folk;James Taylor;NULL;Livre;3.98
Spotify;Cat's in the Cradle;Música;1974;NULL;NULL;folk;Harry Chapin;NULL;Livre;3.72
Spotify;Crazy Love - 2013 Remaster;Música;1970;NULL;NULL;folk;Van Morrison;NULL;Livre;2.59
Spotify;California Dreamin';Música;2001;NULL;NULL;folk;The Mamas & The Papas;NULL;Livre;2.67
Spotify;Call It Dreaming;Música;2017;NULL;NULL;folk;Iron & Wine;NULL;Livre;3.86
Spotify;California;Música;1971;NULL;NULL;folk;Joni Mitchell;NULL;Livre;3.84
Spotify;Long Cool Woman (In a Black Dress) - 1999 Remaster;Música;1971;NULL;NULL;folk;The Hollies;NULL;Livre;3.32
Spotify;Clay Pigeons;Música;2014;NULL;NULL;folk;Michael Cera;NULL;Livre;3.1
Spotify;Fast Car;Música;1988;NULL;NULL;folk;Tracy Chapman;NULL;Livre;4.95
Spotify;Carry You;Música;2017;NULL;NULL;folk;Novo Amor;NULL;Livre;4.55
Spotify;Cherry Bomb;Música;1987;NULL;NULL;folk;John Mellencamp;NULL;Livre;4.79
Spotify;Closer to Fine;Música;1989;NULL;NULL;folk;Indigo Girls;NULL;Livre;4.03
Spotify;Too Sweet;Música;2024;NULL;NULL;indie;Hozier;NULL;Livre;4.19
Spotify;Take Me to Church;Música;2014;NULL;NULL;indie;Hozier;NULL;Livre;4.03
Spotify;Tongue Tied;Música;2011;NULL;NULL;indie;GROUPLOVE;NULL;Livre;3.63
Spotify;Take Me Out;Música;2004;NULL;NULL;indie;Franz Ferdinand;NULL;Livre;3.95
Spotify;the perfect pair;Música;2022;NULL;NULL;indie;beabadoobee;NULL;Livre;2.96
Spotify;Tek It;Música;2021;NULL;NULL;indie;Cafuné;NULL;Livre;3.2
Spotify;Treehouse;Música;2011;NULL;NULL;indie;Alex G;NULL;Livre;2.65
Spotify;Tumblr Girls (feat. Christoph Andersson);Música;2014;NULL;NULL;indie;G-Eazy;NULL;18+;4.26
Spotify;Teenagers;Música;2006;NULL;NULL;indie;My Chemical Romance;NULL;Livre;2.7
Spotify;The Blonde;Música;2014;NULL;NULL;indie;TV Girl;NULL;Livre;3.8
Spotify;Taking What's Not Yours;Música;2016;NULL;NULL;indie;TV Girl;NULL;Livre;3.43
Spotify;the way things go;Música;2023;NULL;NULL;indie;beabadoobee;NULL;Livre;3.13
Spotify;Time to Pretend;Música;2007;NULL;NULL;indie;MGMT;NULL;18+;4.35
Spotify;Texas Sun;Música;2020;NULL;NULL;indie;Khruangbin;NULL;Livre;4.21
Spotify;Tear in My Heart;Música;2015;NULL;NULL;indie;Twenty One Pilots;NULL;Livre;3.14
Spotify;This Side of Paradise;Música;2020;NULL;NULL;indie;Coyote Theory;NULL;Livre;4.03
Spotify;Touch;Música;2019;NULL;NULL;indie;Cigarettes After Sex;NULL;Livre;4.88
Spotify;Paralyzer;Música;2007;NULL;NULL;funk;Finger Eleven;NULL;Livre;3.47
Spotify;Pardon Me;Música;1999;NULL;NULL;funk;Incubus;NULL;Livre;3.73
Spotify;Play That Funky Music;Música;1976;NULL;NULL;funk;Wild Cherry;NULL;Livre;5.0
Spotify;Purple Rain;Música;1984;NULL;NULL;funk;Prince;NULL;Livre;8.7
Spotify;Psycho Killer - 2005 Remaster;Música;1977;NULL;NULL;funk;Talking Heads;NULL;Livre;4.36
Spotify;Gangsta's Paradise;Música;1995;NULL;NULL;funk;Coolio;NULL;Livre;4.01
Spotify;Parado no Bailão;Música;2018;NULL;NULL;funk;MC L da Vinte;NULL;Livre;2.86
Spotify;Pick Up the Pieces;Música;1974;NULL;NULL;funk;Average White Band;NULL;Livre;4.0
Spotify;Kiss;Música;1986;NULL;NULL;funk;Prince;NULL;Livre;3.77
Spotify;Promises;Música;2021;NULL;NULL;funk;Cleo Sol;NULL;Livre;4.41
Spotify;People of the Sun;Música;1996;NULL;NULL;funk;Rage Against The Machine;NULL;Livre;2.5
Spotify;When Doves Cry;Música;1984;NULL;NULL;funk;Prince;NULL;Livre;5.9
Spotify;Beautiful;Música;2002;NULL;NULL;funk;Snoop Dogg;NULL;18+;4.97
Spotify;Pusherman;Música;1972;NULL;NULL;funk;Curtis Mayfield;NULL;Livre;5.01
Spotify;Picture Me Rollin' (ft. Danny Boy CPO Big Syke);Música;1996;NULL;NULL;funk;2Pac;NULL;18+;5.25
Spotify;Parallel Universe;Música;1999;NULL;NULL;funk;Red Hot Chili Peppers;NULL;Livre;4.49
Spotify;Psycho Killer;Música;1977;NULL;NULL;funk;Talking Heads;NULL;Livre;4.34
Spotify;Papa's Got A Brand New Bag;Música;1991;NULL;NULL;funk;James Brown;NULL;Livre;2.14
Spotify;Pets;Música;1993;NULL;NULL;funk;Porno for Pyros;NULL;18+;3.62
Spotify;Good Luck Babe!;Música;2024;NULL;NULL;indie;Chappell Roan;NULL;Livre;3.64
Spotify;Good Looking;Música;2022;NULL;NULL;indie;Suki Waterhouse;NULL;Livre;3.58
Spotify;Glue Song;Música;2023;NULL;NULL;indie;beabadoobee;NULL;Livre;2.25
Spotify;Gilded Lily;Música;2022;NULL;NULL;indie;Cults;NULL;Livre;3.55
Spotify;Genesis;Música;2012;NULL;NULL;indie;Grimes;NULL;Livre;4.26
Spotify;golden hour;Música;2022;NULL;NULL;indie;JVKE;NULL;Livre;3.49
Spotify;The Gold - Phoebe Bridgers Version;Música;2018;NULL;NULL;indie;Manchester Orchestra;NULL;Livre;3.89
Spotify;Good Time;Música;2012;NULL;NULL;indie;Owl City;NULL;Livre;3.43
Spotify;Glue Song (feat. Clairo);Música;2023;NULL;NULL;indie;beabadoobee;NULL;Livre;2.25
Spotify;Gooey;Música;2014;NULL;NULL;indie;Glass Animals;NULL;Livre;4.82
Spotify;Goodie Bag;Música;2017;NULL;NULL;indie;Still Woozy;NULL;18+;2.44
Spotify;Gasoline;Música;2015;NULL;NULL;indie;Halsey;NULL;18+;3.33
Spotify;Geronimo;Música;2015;NULL;NULL;indie;Sheppard;NULL;Livre;3.64
Spotify;Glue Myself Shut;Música;2020;NULL;NULL;indie;Noah Kahan;NULL;18+;3.27
Spotify;God Only Knows;Música;2018;NULL;NULL;indie;for KING & COUNTRY;NULL;Livre;3.83
Spotify;GOSSIP (feat. Tom Morello);Música;2023;NULL;NULL;indie;Måneskin;NULL;18+;2.8
Spotify;girls;Música;2018;NULL;NULL;indie;girl in red;NULL;Livre;3.31
Spotify;You’re Gonna Go Far;Música;2023;NULL;NULL;indie;Noah Kahan;NULL;18+;4.77
Spotify;Um Pedido;Música;2019;NULL;NULL;hip hop;Hungria;NULL;Livre;3.53
Spotify;The Old Us;Música;2019;NULL;NULL;hip hop;Hopsin;NULL;18+;4.57
Spotify;Hopeless Romantic;Música;2017;NULL;NULL;hip hop;Meghan Trainor;NULL;Livre;4.09
Spotify;Hop out and Spin;Música;2021;NULL;NULL;hip hop;DB Omerta;NULL;18+;1.61
Spotify;Hip Hop Police - Main;Música;2007;NULL;NULL;hip hop;Chamillionaire;NULL;18+;4.19
Spotify;Unfuckwitable Flow;Música;2020;NULL;NULL;hip hop;DJ Hoppa;NULL;18+;3.17
Spotify;Hope We Meet Again (feat. Chris Brown);Música;2012;NULL;NULL;hip hop;Pitbull;NULL;Livre;3.68
Spotify;1-800-273-8255;Música;2023;NULL;NULL;hip hop;Logic;NULL;18+;4.17
Spotify;Um Brinde pra Nós;Música;2020;NULL;NULL;hip hop;Hungria;NULL;Livre;2.95
Spotify;Flex Up;Música;2023;NULL;NULL;hip hop;Lil Yachty;NULL;18+;2.85
Spotify;Última Vez;Música;2024;NULL;NULL;hip hop;Hungria;NULL;18+;4.24
Spotify;U Can't Touch This;Música;2017;NULL;NULL;hip hop;MC Hammer;NULL;Livre;4.27
Spotify;Unhinged;Música;2022;NULL;NULL;hip hop;DJ Hoppa;NULL;18+;2.36
Spotify;Universal Struggle;Música;2007;NULL;NULL;hip hop;Guru;NULL;Livre;3.55
Spotify;Hoppa's Cypher 2;Música;2020;NULL;NULL;hip hop;DJ Hoppa;NULL;18+;3.57
Spotify;Unwritten;Música;2004;NULL;NULL;pop;Natasha Bedingfield;NULL;Livre;4.32
Spotify;Uptown Funk (feat. Bruno Mars);Música;2015;NULL;NULL;pop;Mark Ronson;NULL;Livre;4.49
Spotify;Unforgettable;Música;2017;NULL;NULL;pop;French Montana;NULL;18+;3.9
Spotify;Use Me;Música;2024;NULL;NULL;pop;Zach Top;NULL;Livre;3.95
Spotify;Umbrella;Música;2007;NULL;NULL;pop;Rihanna;NULL;Livre;4.6
Spotify;Un-thinkable (I'm Ready) (feat. Drake) - Remix;Música;2010;NULL;NULL;pop;Alicia Keys;NULL;Livre;4.7
Spotify;Unstoppable;Música;2016;NULL;NULL;pop;Sia;NULL;Livre;3.63
Spotify;Up Down (Do This All Day) (feat. B.o.B);Música;2014;NULL;NULL;pop;T-Pain;NULL;18+;3.85
Spotify;Unsteady;Música;2015;NULL;NULL;pop;X Ambassadors;NULL;Livre;3.23
Spotify;Ultraviolence;Música;2014;NULL;NULL;pop;Lana Del Rey;NULL;Livre;4.19
Spotify;Under The Sun (with J. Cole & Lute feat. DaBaby);Música;2019;NULL;NULL;pop;Dreamville;NULL;18+;3.37
Spotify;Undone - The Sweater Song;Música;1994;NULL;NULL;pop;Weezer;NULL;Livre;5.09
Spotify;U Got It Bad;Música;2001;NULL;NULL;pop;USHER;NULL;Livre;4.13
Spotify;West Coast;Música;2014;NULL;NULL;pop;Lana Del Rey;NULL;Livre;4.28
Spotify;Unholy (feat. Kim Petras);Música;2022;NULL;NULL;pop;Sam Smith;NULL;Livre;2.62
Spotify;Unchained Melody;Música;1965;NULL;NULL;pop;The Righteous Brothers;NULL;Livre;3.63
Spotify;uh oh;Música;2022;NULL;NULL;pop;Tate McRae;NULL;18+;2.83
Spotify;Shut up My Moms Calling;Música;2020;NULL;NULL;pop;Hotel Ugly;NULL;Livre;2.74
Spotify;Kiss Me Thru The Phone;Música;2008;NULL;NULL;trap;Soulja Boy;NULL;Livre;3.22
Spotify;Kill Yourself (Part III);Música;2015;NULL;NULL;trap;$uicideboy$;NULL;18+;2.42
Spotify;Kills;Música;2017;NULL;NULL;trap;Chief Keef;NULL;18+;2.83
Spotify;Kill Yourself (Part IV);Música;2016;NULL;NULL;trap;$uicideboy$;NULL;18+;1.9
Spotify;King's Dead (with Kendrick Lamar Future & James Blake);Música;2018;NULL;NULL;trap;Jay Rock;NULL;18+;3.83
Spotify;Kyoto;Música;2023;NULL;NULL;trap;Omar Courtz;NULL;18+;4.13
Spotify;Crank That (Soulja Boy);Música;2007;NULL;NULL;trap;Soulja Boy;NULL;Livre;3.7
Spotify;Kid Cudi - Remix;Música;2019;NULL;NULL;trap;Xavier Wulf;NULL;18+;1.6
Spotify;KEEP IT COOL;Música;2024;NULL;NULL;trap;Internet Money;NULL;18+;1.78
Spotify;Drowning (feat. Kodak Black);Música;2017;NULL;NULL;trap;A Boogie Wit da Hoodie;NULL;18+;3.49
Spotify;No Flockin';Música;2015;NULL;NULL;trap;Kodak Black;NULL;18+;2.75
Spotify;Transportin';Música;2017;NULL;NULL;trap;Kodak Black;NULL;18+;2.82
Spotify;Kickin’ Back;Música;2016;NULL;NULL;trap;Mila J;NULL;18+;3.37
Spotify;I Know;Música;2015;NULL;NULL;trap;Big Sean;NULL;18+;5.33
Spotify;Con Calma;Música;2019;NULL;NULL;trap;Daddy Yankee;NULL;Livre;3.22
Spotify;Kemba Walker;Música;2020;NULL;NULL;trap;Eladio Carrion;NULL;18+;2.55
Spotify;You Know You Like It;Música;2014;NULL;NULL;trap;DJ Snake;NULL;Livre;4.12
Spotify;Kissin' On My Tattoos;Música;2014;NULL;NULL;trap;August Alsina;NULL;18+;4.2
Spotify;Collard Greens;Música;2014;NULL;NULL;trap;ScHoolboy Q;NULL;18+;5.0
Spotify;I'm Good (Blue);Música;2022;NULL;NULL;edm;David Guetta;NULL;18+;2.92
Spotify;Good Things Fall Apart (with Jon Bellion);Música;2019;NULL;NULL;edm;ILLENIUM;NULL;Livre;3.61
Spotify;Ghosts 'n' Stuff - Extended Mix;Música;2009;NULL;NULL;edm;deadmau5;NULL;Livre;5.48
Spotify;Good Thing (with Kehlani);Música;2019;NULL;NULL;edm;Zedd;NULL;18+;3.52
Spotify;Where Them Girls At (feat. Nicki Minaj & Flo Rida);Música;2011;NULL;NULL;edm;David Guetta;NULL;18+;3.5
Spotify;Titanium (feat. Sia);Música;2011;NULL;NULL;edm;David Guetta;NULL;Livre;4.08
Spotify;I Don't Wanna Wait;Música;2024;NULL;NULL;edm;David Guetta;NULL;Livre;2.49
Spotify;Gemini (feat. George Maple);Música;2015;NULL;NULL;edm;What So Not;NULL;Livre;4.5
Spotify;Gecko (Overdrive) - Radio Edit;Música;2014;NULL;NULL;edm;Oliver Heldens;NULL;Livre;2.76
Spotify;This Girl (Kungs Vs. Cookin' On 3 Burners);Música;2016;NULL;NULL;edm;Kungs;NULL;Livre;3.26
Spotify;GUD VIBRATIONS;Música;2016;NULL;NULL;edm;NGHTMRE;NULL;Livre;3.74
Spotify;Good Things Fall Apart vs. Sad Songs (With Said The Sky feat. Annika Wells);Música;2020;NULL;NULL;edm;ILLENIUM;NULL;Livre;6.1
Spotify;Sexy Bitch (feat. Akon);Música;2009;NULL;NULL;edm;David Guetta;NULL;18+;3.26
Spotify;She’s Gone Dance On;Música;2024;NULL;NULL;edm;Disclosure;NULL;Livre;3.78
Spotify;glow;Música;2024;NULL;NULL;edm;Fred again..;NULL;Livre;7.55
Spotify;Young Folks;Música;2006;NULL;NULL;indie;Peter Bjorn and John;NULL;Livre;4.61
Spotify;You Are the Best Thing;Música;2008;NULL;NULL;indie;Ray LaMontagne;NULL;Livre;3.86
Spotify;You Are the Right One;Música;2015;NULL;NULL;indie;Sports;NULL;Livre;2.88
Spotify;You & Me - Rivo Remix;Música;2023;NULL;NULL;indie;Disclosure;NULL;Livre;3.48
Spotify;You Love Me;Música;2004;NULL;NULL;indie;Kimya Dawson;NULL;Livre;2.65
Spotify;Youth;Música;2016;NULL;NULL;indie;Glass Animals;NULL;Livre;3.84
Spotify;YES IT IS;Música;2024;NULL;NULL;indie;Leon Thomas;NULL;18+;3.8
Spotify;You Were Right;Música;2016;NULL;NULL;indie;RÜFÜS DU SOL;NULL;Livre;3.99
Spotify;You're All I Want;Música;2020;NULL;NULL;indie;Cigarettes After Sex;NULL;18+;4.41
Spotify;All Your'n;Música;2019;NULL;NULL;indie;Tyler Childers;NULL;Livre;3.64
Spotify;YOU'RE THE ONE;Música;2016;NULL;NULL;indie;KAYTRANADA;NULL;Livre;3.8
Spotify;Young Blood;Música;2010;NULL;NULL;indie;The Naked And Famous;NULL;Livre;4.11
Spotify;You should be sad;Música;2020;NULL;NULL;indie;Halsey;NULL;18+;3.42
Spotify;Young Blood;Música;2019;NULL;NULL;indie;Noah Kahan;NULL;Livre;3.48
Spotify;Your Best American Girl;Música;2016;NULL;NULL;indie;Mitski;NULL;Livre;3.54
Spotify;Your Woman;Música;1997;NULL;NULL;indie;White Town;NULL;Livre;4.33
Spotify;Yes I'm A Mess;Música;2023;NULL;NULL;indie;AJR;NULL;18+;2.75
Spotify;You Worry Me;Música;2018;NULL;NULL;indie;Nathaniel Rateliff & The Night Sweats;NULL;Livre;3.57
Spotify;Juno;Música;2024;NULL;NULL;pop;Sabrina Carpenter;NULL;18+;3.72
Spotify;Just the Way You Are;Música;2010;NULL;NULL;pop;Bruno Mars;NULL;Livre;3.68
Spotify;Jessie's Girl;Música;1981;NULL;NULL;pop;Rick Springfield;NULL;Livre;3.24
Spotify;Just Dance;Música;2008;NULL;NULL;pop;Lady Gaga;NULL;Livre;4.03
Spotify;Juna;Música;2024;NULL;NULL;pop;Clairo;NULL;Livre;3.25
Spotify;Jealous;Música;2019;NULL;NULL;pop;Eyedress;NULL;Livre;2.04
Spotify;Judas;Música;2011;NULL;NULL;pop;Lady Gaga;NULL;Livre;4.15
Spotify;Just Like Johnny;Música;2024;NULL;NULL;pop;Redferrin;NULL;Livre;3.32
Spotify;Jimmy Cooks (feat. 21 Savage);Música;2022;NULL;NULL;pop;Drake;NULL;18+;3.64
Spotify;Just Can’t Get Enough;Música;2010;NULL;NULL;pop;Black Eyed Peas;NULL;Livre;3.66
Spotify;Just Give Me a Reason (feat. Nate Ruess);Música;2012;NULL;NULL;pop;P!nk;NULL;Livre;4.05
Spotify;jealousy jealousy;Música;2021;NULL;NULL;pop;Olivia Rodrigo;NULL;Livre;2.89
Spotify;Jackie and Wilson;Música;2014;NULL;NULL;pop;Hozier;NULL;Livre;3.72
Spotify;Just A Dream;Música;2010;NULL;NULL;pop;Nelly;NULL;Livre;3.96
Spotify;Just A Lil Bit;Música;2005;NULL;NULL;pop;50 Cent;NULL;18+;3.96
Spotify;Just A Girl;Música;1995;NULL;NULL;pop;No Doubt;NULL;Livre;3.49
Spotify;John Wayne;Música;2017;NULL;NULL;pop;Cigarettes After Sex;NULL;Livre;4.3
Spotify;Jolene;Música;1974;NULL;NULL;pop;Dolly Parton;NULL;Livre;2.69
Spotify;Juliet;Música;2019;NULL;NULL;pop;Cavetown;NULL;18+;4.65
Spotify;Rock Your Body;Música;2002;NULL;NULL;pop;Justin Timberlake;NULL;Livre;4.45
Spotify;Into the Mystic - 2013 Remaster;Música;1970;NULL;NULL;folk;Van Morrison;NULL;Livre;3.43
Spotify;I'm a Believer - 2006 Remaster;Música;1967;NULL;NULL;folk;The Monkees;NULL;Livre;2.79
Spotify;I Found;Música;2015;NULL;NULL;folk;Amber Run;NULL;Livre;4.55
Spotify;It's Too Late;Música;1971;NULL;NULL;folk;Carole King;NULL;Livre;3.89
Spotify;Spring Into Summer;Música;2024;NULL;NULL;folk;Lizzy McAlpine;NULL;Livre;4.38
Spotify;I Got a Name - Stereo Version;Música;1973;NULL;NULL;folk;Jim Croce;NULL;Livre;3.24
Spotify;If You Could Read My Mind;Música;1970;NULL;NULL;folk;Gordon Lightfoot;NULL;Livre;3.81
Spotify;I Love You Like An Alcoholic;Música;2012;NULL;NULL;folk;The Taxpayers;NULL;Livre;3.6
Spotify;I Lied (with Allison Ponthier);Música;2021;NULL;NULL;folk;Lord Huron;NULL;Livre;3.91
Spotify;I'm with You;Música;2018;NULL;NULL;folk;Vance Joy;NULL;Livre;4.0
Spotify;I Saw the Light;Música;1972;NULL;NULL;folk;Todd Rundgren;NULL;Livre;3.05
Spotify;I’ll Have to Say I Love You in a Song;Música;1973;NULL;NULL;folk;Jim Croce;NULL;Livre;2.58
Spotify;I Feel the Earth Move;Música;1971;NULL;NULL;folk;Carole King;NULL;Livre;2.98
Spotify;I Got You Babe;Música;1965;NULL;NULL;folk;Sonny & Cher;NULL;Livre;3.17
Spotify;I Get Around (Mono);Música;1964;NULL;NULL;folk;The Beach Boys;NULL;Livre;2.24
Spotify;It Ain't Me Babe;Música;2006;NULL;NULL;folk;Joan Baez;NULL;Livre;3.35
Spotify;Layla;Música;1970;NULL;NULL;folk;Derek & The Dominos;NULL;Livre;7.06
Spotify;I And Love And You;Música;2009;NULL;NULL;folk;The Avett Brothers;NULL;Livre;5.01
Spotify;In Spite of Ourselves;Música;1999;NULL;NULL;folk;John Prine;NULL;Livre;3.56
Spotify;Icky Sticky Bubble Gum;Música;2005;NULL;NULL;folk;David Landau;NULL;Livre;2.14
Spotify;CHIHIRO;Música;2024;NULL;NULL;pop;Billie Eilish;NULL;Livre;5.06
Spotify;Cruel Summer;Música;2019;NULL;NULL;pop;Taylor Swift;NULL;Livre;2.97
Spotify;The Color Violet;Música;2021;NULL;NULL;pop;Tory Lanez;NULL;Livre;3.77
Spotify;Closer;Música;2016;NULL;NULL;pop;The Chainsmokers;NULL;Livre;4.08
Spotify;Circles;Música;2019;NULL;NULL;pop;Post Malone;NULL;Livre;3.59
Spotify;Crazy In Love (feat. JAY-Z);Música;2003;NULL;NULL;pop;Beyoncé;NULL;Livre;3.94
Spotify;California Gurls;Música;2010;NULL;NULL;pop;Katy Perry;NULL;Livre;3.91
Spotify;Clocks;Música;2002;NULL;NULL;pop;Coldplay;NULL;Livre;5.13
Spotify;Classic;Música;2012;NULL;NULL;pop;MKTO;NULL;Livre;2.92
Spotify;Can't Feel My Face;Música;2015;NULL;NULL;pop;The Weeknd;NULL;Livre;3.56
Spotify;Counting Stars;Música;2013;NULL;NULL;pop;OneRepublic;NULL;Livre;4.29
Spotify;Congratulations;Música;2016;NULL;NULL;pop;Post Malone;NULL;18+;3.67
Spotify;Coming Down;Música;2011;NULL;NULL;pop;The Weeknd;NULL;Livre;4.92
Spotify;Call Me Maybe;Música;2012;NULL;NULL;pop;Carly Rae Jepsen;NULL;Livre;3.22
Spotify;Missed Call;Música;2021;NULL;NULL;pop;Treaty Oak Revival;NULL;18+;4.25
Spotify;The Middle;Música;2001;NULL;NULL;pop;Jimmy Eat World;NULL;Livre;2.76
Spotify;Messy;Música;2024;NULL;NULL;pop;Lola Young;NULL;18+;4.73
Spotify;Misery Business;Música;2007;NULL;NULL;pop;Paramore;NULL;Livre;3.53
Spotify;Mr. Jones;Música;1993;NULL;NULL;pop;Counting Crows;NULL;Livre;4.54
Spotify;Maps;Música;2014;NULL;NULL;pop;Maroon 5;NULL;Livre;3.17
Spotify;Maneater;Música;2006;NULL;NULL;pop;Nelly Furtado;NULL;Livre;4.31
Spotify;Meet Me Halfway;Música;2009;NULL;NULL;pop;Black Eyed Peas;NULL;Livre;4.74
Spotify;My Love (feat. T.I.);Música;2006;NULL;NULL;pop;Justin Timberlake;NULL;Livre;4.6
Spotify;"Moves Like Jagger - Studio Recording From ""The Voice"" Performance";Música;2010;NULL;NULL;pop;Maroon 5;NULL;Livre;3.35
Spotify;Master of None;Música;2006;NULL;NULL;pop;Beach House;NULL;Livre;3.32
Spotify;Moonlight;Música;2023;NULL;NULL;pop;Kali Uchis;NULL;Livre;3.13
Spotify;Marry You;Música;2010;NULL;NULL;pop;Bruno Mars;NULL;Livre;3.84
Spotify;Mirrors;Música;2013;NULL;NULL;pop;Justin Timberlake;NULL;Livre;8.07
Spotify;My Boo;Música;2004;NULL;NULL;pop;USHER;NULL;Livre;3.72
Spotify;My House;Música;2015;NULL;NULL;pop;Flo Rida;NULL;Livre;3.2
Spotify;Marvins Room;Música;2011;NULL;NULL;pop;Drake;NULL;18+;5.79
Spotify;Mr. Loverman;Música;2016;NULL;NULL;pop;Ricky Montgomery;NULL;Livre;3.61
Spotify;Gives You Hell;Música;2008;NULL;NULL;metal;The All-American Rejects;NULL;Livre;3.55
Spotify;Granite;Música;2023;NULL;NULL;metal;Sleep Token;NULL;Livre;3.76
Spotify;Glycerine - Remastered;Música;1994;NULL;NULL;metal;Bush;NULL;Livre;4.44
Spotify;Going Under;Música;2003;NULL;NULL;metal;Evanescence;NULL;Livre;3.58
Spotify;Girls Girls Girls;Música;1987;NULL;NULL;metal;Mötley Crüe;NULL;Livre;4.51
Spotify;Got the Life;Música;1998;NULL;NULL;metal;Korn;NULL;18+;3.76
Spotify;Given Up;Música;2007;NULL;NULL;metal;Linkin Park;NULL;18+;3.15
Spotify;Guerrilla Radio;Música;1999;NULL;NULL;metal;Rage Against The Machine;NULL;18+;3.44
Spotify;Gone Away - 1997;Música;1997;NULL;NULL;metal;The Offspring;NULL;Livre;4.48
Spotify;Give It Away;Música;1991;NULL;NULL;metal;Red Hot Chili Peppers;NULL;Livre;4.72
Spotify;Gotta Be Somebody;Música;2008;NULL;NULL;metal;Nickelback;NULL;Livre;4.21
Spotify;Get Stoned;Música;2005;NULL;NULL;metal;Hinder;NULL;Livre;3.64
Spotify;Getting Away With Murder;Música;2004;NULL;NULL;metal;Papa Roach;NULL;Livre;3.19
Spotify;Give;Música;2019;NULL;NULL;metal;Sleep Token;NULL;Livre;3.94
Spotify;Go With The Flow;Música;2002;NULL;NULL;metal;Queens of the Stone Age;NULL;Livre;3.12
Spotify;Gasoline;Música;2019;NULL;NULL;metal;I Prevail;NULL;18+;2.56
Spotify;Gone Away;Música;2017;NULL;NULL;metal;Five Finger Death Punch;NULL;Livre;4.59
Spotify;You're Gonna Go Far Kid;Música;2008;NULL;NULL;metal;The Offspring;NULL;18+;2.96
Spotify;Gasoline;Música;2002;NULL;NULL;metal;Seether;NULL;Livre;2.81
Spotify;Zombie;Música;1994;NULL;NULL;pop;The Cranberries;NULL;Livre;5.11
Spotify;That's What I Like;Música;2016;NULL;NULL;pop;Bruno Mars;NULL;Livre;3.44
Spotify;The Way I Are;Música;2007;NULL;NULL;pop;Timbaland;NULL;Livre;2.99
Spotify;The Kids Aren't Alright;Música;1998;NULL;NULL;pop;The Offspring;NULL;Livre;3.0
Spotify;I Never Lie;Música;2024;NULL;NULL;pop;Zach Top;NULL;Livre;3.75
Spotify;The Reason;Música;2024;NULL;NULL;pop;Hoobastank;NULL;Livre;3.88
Spotify;The Nights;Música;2014;NULL;NULL;pop;Avicii;NULL;Livre;2.94
Spotify;Stay;Música;2017;NULL;NULL;pop;Zedd;NULL;Livre;3.5
Spotify;The Man;Música;2019;NULL;NULL;pop;Taylor Swift;NULL;Livre;3.17
Spotify;the boy is mine;Música;2024;NULL;NULL;pop;Ariana Grande;NULL;18+;2.89
Spotify;The Way;Música;2013;NULL;NULL;pop;Ariana Grande;NULL;Livre;3.78
Spotify;The Weekend - Funk Wav Remix;Música;2017;NULL;NULL;pop;SZA;NULL;Livre;2.86
Spotify;the 1;Música;2020;NULL;NULL;pop;Taylor Swift;NULL;18+;3.5
Spotify;The Winner Takes It All;Música;1980;NULL;NULL;pop;ABBA;NULL;Livre;4.91
Spotify;The Black Dog;Música;2024;NULL;NULL;pop;Taylor Swift;NULL;18+;3.98
Spotify;The Resistance;Música;2010;NULL;NULL;pop;Drake;NULL;18+;3.76
Spotify;The Smallest Man Who Ever Lived;Música;2024;NULL;NULL;pop;Taylor Swift;NULL;18+;4.09
Spotify;The Bolter;Música;2024;NULL;NULL;pop;Taylor Swift;NULL;18+;3.97
Spotify;Follow The Sun;Música;2012;NULL;NULL;folk;Xavier Rudd;NULL;Livre;4.27
Spotify;Xanandra;Música;2012;NULL;NULL;folk;Mägo de Oz;NULL;Livre;4.4
Spotify;Amadeus;Música;2015;NULL;NULL;folk;Family and Friends;NULL;Livre;3.46
Spotify;XO;Música;2016;NULL;NULL;folk;Anna Elizabeth Laube;NULL;Livre;3.93
Spotify;Only;Música;2016;NULL;NULL;folk;RY X;NULL;Livre;4.47
Spotify;Storm Boy;Música;2018;NULL;NULL;folk;Xavier Rudd;NULL;Livre;3.98
Spotify;Spirit Bird;Música;2012;NULL;NULL;folk;Xavier Rudd;NULL;Livre;7.18
Spotify;Come Let Go;Música;2007;NULL;NULL;folk;Xavier Rudd;NULL;Livre;6.83
Spotify;We Deserve To Dream;Música;2022;NULL;NULL;folk;Xavier Rudd;NULL;Livre;5.29
Spotify;Berlin;Música;2016;NULL;NULL;folk;RY X;NULL;Livre;2.9
Spotify;Stoney Creek;Música;2022;NULL;NULL;folk;Xavier Rudd;NULL;18+;4.62
Spotify;Messages;Música;2005;NULL;NULL;folk;Xavier Rudd;NULL;Livre;4.04
Spotify;Better People;Música;2007;NULL;NULL;folk;Xavier Rudd;NULL;Livre;3.09
Spotify;Only - Kaskade x Lipless Remix;Música;2016;NULL;NULL;folk;RY X;NULL;Livre;4.2
Spotify;The Wolves Have Returned;Música;2016;NULL;NULL;folk;Nahko And Medicine For The People;NULL;Livre;6.21
Spotify;Xing;Música;2022;NULL;NULL;folk;Novo Amor;NULL;Livre;1.94
Spotify;You (feat. Hermanos Gutiérrez);Música;2024;NULL;NULL;folk;RY X;NULL;Livre;3.44
Spotify;Let Me Be;Música;2004;NULL;NULL;folk;Xavier Rudd;NULL;Livre;4.23
Spotify;Butterfly;Música;2012;NULL;NULL;folk;Xavier Rudd;NULL;Livre;2.19
Spotify;Howling;Música;2016;NULL;NULL;folk;RY X;NULL;Livre;5.16
Spotify;Chill Bill (feat. J. Davi$ & Spooks);Música;2016;NULL;NULL;trap;Rob $tone;NULL;18+;2.95
Spotify;Come Get Her;Música;2015;NULL;NULL;trap;Rae Sremmurd;NULL;18+;3.55
Spotify;Cinderella;Música;2024;NULL;NULL;trap;Future;NULL;18+;2.83
Spotify;Callaita;Música;2022;NULL;NULL;trap;Bad Bunny;NULL;18+;4.18
Spotify;CLASSY 101;Música;2023;NULL;NULL;trap;Feid;NULL;18+;3.26
Spotify;Close Friends (Lil Baby & Gunna);Música;2018;NULL;NULL;trap;Lil Baby;NULL;18+;3.4
Spotify;CÓMO SE SIENTE - Remix;Música;2020;NULL;NULL;trap;JHAYCO;NULL;18+;3.79
Spotify;Calling My Spirit;Música;2018;NULL;NULL;trap;Kodak Black;NULL;18+;2.53
Spotify;Codeine Crazy;Música;2014;NULL;NULL;trap;Future;NULL;18+;5.78
Spotify;Cuatro Babys (feat. Trap Capos Noriel Bryant Myers & Juhn);Música;2016;NULL;NULL;trap;Maluma;NULL;18+;4.64
Spotify;Coma;Música;2018;NULL;NULL;trap;$uicideboy$;NULL;18+;2.3
Spotify;Coffin;Música;2020;NULL;NULL;trap;Lil Yachty;NULL;18+;1.49
Spotify;Crazy;Música;2014;NULL;NULL;trap;Boosie Badazz;NULL;18+;4.65
Spotify;Can't Hold Me Down;Música;2024;NULL;NULL;trap;Doodles;NULL;18+;3.29
Spotify;Universal Sound;Música;2017;NULL;NULL;indie;Tyler Childers;NULL;Livre;3.69
Spotify;Unknown / Nth;Música;2023;NULL;NULL;indie;Hozier;NULL;Livre;4.67
Spotify;Pumped Up Kicks;Música;2011;NULL;NULL;indie;Foster The People;NULL;Livre;3.99
Spotify;Unstoppable;Música;2017;NULL;NULL;indie;The Score;NULL;Livre;3.2
Spotify;Uneasy Hearts Weigh The Most;Música;2008;NULL;NULL;indie;Dance Gavin Dance;NULL;18+;3.64
Spotify;Used to Be in Love;Música;2017;NULL;NULL;indie;The Jungle Giants;NULL;Livre;3.71
Spotify;Until the Sun Needs to Rise;Música;2016;NULL;NULL;indie;RÜFÜS DU SOL;NULL;Livre;4.87
Spotify;The Underdog;Música;2017;NULL;NULL;indie;Spoon;NULL;Livre;3.7
Spotify;up again;Música;2024;NULL;NULL;indie;mike.;NULL;18+;2.82
Spotify;Untrust Us;Música;2008;NULL;NULL;indie;Crystal Castles;NULL;Livre;3.11
Spotify;R U Mine?;Música;2013;NULL;NULL;indie;Arctic Monkeys;NULL;Livre;3.36
Spotify;Unbelievable;Música;1991;NULL;NULL;indie;EMF;NULL;18+;3.5
Spotify;Underwater;Música;2018;NULL;NULL;indie;RÜFÜS DU SOL;NULL;Livre;5.82
Spotify;Uncle ACE;Música;2013;NULL;NULL;indie;Blood Orange;NULL;Livre;4.28
Spotify;Underdressed at the Symphony;Música;2024;NULL;NULL;indie;Faye Webster;NULL;Livre;3.56
Spotify;Unbelievers;Música;2013;NULL;NULL;indie;Vampire Weekend;NULL;Livre;3.38
Spotify;Uncomfortable;Música;2017;NULL;NULL;indie;Wallows;NULL;Livre;4.9
Spotify;Kryptonite;Música;2000;NULL;NULL;metal;3 Doors Down;NULL;Livre;3.9
Spotify;Kickstart My Heart;Música;1989;NULL;NULL;metal;Mötley Crüe;NULL;Livre;4.71
Spotify;Killing In The Name;Música;1992;NULL;NULL;metal;Rage Against The Machine;NULL;18+;5.23
Spotify;Knockin' On Heaven's Door;Música;1991;NULL;NULL;metal;Guns N' Roses;NULL;Livre;5.6
Spotify;Keep on Loving You;Música;1980;NULL;NULL;metal;REO Speedwagon;NULL;Livre;3.34
Spotify;Coming Undone;Música;2005;NULL;NULL;metal;Korn;NULL;Livre;3.33
Spotify;Kingslayer (feat. BABYMETAL);Música;2020;NULL;NULL;metal;Bring Me The Horizon;NULL;18+;3.67
Spotify;Killing Me Slowly;Música;2019;NULL;NULL;metal;Bad Wolves;NULL;Livre;3.95
Spotify;Click Click Boom;Música;2001;NULL;NULL;metal;Saliva;NULL;Livre;4.21
Spotify;Closer;Música;1994;NULL;NULL;metal;Nine Inch Nails;NULL;18+;6.22
Spotify;You Give Love A Bad Name;Música;1986;NULL;NULL;metal;Bon Jovi;NULL;Livre;3.71
Spotify;Knife Prty;Música;2000;NULL;NULL;metal;Deftones;NULL;Livre;4.82
Spotify;King Nothing;Música;1996;NULL;NULL;metal;Metallica;NULL;Livre;5.47
Spotify;Kimdracula;Música;2006;NULL;NULL;metal;Deftones;NULL;Livre;3.24
Spotify;Kill The Noise;Música;2022;NULL;NULL;metal;Papa Roach;NULL;18+;3.14
Spotify;Crazy On You;Música;1975;NULL;NULL;metal;Heart;NULL;Livre;4.89
Spotify;Kool-Aid;Música;2024;NULL;NULL;metal;Bring Me The Horizon;NULL;18+;3.81
Spotify;Control;Música;2001;NULL;NULL;metal;Puddle Of Mudd;NULL;18+;3.83
Spotify;Red Wine Supernova;Música;2023;NULL;NULL;indie;Chappell Roan;NULL;18+;3.21
Spotify;rises the moon;Música;2019;NULL;NULL;indie;Liana Flores;NULL;Livre;2.7
Spotify;Ride;Música;2015;NULL;NULL;indie;Twenty One Pilots;NULL;Livre;3.58
Spotify;Real Love Baby;Música;2016;NULL;NULL;indie;Father John Misty;NULL;Livre;3.15
Spotify;Real Man;Música;2024;NULL;NULL;indie;beabadoobee;NULL;Livre;2.68
Spotify;Run Your Mouth;Música;2024;NULL;NULL;indie;The Marías;NULL;Livre;2.67
Spotify;River;Música;2015;NULL;NULL;indie;Leon Bridges;NULL;Livre;4.0
Spotify;Rosyln;Música;2009;NULL;NULL;indie;Bon Iver;NULL;Livre;4.83
Spotify;Rosemary;Música;2012;NULL;NULL;indie;Deftones;NULL;Livre;6.89
Spotify;Right Side of My Neck;Música;2019;NULL;NULL;indie;Faye Webster;NULL;Livre;2.56
Spotify;Romantic Lover;Música;2020;NULL;NULL;indie;Eyedress;NULL;Livre;1.45
Spotify;Real Life;Música;2024;NULL;NULL;indie;The Marías;NULL;Livre;3.45
Spotify;ROXANNE;Música;2019;NULL;NULL;indie;Arizona Zervas;NULL;18+;2.73
Spotify;Remember When;Música;2019;NULL;NULL;indie;Wallows;NULL;Livre;2.59
Spotify;Lovers Rock;Música;2014;NULL;NULL;indie;TV Girl;NULL;Livre;3.57
Spotify;Losing My Religion;Música;1991;NULL;NULL;indie;R.E.M.;NULL;Livre;4.47
Spotify;Race;Música;2010;NULL;NULL;indie;Alex G;NULL;18+;3.72
Spotify;Risk;Música;2008;NULL;NULL;indie;Deftones;NULL;Livre;3.65
Spotify;Rock Salt and Nails (Live);Música;2018;NULL;NULL;indie;Tyler Childers;NULL;Livre;3.25
Spotify;Una Noche en Medellín;Música;2022;NULL;NULL;trap;Cris Mj;NULL;18+;2.56
Spotify;Un Coco;Música;2022;NULL;NULL;trap;Bad Bunny;NULL;18+;3.27
Spotify;Ugliest;Música;2021;NULL;NULL;trap;$uicideboy$;NULL;18+;2.97
Spotify;Un Ratito;Música;2022;NULL;NULL;trap;Bad Bunny;NULL;18+;2.95
Spotify;U My Everything (feat. Drake);Música;2024;NULL;NULL;trap;Sexyy Red;NULL;18+;3.75
Spotify;UN PESO;Música;2019;NULL;NULL;trap;J Balvin;NULL;Livre;4.62
Spotify;U Played (feat. Lil Baby);Música;2020;NULL;NULL;trap;Moneybagg Yo;NULL;18+;2.75
Spotify;Unbothered;Música;2018;NULL;NULL;trap;Ski Mask The Slump God;NULL;18+;2.31
Spotify;Una Vez;Música;2020;NULL;NULL;trap;Bad Bunny;NULL;18+;3.87
Spotify;Uproar;Música;2018;NULL;NULL;trap;Lil Wayne;NULL;18+;3.24
Spotify;Buy U a Drank (Shawty Snappin') (feat. Yung Joc);Música;2007;NULL;NULL;trap;T-Pain;NULL;Livre;3.8
Spotify;Us Vs. Them;Música;2024;NULL;NULL;trap;$uicideboy$;NULL;18+;3.08
Spotify;U.O.E.N.O. (feat. Rick Ross Future);Música;2013;NULL;NULL;trap;Rocko;NULL;18+;4.34
Spotify;Ugly;Música;2015;NULL;NULL;trap;$uicideboy$;NULL;18+;2.58
Spotify;Unexplainable;Música;2017;NULL;NULL;trap;Kodak Black;NULL;18+;2.52
Spotify;Love Me Not;Música;2024;NULL;NULL;indie;Ravyn Lenae;NULL;Livre;3.56
Spotify;Let Down;Música;1997;NULL;NULL;indie;Radiohead;NULL;Livre;4.99
Spotify;Lady May;Música;2017;NULL;NULL;indie;Tyler Childers;NULL;Livre;3.06
Spotify;Love Me Not (feat. Rex Orange County);Música;2024;NULL;NULL;indie;Ravyn Lenae;NULL;Livre;3.14
Spotify;Looking Out for You;Música;2016;NULL;NULL;indie;Joy Again;NULL;Livre;2.99
Spotify;Lil Boo Thang;Música;2023;NULL;NULL;indie;Paul Russell;NULL;Livre;1.9
Spotify;Lady Killers II;Música;2024;NULL;NULL;indie;G-Eazy;NULL;18+;4.96
Spotify;Latch;Música;2013;NULL;NULL;indie;Disclosure;NULL;Livre;4.26
Spotify;Lejos de Ti;Música;2024;NULL;NULL;indie;The Marías;NULL;Livre;2.99
Spotify;Like Real People Do;Música;2014;NULL;NULL;indie;Hozier;NULL;Livre;3.3
Spotify;Loving Machine;Música;2016;NULL;NULL;indie;TV Girl;NULL;Livre;3.78
Spotify;Little Dark Age;Música;2018;NULL;NULL;indie;MGMT;NULL;Livre;5.0
Spotify;Linger - SiriusXM Session;Música;2024;NULL;NULL;indie;Royel Otis;NULL;Livre;3.1
Spotify;Look At That Woman;Música;2024;NULL;NULL;indie;ROLE MODEL;NULL;Livre;2.72
Spotify;Let Me Down Slowly;Música;2018;NULL;NULL;indie;Alec Benjamin;NULL;Livre;2.82
Spotify;One Kiss (with Dua Lipa);Música;2018;NULL;NULL;edm;Calvin Harris;NULL;Livre;3.58
Spotify;Cold Water;Música;2016;NULL;NULL;edm;Major Lazer;NULL;Livre;3.09
Spotify;Know No Better;Música;2018;NULL;NULL;edm;Major Lazer;NULL;18+;3.76
Spotify;Kyle (i found you);Música;2021;NULL;NULL;edm;Fred again..;NULL;Livre;3.27
Spotify;One Thing Right;Música;2019;NULL;NULL;edm;Marshmello;NULL;Livre;3.03
Spotify;First Time;Música;2017;NULL;NULL;edm;Kygo;NULL;Livre;3.23
Spotify;Silence;Música;2017;NULL;NULL;edm;Marshmello;NULL;Livre;3.01
Spotify;Kids (feat. MKLA);Música;2020;NULL;NULL;edm;KSHMR;NULL;Livre;3.08
Spotify;Keep It Mello (feat. Omar LinX);Música;2016;NULL;NULL;edm;Marshmello;NULL;18+;4.06
Spotify;Kyoto (feat. Sirah);Música;2011;NULL;NULL;edm;Skrillex;NULL;18+;3.35
Spotify;It Ain’t Me (with Selena Gomez);Música;2017;NULL;NULL;edm;Kygo;NULL;Livre;3.68
Spotify;Summer;Música;2014;NULL;NULL;edm;Calvin Harris;NULL;Livre;3.71
Spotify;The Hop;Música;1996;NULL;NULL;hip hop;A Tribe Called Quest;NULL;18+;3.46
Spotify;The Hopeless Romantic (feat. Action Bronson);Música;2018;NULL;NULL;hip hop;The Alchemist;NULL;18+;2.79
Spotify;ALIVE EVEN WHEN I DIE;Música;2023;NULL;NULL;hip hop;Night Lovell;NULL;18+;2.37
Spotify;Arrival;Música;2023;NULL;NULL;hip hop;Hopsin;NULL;18+;1.8
Spotify;"Achacho - From ""Aranmanai 4""";Música;2024;NULL;NULL;hip hop;Hiphop Tamizha;NULL;Livre;3.22
Spotify;Am I a Psycho? (feat. B.o.B. and Hopsin);Música;2011;NULL;NULL;hip hop;Tech N9ne;NULL;18+;4.07
Spotify;Be11a Ciao;Música;2021;NULL;NULL;hip hop;Hopsin;NULL;18+;4.06
Spotify;Hope You Niggas Sleep (feat. Hot Boys & Big Tmer) - 2005 Remaster;Música;1999;NULL;NULL;hip hop;The Notorious B.I.G.;NULL;18+;4.17
Spotify;Oysters In My Pocket;Música;2022;NULL;NULL;indie;Royel Otis;NULL;Livre;2.71
Spotify;Oblivion;Música;2012;NULL;NULL;indie;Grimes;NULL;Livre;4.19
Spotify;Over the Moon;Música;2018;NULL;NULL;indie;The Marías;NULL;Livre;3.05
Spotify;Only in My Dreams;Música;2017;NULL;NULL;indie;The Marías;NULL;Livre;2.85
Spotify;Ode to a Conversation Stuck in Your Throat;Música;2021;NULL;NULL;indie;Del Water Gap;NULL;18+;3.32
Spotify;One More Love Song;Música;2017;NULL;NULL;indie;Mac DeMarco;NULL;Livre;4.02
Spotify;Oh No!;Música;2009;NULL;NULL;indie;MARINA;NULL;Livre;3.04
Spotify;End of Beginning;Música;2022;NULL;NULL;indie;Djo;NULL;Livre;2.65
Spotify;Outro;Música;2011;NULL;NULL;indie;M83;NULL;Livre;4.12
Spotify;The Other Side Of Paradise;Música;2016;NULL;NULL;indie;Glass Animals;NULL;18+;5.34
Spotify;On My Knees;Música;2021;NULL;NULL;indie;RÜFÜS DU SOL;NULL;Livre;4.35
Spotify;On the Level;Música;2017;NULL;NULL;indie;Mac DeMarco;NULL;Livre;3.79
Spotify;Ohio Is For Lovers;Música;2004;NULL;NULL;indie;Hawthorne Heights;NULL;Livre;4.07
Spotify;Over & Over;Música;2023;NULL;NULL;indie;Rio Romeo;NULL;18+;1.67
Spotify;Nose On The Grindstone (OurVinyl Sessions);Música;2017;NULL;NULL;indie;Tyler Childers;NULL;18+;3.4
Spotify;Virtual Diva;Música;2009;NULL;NULL;trap;Don Omar;NULL;Livre;3.99
Spotify;Vaina Loca;Música;2018;NULL;NULL;trap;Ozuna;NULL;Livre;2.94
Spotify;Vuelve;Música;2017;NULL;NULL;trap;Daddy Yankee;NULL;Livre;4.66
Spotify;Venom;Música;2017;NULL;NULL;trap;$uicideboy$;NULL;18+;2.05
Spotify;Vete;Música;2020;NULL;NULL;trap;Bad Bunny;NULL;18+;3.2
Spotify;Void;Música;2018;NULL;NULL;trap;Pouya;NULL;18+;3.84
Spotify;Volando - Remix;Música;2021;NULL;NULL;trap;Mora;NULL;18+;4.56
Spotify;No Hands (feat. Roscoe Dash & Wale);Música;2010;NULL;NULL;trap;Waka Flocka Flame;NULL;18+;4.4
Spotify;VIBEZ;Música;2019;NULL;NULL;trap;DaBaby;NULL;18+;2.42
Spotify;Vacile;Música;2022;NULL;NULL;trap;Yan Block;NULL;18+;2.34
Spotify;Valentine;Música;2019;NULL;NULL;trap;YK Osiris;NULL;Livre;3.45
Spotify;Victory Lap (feat. Stacy Barthe);Música;2018;NULL;NULL;trap;Nipsey Hussle;NULL;18+;3.97
Spotify;VOLVER;Música;2023;NULL;NULL;trap;Tainy;NULL;18+;3.1
Spotify;Venom;Música;2016;NULL;NULL;trap;Ghostemane;NULL;18+;2.24
Spotify;Tunnel Vision;Música;2017;NULL;NULL;trap;Kodak Black;NULL;18+;4.47
Spotify;Volare;Música;2022;NULL;NULL;trap;Danny Ocean;NULL;Livre;2.46
Spotify;Verte Ir;Música;2019;NULL;NULL;trap;DJ Luian;NULL;Livre;4.46
Spotify;VVS Switch (feat. Luar La L & CDobleta) - Remix;Música;2024;NULL;NULL;trap;Pressure 9X19;NULL;18+;9.25
Spotify;The Weight - Remastered 2000;Música;1968;NULL;NULL;folk;The Band;NULL;Livre;4.57
Spotify;Ho Hey;Música;2012;NULL;NULL;folk;The Lumineers;NULL;Livre;2.72
Spotify;Time of the Season - Mono Version;Música;1968;NULL;NULL;folk;The Zombies;NULL;Livre;3.57
Spotify;Stubborn Love;Música;2012;NULL;NULL;folk;The Lumineers;NULL;Livre;4.65
Spotify;Live And Let Die - 2018 Remaster;Música;1973;NULL;NULL;folk;Wings;NULL;Livre;3.21
Spotify;That'll Be The Day;Música;1958;NULL;NULL;folk;Buddy Holly;NULL;Livre;2.5
Spotify;Sleep On The Floor;Música;2016;NULL;NULL;folk;The Lumineers;NULL;Livre;3.53
Spotify;Good Vibrations - Remastered 2001;Música;1967;NULL;NULL;folk;The Beach Boys;NULL;Livre;3.65
Spotify;Kokomo;Música;2003;NULL;NULL;folk;The Beach Boys;NULL;Livre;3.63
Spotify;Wouldn't It Be Nice;Música;1966;NULL;NULL;folk;The Beach Boys;NULL;Livre;2.55
Spotify;She's Not There;Música;1965;NULL;NULL;folk;The Zombies;NULL;Livre;2.44
Spotify;Angela;Música;2016;NULL;NULL;folk;The Lumineers;NULL;Livre;3.36
Spotify;Surfin' U.S.A. - Remastered 2001;Música;1963;NULL;NULL;folk;The Beach Boys;NULL;Livre;2.49
Spotify;Another Story;Música;2013;NULL;NULL;folk;The Head And The Heart;NULL;Livre;4.57
Spotify;Lola (2020 Stereo Remaster);Música;1970;NULL;NULL;folk;The Kinks;NULL;Livre;4.03
Spotify;Gloria;Música;2019;NULL;NULL;folk;The Lumineers;NULL;Livre;3.6
Spotify;Hip Hop Hooray;Música;1993;NULL;NULL;hip hop;Naughty By Nature;NULL;Livre;4.45
Spotify;Hip-Hop;Música;2000;NULL;NULL;hip hop;Dead Prez;NULL;18+;3.57
Spotify;Hip Hop;Música;1999;NULL;NULL;hip hop;Mos Def;NULL;18+;3.27
Spotify;Pachelbel: Canon and Gigue in D Major: Canon;Música;2023;NULL;NULL;classical;Johann Pachelbel;NULL;Livre;5.01
Spotify;Préludes / Book 2 L. 123: 5. Bruyères - Home Session;Música;2020;NULL;NULL;classical;Claude Debussy;NULL;Livre;3.6
Spotify;Piano Concerto No. 21 in C Major K. 467: II. Andante;Música;1995;NULL;NULL;classical;Wolfgang Amadeus Mozart;NULL;Livre;7.23
Spotify;Piano Concerto No. 2 in C Minor Op. 18: 2. Adagio sostenuto;Música;2012;NULL;NULL;classical;Sergei Rachmaninoff;NULL;Livre;10.74
Spotify;Peer Gynt Suite No. 1 Op. 46: I. Morning Mood;Música;1993;NULL;NULL;classical;Edvard Grieg;NULL;Livre;4.22
Spotify;Prélude in E minor Op. 28 No. 4;Música;2002;NULL;NULL;classical;Frédéric Chopin;NULL;Livre;2.45
Spotify;Prelude in G Major;Música;2019;NULL;NULL;classical;Víkingur Ólafsson;NULL;Livre;3.91
Spotify;Primavera;Música;2006;NULL;NULL;classical;Ludovico Einaudi;NULL;Livre;7.37
Spotify;Prokofiev: Romeo and Juliet Op. 64 Act 1: Dance of the Knights;Música;1973;NULL;NULL;classical;Sergei Prokofiev;NULL;Livre;5.69
Spotify;Palladio: I. Allegretto;Música;2008;NULL;NULL;classical;Karl Jenkins;NULL;Livre;3.78
Spotify;Paganini: 24 Caprices Op. 1: No. 24 in A Minor;Música;2000;NULL;NULL;classical;Niccolò Paganini;NULL;Livre;4.48
Spotify;"Piano Sonata No. 14 in C-Sharp Minor Op. 27 No. 2 ""Moonlight Sonata"": I. Adagio sostenuto";Música;1984;NULL;NULL;classical;Ludwig van Beethoven;NULL;Livre;6.72
Spotify;Préludes Book 1: VIII. La Fille Aux Cheveux de Lin;Música;2024;NULL;NULL;classical;Claude Debussy;NULL;Livre;2.77
Spotify;PROLOGUE (Quasi Niente from Piano Sonata No. 1 in F Minor Op. 6: IV. Funebre) - Upright Version;Música;2024;NULL;NULL;classical;Alexander Scriabin;NULL;Livre;1.51
Spotify;Piano Concerto in A minor Op. 16: II. Adagio - Live;Música;2016;NULL;NULL;classical;Edvard Grieg;NULL;Livre;6.64
Spotify;Piano Concerto in G Major M. 83: II. Adagio assai;Música;1998;NULL;NULL;classical;Maurice Ravel;NULL;Livre;9.38
Spotify;Piano Concerto in A Minor Op. 7: II. Romanze. Andante non troppo con grazia;Música;2024;NULL;NULL;classical;Clara Schumann;NULL;Livre;5.04
Spotify;Petite suite: I. En bateau (arr. H. Busser for orchestra): I. En bateau;Música;2011;NULL;NULL;classical;Claude Debussy;NULL;Livre;3.8
Spotify;Poulenc: Cello Sonata FP 143: II. Cavatine;Música;2002;NULL;NULL;classical;Francis Poulenc;NULL;Livre;6.44
Spotify;Mask Off;Música;2017;NULL;NULL;trap;Future;NULL;18+;3.41
Spotify;Moscow Mule;Música;2022;NULL;NULL;trap;Bad Bunny;NULL;18+;4.1
Spotify;Me Porto Bonito;Música;2022;NULL;NULL;trap;Bad Bunny;NULL;18+;2.98
Spotify;My Shit;Música;2016;NULL;NULL;trap;A Boogie Wit da Hoodie;NULL;18+;2.14
Spotify;My Flaws Burn Through My Skin Like Demonic Flames from Hell;Música;2015;NULL;NULL;trap;$uicideboy$;NULL;18+;2.79
Spotify;Matte Black;Música;2022;NULL;NULL;trap;$uicideboy$;NULL;18+;3.97
Spotify;Money Longer;Música;2016;NULL;NULL;trap;Lil Uzi Vert;NULL;18+;3.32
Spotify;Mo Bamba;Música;2018;NULL;NULL;trap;Sheck Wes;NULL;18+;3.07
Spotify;Mr. Glock;Música;2020;NULL;NULL;trap;Key Glock;NULL;18+;2.45
Spotify;MOJABI GHOST;Música;2023;NULL;NULL;trap;Tainy;NULL;18+;3.87
Spotify;MONACO;Música;2023;NULL;NULL;trap;Bad Bunny;NULL;18+;4.45
Spotify;Mamushi (feat. Yuki Chiba);Música;2024;NULL;NULL;trap;Megan Thee Stallion;NULL;18+;2.62
Spotify;My Way (feat. Monty);Música;2015;NULL;NULL;trap;Fetty Wap;NULL;18+;3.55
Spotify;Miss The Rage;Música;2021;NULL;NULL;trap;Trippie Redd;NULL;18+;3.95
Spotify;Me Rehúso;Música;2019;NULL;NULL;trap;Danny Ocean;NULL;Livre;3.43
Spotify;Me Vs Me;Música;2020;NULL;NULL;trap;Moneybagg Yo;NULL;18+;3.06
Spotify;Mrs. Officer;Música;2008;NULL;NULL;trap;Lil Wayne;NULL;18+;4.78
Spotify;MIA;Música;2018;NULL;NULL;trap;Bad Bunny;NULL;Livre;3.51
Spotify;Mona Lisa (feat. Kendrick Lamar);Música;2018;NULL;NULL;trap;Lil Wayne;NULL;18+;5.4
Spotify;Vienna;Música;1977;NULL;NULL;rock;Billy Joel;NULL;Livre;3.57
Spotify;Ventura Highway;Música;1972;NULL;NULL;rock;America;NULL;Livre;3.53
Spotify;Violent Pornography;Música;2005;NULL;NULL;rock;System Of A Down;NULL;18+;3.52
Spotify;Veridis Quo;Música;2001;NULL;NULL;rock;Daft Punk;NULL;Livre;5.75
Spotify;Valerie;Música;1982;NULL;NULL;rock;Steve Winwood;NULL;Livre;4.11
Spotify;Riptide;Música;2014;NULL;NULL;rock;Vance Joy;NULL;Livre;3.4
Spotify;Vermilion Pt. 2;Música;2004;NULL;NULL;rock;Slipknot;NULL;Livre;3.74
Spotify;Vincent;Música;1971;NULL;NULL;rock;Don McLean;NULL;Livre;4.06
Spotify;Brown Eyed Girl;Música;1967;NULL;NULL;rock;Van Morrison;NULL;Livre;3.06
Spotify;The Vengeful One;Música;2015;NULL;NULL;rock;Disturbed;NULL;Livre;4.2
Spotify;Vicinity Of Obscenity;Música;2005;NULL;NULL;rock;System Of A Down;NULL;Livre;2.86
Spotify;You're So Vain;Música;1972;NULL;NULL;rock;Carly Simon;NULL;Livre;4.31
Spotify;Void;Música;2018;NULL;NULL;rock;The Neighbourhood;NULL;Livre;3.39
Spotify;Viento;Música;1988;NULL;NULL;rock;Caifanes;NULL;Livre;3.94
Spotify;Duality;Música;2004;NULL;NULL;rock;Slipknot;NULL;Livre;4.21
Spotify;Ain't Talkin' 'Bout Love - 2015 Remaster;Música;1978;NULL;NULL;rock;Van Halen;NULL;Livre;3.8
Spotify;Vivir Sin Aire;Música;1992;NULL;NULL;rock;Maná;NULL;Livre;4.86
Spotify;Happier;Música;2018;NULL;NULL;edm;Marshmello;NULL;Livre;3.57
Spotify;Heartbroken (feat. Jessie Murph & Polo G);Música;2023;NULL;NULL;edm;Diplo;NULL;Livre;3.41
Spotify;Hey Brother;Música;2013;NULL;NULL;edm;Avicii;NULL;Livre;4.25
Spotify;Hello (feat. Dragonette);Música;2010;NULL;NULL;edm;Martin Solveig;NULL;Livre;3.19
Spotify;Higher Love;Música;2020;NULL;NULL;edm;Kygo;NULL;Livre;3.8
Spotify;Heaven Takes You Home (feat. Connie Constance);Música;2022;NULL;NULL;edm;Swedish House Mafia;NULL;Livre;3.57
Spotify;Heroes (we could be);Música;2015;NULL;NULL;edm;Alesso;NULL;Livre;3.5
Spotify;How Deep Is Your Love;Música;2015;NULL;NULL;edm;Calvin Harris;NULL;Livre;3.54
Spotify;Hey Mama (feat. Nicki Minaj Bebe Rexha & Afrojack);Música;2014;NULL;NULL;edm;David Guetta;NULL;Livre;3.21
Spotify;High You Are (Branchez Remix);Música;2013;NULL;NULL;edm;What So Not;NULL;Livre;3.56
Spotify;HUMBLE. - SKRILLEX REMIX;Música;2017;NULL;NULL;edm;Skrillex;NULL;18+;2.61
Spotify;Hot In It (feat. Charli XCX);Música;2023;NULL;NULL;edm;Tiësto;NULL;Livre;2.16
Spotify;Help Me Lose My Mind;Música;2013;NULL;NULL;edm;Disclosure;NULL;Livre;4.07
Spotify;Again;Música;2015;NULL;NULL;trap;Fetty Wap;NULL;18+;5.2
Spotify;Antarctica;Música;2016;NULL;NULL;trap;$uicideboy$;NULL;18+;2.11
Spotify;Azul;Música;2020;NULL;NULL;trap;J Balvin;NULL;Livre;3.43
Spotify;Avalon;Música;2021;NULL;NULL;trap;$uicideboy$;NULL;18+;2.35
Spotify;A Cold Sunday;Música;2024;NULL;NULL;trap;Lil Yachty;NULL;18+;1.79
Spotify;Already;Música;2015;NULL;NULL;trap;Kodak Black;NULL;18+;4.03
Spotify;A Milli;Música;2008;NULL;NULL;trap;Lil Wayne;NULL;18+;3.7
Spotify;Amanece;Música;2018;NULL;NULL;trap;Anuel AA;NULL;Livre;3.17
Spotify;Aston Martin Music;Música;2010;NULL;NULL;trap;Rick Ross;NULL;18+;4.51
Spotify;All That Glitters Is Not Gold but It's Still Damn Beautiful;Música;2016;NULL;NULL;trap;$uicideboy$;NULL;18+;2.3
Spotify;About Damn Time;Música;2022;NULL;NULL;trap;Lizzo;NULL;18+;3.2
Spotify;...And to Those I Love Thanks for Sticking Around;Música;2020;NULL;NULL;trap;$uicideboy$;NULL;18+;2.81
Spotify;Adicto (with Anuel AA & Ozuna);Música;2019;NULL;NULL;trap;Tainy;NULL;Livre;4.51
Spotify;Ambition For Cash;Música;2021;NULL;NULL;trap;Key Glock;NULL;18+;2.39
Spotify;Andrea;Música;2022;NULL;NULL;trap;Bad Bunny;NULL;18+;5.66
Spotify;ADIVINO;Música;2024;NULL;NULL;trap;Myke Towers;NULL;18+;4.64
Spotify;All Eyes on You (feat. Chris Brown & Nicki Minaj);Música;2015;NULL;NULL;trap;Meek Mill;NULL;18+;3.73
Spotify;Ay Vamos;Música;2014;NULL;NULL;trap;J Balvin;NULL;Livre;3.77
Spotify;And This is Just The Intro;Música;2021;NULL;NULL;trap;Tory Lanez;NULL;18+;5.45
Spotify;Bad At Love;Música;2017;NULL;NULL;indie;Halsey;NULL;Livre;3.02
Spotify;Brazil;Música;2017;NULL;NULL;indie;Declan McKenna;NULL;Livre;4.21
Spotify;Babydoll;Música;2018;NULL;NULL;indie;Dominic Fike;NULL;Livre;1.63
Spotify;Blue Hair;Música;2018;NULL;NULL;indie;TV Girl;NULL;Livre;3.62
Spotify;Bags;Música;2019;NULL;NULL;indie;Clairo;NULL;Livre;4.34
Spotify;Be Quiet and Drive (Far Away);Música;1997;NULL;NULL;indie;Deftones;NULL;Livre;5.0
Spotify;Bang!;Música;2021;NULL;NULL;indie;AJR;NULL;Livre;2.85
Spotify;Beaches;Música;2024;NULL;NULL;indie;beabadoobee;NULL;Livre;3.83
Spotify;Better in the Dark;Música;2021;NULL;NULL;indie;Jordana;NULL;Livre;2.59
Spotify;Beggin';Música;2017;NULL;NULL;indie;Måneskin;NULL;Livre;3.53
Spotify;Bloom - Bonus Track;Música;2013;NULL;NULL;indie;The Paper Kites;NULL;Livre;3.5
Spotify;By and By;Música;2019;NULL;NULL;indie;Caamp;NULL;Livre;4.68
Spotify;Big Black Car;Música;2009;NULL;NULL;indie;Gregory Alan Isakov;NULL;Livre;3.62
Spotify;Burn The House Down;Música;2018;NULL;NULL;indie;AJR;NULL;18+;3.54
Spotify;Breezeblocks;Música;2012;NULL;NULL;indie;alt-J;NULL;Livre;3.78
Spotify;Beyond;Música;2018;NULL;NULL;indie;Leon Bridges;NULL;Livre;4.01
Spotify;Bulletproof;Música;2009;NULL;NULL;indie;La Roux;NULL;Livre;3.43
Spotify;Bubblegum Bitch;Música;2012;NULL;NULL;indie;MARINA;NULL;18+;2.58
Spotify;XO Tour Llif3;Música;2017;NULL;NULL;trap;Lil Uzi Vert;NULL;18+;3.05
Spotify;X (feat. Maluma & Ozuna) - Remix;Música;2018;NULL;NULL;trap;Nicky Jam;NULL;Livre;3.93
Spotify;X;Música;2019;NULL;NULL;trap;Nicky Jam;NULL;Livre;2.88
Spotify;X (with 2 Chainz & Saudi);Música;2018;NULL;NULL;trap;ScHoolboy Q;NULL;18+;4.46
Spotify;Roll in Peace (feat. XXXTENTACION);Música;2017;NULL;NULL;trap;Kodak Black;NULL;18+;3.55
Spotify;X-Wing;Música;2022;NULL;NULL;trap;Denzel Curry;NULL;18+;2.93
Spotify;Xho Sex;Música;2024;NULL;NULL;trap;Hunxho;NULL;18+;3.21
Spotify;x2;Música;2023;NULL;NULL;trap;Lil Uzi Vert;NULL;18+;3.91
Spotify;X ÚLTIMA VEZ;Música;2022;NULL;NULL;trap;Daddy Yankee;NULL;18+;3.21
Spotify;Morning Dew;Música;2018;NULL;NULL;trap;Xavier Wulf;NULL;18+;3.22
Spotify;Xanny Family;Música;2016;NULL;NULL;trap;Future;NULL;18+;3.1
Spotify;X;Música;2017;NULL;NULL;trap;Lil Uzi Vert;NULL;18+;2.9
Spotify;Smoke;Música;2013;NULL;NULL;trap;Xavier Wulf;NULL;18+;4.25
Spotify;XLR;Música;2017;NULL;NULL;trap;BONES;NULL;18+;3.18
Spotify;Si Estuviésemos Juntos;Música;2018;NULL;NULL;trap;Bad Bunny;NULL;18+;2.82
Spotify;La Romana;Música;2018;NULL;NULL;trap;Bad Bunny;NULL;18+;5.01
Spotify;Scared of the Dark (feat. XXXTENTACION);Música;2018;NULL;NULL;trap;Lil Wayne;NULL;Livre;3.88
Spotify;Duvet;Música;2001;NULL;NULL;indie;bôa;NULL;Livre;3.39
Spotify;Do I Wanna Know?;Música;2013;NULL;NULL;indie;Arctic Monkeys;NULL;Livre;4.54
Spotify;Dial Drunk (with Post Malone);Música;2023;NULL;NULL;indie;Noah Kahan;NULL;18+;3.56
Spotify;Do I Wanna Know? - BBC Live Lounge;Música;2014;NULL;NULL;indie;Hozier;NULL;Livre;4.3
