Spotify PT;Let's Groove;Música;1981;NULL;NULL;jazz;Earth Wind & Fire;NULL;Livre;5.66
Spotify PT;L-O-V-E;Música;1965;NULL;NULL;jazz;Nat King Cole;NULL;Livre;2.59
Spotify PT;La vie en rose - Single Version;Música;1952;NULL;NULL;jazz;Louis Armstrong;NULL;Livre;3.4
Spotify PT;The Look Of Love;Música;2001;NULL;NULL;jazz;Diana Krall;NULL;Livre;4.7
Spotify PT;Let's Fall In Love;Música;1999;NULL;NULL;jazz;Diana Krall;NULL;Livre;4.32
Spotify PT;The Lady in Red;Música;2019;NULL;NULL;jazz;The Cooltrane Quartet;NULL;Livre;3.78
Spotify PT;La vie en rose;Música;2013;NULL;NULL;jazz;Zaz;NULL;Livre;3.85
Spotify PT;Luiza;Música;1987;NULL;NULL;jazz;Antônio Carlos Jobim;NULL;Livre;2.53
Spotify PT;Les eaux de mars;Música;2010;NULL;NULL;jazz;Stacey Kent;NULL;Livre;3.64
Spotify PT;At Last;Música;1960;NULL;NULL;jazz;Etta James;NULL;Livre;2.99
Spotify PT;Lone Digger;Música;2015;NULL;NULL;jazz;Caravan Palace;NULL;Livre;3.83
Spotify PT;Love Me Or Leave Me;Música;1966;NULL;NULL;jazz;Nina Simone;NULL;Livre;4.08
Spotify PT;Lady Brown (feat. Cise Starr from CYNE);Música;2003;NULL;NULL;jazz;Nujabes;NULL;Livre;3.32
Spotify PT;Love Will Tear Us Apart;Música;2004;NULL;NULL;jazz;Nouvelle Vague;NULL;Livre;3.3
Spotify PT;Luv (sic);Música;2015;NULL;NULL;jazz;Nujabes;NULL;Livre;4.77
Spotify PT;Luv(sic.) pt3 (feat. Shing02);Música;2005;NULL;NULL;jazz;Nujabes;NULL;Livre;5.61
Spotify PT;The Lamp Is Low;Música;1969;NULL;NULL;jazz;Laurindo Almeida;NULL;Livre;2.85
Spotify PT;L-O-V-E;Música;2017;NULL;NULL;jazz;Gregory Porter;NULL;Livre;2.14
Spotify PT;Like a Virgin;Música;2014;NULL;NULL;jazz;The Cooltrane Quartet;NULL;Livre;4.12
Spotify PT;Loungin';Música;1993;NULL;NULL;jazz;Guru;NULL;Livre;4.66
Spotify PT;Sentir o Sol;Música;2017;NULL;NULL;folk;Os Quatro e Meia;NULL;Livre;3.79
Spotify PT;Sabes Bem;Música;2020;NULL;NULL;folk;Os Quatro e Meia;NULL;Livre;3.53
Spotify PT;Sweet Heat Lightning;Música;2023;NULL;NULL;folk;Gregory Alan Isakov;NULL;Livre;4.77
Spotify PT;State Lines;Música;2018;NULL;NULL;folk;Novo Amor;NULL;Livre;3.48
Spotify PT;Spring Into Summer;Música;2024;NULL;NULL;folk;Lizzy McAlpine;NULL;Livre;4.38
Spotify PT;Skinny Love;Música;2008;NULL;NULL;folk;Bon Iver;NULL;Livre;3.98
Spotify PT;Sweet Caroline;Música;1969;NULL;NULL;folk;Neil Diamond;NULL;Livre;3.39
Spotify PT;Stubborn Love;Música;2012;NULL;NULL;folk;The Lumineers;NULL;Livre;4.65
Spotify PT;Shotgun;Música;2018;NULL;NULL;folk;George Ezra;NULL;Livre;3.35
Spotify PT;Olá Solidão;Música;2021;NULL;NULL;folk;Os Quatro e Meia;NULL;Livre;4.68
Spotify PT;The Night We Met;Música;2015;NULL;NULL;folk;Lord Huron;NULL;Livre;3.47
Spotify PT;Son Of A Preacher Man;Música;1969;NULL;NULL;folk;Dusty Springfield;NULL;Livre;2.47
Spotify PT;Sleep On The Floor;Música;2016;NULL;NULL;folk;The Lumineers;NULL;Livre;3.53
Spotify PT;Stay Alive;Música;2013;NULL;NULL;folk;José González;NULL;Livre;4.45
Spotify PT;The Story;Música;2007;NULL;NULL;folk;Brandi Carlile;NULL;Livre;3.97
Spotify PT;Spooky;Música;1968;NULL;NULL;folk;Dusty Springfield;NULL;Livre;2.74
Spotify PT;The Sound of Silence - Acoustic Version;Música;1964;NULL;NULL;folk;Simon & Garfunkel;NULL;Livre;3.09
Spotify PT;Sodade;Música;1992;NULL;NULL;folk;Cesária Evora;NULL;Livre;4.89
Spotify PT;Spirit Bird;Música;2012;NULL;NULL;folk;Xavier Rudd;NULL;Livre;7.18
Spotify PT;Stay With Me - Live From Spotify PT Berlin;Música;2015;NULL;NULL;folk;Angus & Julia Stone;NULL;Livre;2.91
Spotify PT;Coastline;Música;2017;NULL;NULL;folk;Hollow Coves;NULL;Livre;3.9
Spotify PT;ceilings;Música;2022;NULL;NULL;folk;Lizzy McAlpine;NULL;Livre;3.05
Spotify PT;Canção do Metro;Música;2020;NULL;NULL;folk;Os Quatro e Meia;NULL;Livre;4.13
Spotify PT;California Dreamin' - Single Version;Música;1966;NULL;NULL;folk;The Mamas & The Papas;NULL;Livre;2.71
Spotify PT;Coming Home;Música;2015;NULL;NULL;folk;Leon Bridges;NULL;Livre;3.44
Spotify PT;Cantiga da Burra;Música;2012;NULL;NULL;folk;Sebastião Antunes & Quadrilha;NULL;Livre;2.98
Spotify PT;Carry You;Música;2017;NULL;NULL;folk;Novo Amor;NULL;Livre;4.55
Spotify PT;Coming Around Again;Música;1987;NULL;NULL;folk;Carly Simon;NULL;Livre;3.64
Spotify PT;Cleopatra;Música;2016;NULL;NULL;folk;The Lumineers;NULL;Livre;3.36
Spotify PT;Coisa Linda;Música;2015;NULL;NULL;folk;TIAGO IORC;NULL;Livre;2.98
Spotify PT;The Cave;Música;2009;NULL;NULL;folk;Mumford & Sons;NULL;Livre;3.59
Spotify PT;California Dreamin';Música;2001;NULL;NULL;folk;The Mamas & The Papas;NULL;Livre;2.67
Spotify PT;Cor De Marte;Música;2016;NULL;NULL;folk;ANAVITÓRIA;NULL;Livre;3.19
Spotify PT;Fast Car;Música;1988;NULL;NULL;folk;Tracy Chapman;NULL;Livre;4.95
Spotify PT;Coisas Tão Bonitas;Música;2020;NULL;NULL;folk;Os Quatro e Meia;NULL;Livre;3.51
Spotify PT;Can't Do Without You;Música;2014;NULL;NULL;folk;Caribou;NULL;Livre;3.94
Spotify PT;Father And Son;Música;1970;NULL;NULL;folk;Yusuf / Cat Stevens;NULL;Livre;3.69
Spotify PT;Colder Heavens;Música;2017;NULL;NULL;folk;Blanco White;NULL;Livre;4.56
Spotify PT;Baby Can I Hold You;Música;1988;NULL;NULL;folk;Tracy Chapman;NULL;Livre;3.22
Spotify PT;Lisboa;Música;2021;NULL;NULL;folk;ANAVITÓRIA;NULL;Livre;3.66
Spotify PT;Titanium (feat. Sia);Música;2012;NULL;NULL;edm;David Guetta;NULL;Livre;4.08
Spotify PT;Thank You (Not So Bad);Música;2023;NULL;NULL;edm;Dimitri Vegas & Like Mike;NULL;Livre;2.33
Spotify PT;The Nights;Música;2014;NULL;NULL;edm;Avicii;NULL;Livre;2.94
Spotify PT;This Girl (Kungs Vs. Cookin' On 3 Burners);Música;2016;NULL;NULL;edm;Kungs;NULL;Livre;3.26
Spotify PT;This Is What You Came For;Música;2024;NULL;NULL;edm;Calvin Harris;NULL;Livre;3.7
Spotify PT;The Business;Música;2020;NULL;NULL;edm;Tiësto;NULL;Livre;2.73
Spotify PT;The Motto;Música;2021;NULL;NULL;edm;Tiësto;NULL;Livre;2.75
Spotify PT;This Is What It Feels Like;Música;2013;NULL;NULL;edm;Armin van Buuren;NULL;Livre;3.41
Spotify PT;Taki Taki (feat. Selena Gomez Ozuna & Cardi B);Música;2019;NULL;NULL;edm;DJ Snake;NULL;18+;3.54
Spotify PT;The Middle;Música;2018;NULL;NULL;edm;Zedd;NULL;Livre;3.08
Spotify PT;This Is The Life;Música;2024;NULL;NULL;edm;Umur Anil Gokdag;NULL;Livre;1.99
Spotify PT;The Feeling;Música;2023;NULL;NULL;edm;Lost Frequencies;NULL;Livre;2.56
Spotify PT;This One's for You (feat. Zara Larsson) (Official Song UEFA EURO 2016);Música;2016;NULL;NULL;edm;David Guetta;NULL;Livre;3.45
Spotify PT;Titanium (feat. Sia) - David Guetta & MORTEN Future Rave Remix;Música;2021;NULL;NULL;edm;David Guetta;NULL;Livre;3.52
Spotify PT;Moth To A Flame (with The Weeknd);Música;2022;NULL;NULL;edm;Swedish House Mafia;NULL;Livre;3.9
Spotify PT;Taki Taki (with Selena Gomez Ozuna & Cardi B);Música;2018;NULL;NULL;edm;DJ Snake;NULL;18+;3.54
Spotify PT;Turn Me On (feat. Nicki Minaj);Música;2012;NULL;NULL;edm;David Guetta;NULL;Livre;3.33
Spotify PT;Wake Me Up;Música;2013;NULL;NULL;edm;Avicii;NULL;Livre;4.12
Spotify PT;Turn On The Lights again.. (feat. Future);Música;2024;NULL;NULL;edm;Fred again..;NULL;Livre;4.47
Spotify PT;Play Hard (feat. Ne-Yo & Akon);Música;2012;NULL;NULL;edm;David Guetta;NULL;Livre;3.35
Spotify PT;Piece Of Your Heart;Música;2019;NULL;NULL;edm;MEDUZA;NULL;Livre;2.55
Spotify PT;Promises (with Sam Smith);Música;2024;NULL;NULL;edm;Calvin Harris;NULL;Livre;3.56
Spotify PT;Piece Of Your Heart - Alok Remix;Música;2019;NULL;NULL;edm;MEDUZA;NULL;Livre;2.77
Spotify PT;Paradise (feat. Dermot Kennedy);Música;2020;NULL;NULL;edm;MEDUZA;NULL;Livre;2.8
Spotify PT;Perfect (Exceeder);Música;2024;NULL;NULL;edm;David Guetta;NULL;Livre;2.53
Spotify PT;Paradise;Música;2023;NULL;NULL;edm;MEDUZA;NULL;Livre;2.8
Spotify PT;I'm Good (Blue);Música;2022;NULL;NULL;edm;David Guetta;NULL;18+;2.92
Spotify PT;I Don't Wanna Wait;Música;2024;NULL;NULL;edm;David Guetta;NULL;Livre;2.49
Spotify PT;places to be;Música;2024;NULL;NULL;edm;Fred again..;NULL;18+;3.73
Spotify PT;Pjanoo - Radio Edit;Música;2008;NULL;NULL;edm;Eric Prydz;NULL;Livre;2.62
Spotify PT;Feels (feat. Pharrell Williams Katy Perry & Big Sean);Música;2017;NULL;NULL;edm;Calvin Harris;NULL;18+;3.72
Spotify PT;Baby Don't Hurt Me;Música;2023;NULL;NULL;edm;David Guetta;NULL;Livre;2.33
Spotify PT;Memories (feat. Kid Cudi);Música;2010;NULL;NULL;edm;David Guetta;NULL;Livre;3.5
Spotify PT;Pump It Louder;Música;2022;NULL;NULL;edm;Tiësto;NULL;Livre;2.64
Spotify PT;Bairro;Música;2021;NULL;NULL;trap;Wet Bed Gang;NULL;Livre;4.31
Spotify PT;THE BOX MEDLEY FUNK 2;Música;2024;NULL;NULL;trap;THE BOX;NULL;Livre;4.44
Spotify PT;Ballena;Música;2023;NULL;NULL;trap;Vulgo FK;NULL;Livre;3.33
Spotify PT;Faz Bem;Música;2024;NULL;NULL;trap;Bluay;NULL;Livre;3.06
Spotify PT;Balão;Música;2020;NULL;NULL;trap;Orochi;NULL;18+;4.22
Spotify PT;Baila Baila Baila - Remix;Música;2019;NULL;NULL;trap;Ozuna;NULL;Livre;3.92
Spotify PT;Brinca Demais;Música;2022;NULL;NULL;trap;WIU;NULL;Livre;3.24
Spotify PT;Borro Cassette;Música;2015;NULL;NULL;trap;Maluma;NULL;Livre;3.46
Spotify PT;Baila Baila Baila;Música;2019;NULL;NULL;trap;Ozuna;NULL;Livre;2.65
Spotify PT;The Box;Música;2019;NULL;NULL;trap;Roddy Ricch;NULL;18+;3.28
Spotify PT;THE BOX MEDLEY 6;Música;2023;NULL;NULL;trap;THE BOX;NULL;Livre;4.03
Spotify PT;Barcelona (Papasessions #2);Música;2018;NULL;NULL;trap;Pk;NULL;Livre;3.72
Spotify PT;Bom Dia;Música;2024;NULL;NULL;trap;Bluay;NULL;Livre;3.26
Spotify PT;Barco;Música;2024;NULL;NULL;trap;Ivandro;NULL;Livre;3.61
Spotify PT;Novo Balanço;Música;2023;NULL;NULL;trap;Veigh;NULL;18+;2.34
Spotify PT;Balazul;Música;2022;NULL;NULL;trap;Teto;NULL;Livre;3.38
Spotify PT;Quevedo: Bzrp Music Sessions Vol. 52;Música;2022;NULL;NULL;trap;Bizarrap;NULL;Livre;3.32
Spotify PT;Bonjour;Música;2023;NULL;NULL;trap;KayBlack;NULL;18+;2.2
Spotify PT;Bolsa de Ombro;Música;2023;NULL;NULL;trap;Veigh;NULL;18+;1.91
Spotify PT;Bandana 2;Música;2022;NULL;NULL;trap;Veigh;NULL;18+;2.22
Spotify PT;MTG NA IMAGINAÇÃO - TOPO SESSIONS VOL. 1;Música;2024;NULL;NULL;funk;DJ TOPO;NULL;Livre;2.42
Spotify PT;MTG QUEM NÃO QUER SOU EU;Música;2024;NULL;NULL;funk;DJ TOPO;NULL;Livre;2.06
Spotify PT;MTG PASSA PASSA PRA EU SARRAR;Música;2024;NULL;NULL;funk;Mc Livinho;NULL;18+;2.35
Spotify PT;Macetada nas do Job;Música;2024;NULL;NULL;funk;Mc Rodrigo do CN;NULL;18+;2.71
Spotify PT;Maturidade;Música;2022;NULL;NULL;funk;KayBlack;NULL;18+;2.37
Spotify PT;Maldita de Ex;Música;2019;NULL;NULL;funk;Mc Leozin;NULL;18+;2.74
Spotify PT;Mistérios;Música;2024;NULL;NULL;funk;KayBlack;NULL;Livre;2.28
Spotify PT;MINHA CURA;Música;2022;NULL;NULL;funk;MC Cabelinho;NULL;18+;2.58
Spotify PT;Me Sinto Abençoado;Música;2021;NULL;NULL;funk;Mc Poze do Rodo;NULL;Livre;3.57
Spotify PT;Melhor Só;Música;2023;NULL;NULL;funk;KayBlack;NULL;Livre;3.82
Spotify PT;Maçã Verde;Música;2020;NULL;NULL;funk;MC Hariel;NULL;18+;2.74
Spotify PT;My Way;Música;2000;NULL;NULL;funk;Limp Bizkit;NULL;18+;4.55
Spotify PT;Mó Fita;Música;2024;NULL;NULL;funk;Dj Victor;NULL;18+;4.27
Spotify PT;Melhor Vibe;Música;2024;NULL;NULL;funk;MC Ryan SP;NULL;18+;5.69
Spotify PT;Menina Se Prepara;Música;2021;NULL;NULL;funk;Mc Pepeu;NULL;18+;3.51
Spotify PT;Modo Esquece;Música;2023;NULL;NULL;funk;MC GP;NULL;18+;8.67
Spotify PT;Meia Noite;Música;2021;NULL;NULL;funk;Mc Paiva ZS;NULL;Livre;2.4
Spotify PT;Mistério;Música;2020;NULL;NULL;funk;Mc Kevin;NULL;Livre;3.52
Spotify PT;My Generation;Música;2000;NULL;NULL;funk;Limp Bizkit;NULL;18+;3.68
Spotify PT;Meu Mundo;Música;2018;NULL;NULL;funk;WC no Beat;NULL;Livre;4.74
Spotify PT;JAMANTAH;Música;2023;NULL;NULL;trap;ProfJam;NULL;18+;5.21
Spotify PT;Jeito Bandido;Música;2022;NULL;NULL;trap;Veigh;NULL;18+;2.45
Spotify PT;LA CANCIÓN;Música;2019;NULL;NULL;trap;J Balvin;NULL;Livre;4.04
Spotify PT;Jam #01 - Tudo Que Eu Faço;Música;2024;NULL;NULL;trap;NADAMAL;NULL;Livre;2.47
Spotify PT;X (feat. Maluma & Ozuna) - Remix;Música;2018;NULL;NULL;trap;Nicky Jam;NULL;Livre;3.93
Spotify PT;Azul;Música;2020;NULL;NULL;trap;J Balvin;NULL;Livre;3.43
Spotify PT;Just Wanna Rock;Música;2022;NULL;NULL;trap;Lil Uzi Vert;NULL;18+;2.06
Spotify PT;Unforgettable;Música;2017;NULL;NULL;trap;French Montana;NULL;18+;3.9
Spotify PT;Chakras;Música;2024;NULL;NULL;trap;Ivandro;NULL;Livre;3.26
Spotify PT;Mi Gente;Música;2017;NULL;NULL;trap;J Balvin;NULL;Livre;3.16
Spotify PT;DÁKITI;Música;2020;NULL;NULL;trap;Bad Bunny;NULL;18+;3.42
Spotify PT;Let Me Love You;Música;2016;NULL;NULL;trap;DJ Snake;NULL;Livre;3.43
Spotify PT;Loco Contigo (feat. J. Balvin & Tyga);Música;2019;NULL;NULL;trap;DJ Snake;NULL;Livre;3.09
Spotify PT;X;Música;2019;NULL;NULL;trap;Nicky Jam;NULL;Livre;2.88
Spotify PT;Japão;Música;2023;NULL;NULL;trap;LON3R JOHNY;NULL;18+;2.08
Spotify PT;Juice;Música;2019;NULL;NULL;trap;Lizzo;NULL;18+;3.25
Spotify PT;JUMPINIT;Música;2023;NULL;NULL;trap;T-Rex;NULL;Livre;2.92
Spotify PT;You're So Vain;Música;1972;NULL;NULL;folk;Carly Simon;NULL;Livre;4.31
Spotify PT;You Can Call Me Al;Música;1986;NULL;NULL;folk;Paul Simon;NULL;Livre;4.67
Spotify PT;You Got It;Música;1989;NULL;NULL;folk;Roy Orbison;NULL;Livre;3.5
Spotify PT;You (feat. Hermanos Gutiérrez);Música;2024;NULL;NULL;folk;RY X;NULL;Livre;3.44
Spotify PT;You Really Got Me;Música;1964;NULL;NULL;folk;The Kinks;NULL;Livre;2.23
Spotify PT;You Are So Beautiful;Música;1974;NULL;NULL;folk;Joe Cocker;NULL;Livre;2.66
Spotify PT;You Love Me;Música;2004;NULL;NULL;folk;Kimya Dawson;NULL;Livre;2.65
Spotify PT;Year of the Cat - 2001 Remaster;Música;1976;NULL;NULL;folk;Al Stewart;NULL;Livre;6.69
Spotify PT;You Are The Best Thing;Música;2008;NULL;NULL;folk;Ray LaMontagne;NULL;Livre;3.86
Spotify PT;You're Somebody Else;Música;2020;NULL;NULL;folk;flora cash;NULL;Livre;3.65
Spotify PT;You Can Leave Your Hat On;Música;1986;NULL;NULL;folk;Joe Cocker;NULL;Livre;4.25
Spotify PT;YaYaYa;Música;2019;NULL;NULL;folk;RY X;NULL;Livre;3.83
Spotify PT;You Sigh;Música;2017;NULL;NULL;folk;Charlie Cunningham;NULL;Livre;2.98
Spotify PT;You've Got a Friend - 2019 Remaster;Música;1971;NULL;NULL;folk;James Taylor;NULL;Livre;4.48
Spotify PT;You Ain't Seen Nothing Yet;Música;1974;NULL;NULL;folk;Bachman-Turner Overdrive;NULL;Livre;3.91
Spotify PT;You've Got a Friend;Música;1971;NULL;NULL;folk;Carole King;NULL;Livre;5.15
Spotify PT;Wild World;Música;1970;NULL;NULL;folk;Yusuf / Cat Stevens;NULL;Livre;3.34
Spotify PT;Apocalypse;Música;2017;NULL;NULL;indie;Cigarettes After Sex;NULL;Livre;4.84
Spotify PT;Amanhã Tou Melhor;Música;2016;NULL;NULL;indie;Capitão Fausto;NULL;Livre;3.45
Spotify PT;Anchor;Música;2017;NULL;NULL;indie;Novo Amor;NULL;Livre;4.29
Spotify PT;Arabella;Música;2013;NULL;NULL;indie;Arctic Monkeys;NULL;Livre;3.46
Spotify PT;All I Need;Música;2007;NULL;NULL;indie;Radiohead;NULL;Livre;3.81
Spotify PT;I Wanna Be Yours;Música;2013;NULL;NULL;indie;Arctic Monkeys;NULL;Livre;3.07
Spotify PT;Do I Wanna Know?;Música;2013;NULL;NULL;indie;Arctic Monkeys;NULL;Livre;4.54
Spotify PT;Amor a Nossa Vida;Música;2019;NULL;NULL;indie;Capitão Fausto;NULL;Livre;3.52
Spotify PT;Alive;Música;2013;NULL;NULL;indie;Empire Of The Sun;NULL;Livre;3.41
Spotify PT;Andar à Solta;Música;2024;NULL;NULL;indie;Capitão Fausto;NULL;Livre;3.52
Spotify PT;anything;Música;2020;NULL;NULL;indie;Adrianne Lenker;NULL;Livre;3.37
Spotify PT;A Storm on a Summers Day;Música;2018;NULL;NULL;indie;Full Crate;NULL;Livre;2.97
Spotify PT;All I Need (feat. Beth Hirsch);Música;1998;NULL;NULL;indie;Air;NULL;Livre;4.47
Spotify PT;Are You Bored Yet? (feat. Clairo);Música;2019;NULL;NULL;indie;Wallows;NULL;Livre;2.97
Spotify PT;Always Forever;Música;2013;NULL;NULL;indie;Cults;NULL;Livre;3.73
Spotify PT;ACORDA PEDRINHO;Música;2022;NULL;NULL;indie;Jovem Dionisio;NULL;Livre;2.88
Spotify PT;No. 1 Party Anthem;Música;2013;NULL;NULL;indie;Arctic Monkeys;NULL;Livre;4.05
Spotify PT;About You;Música;2022;NULL;NULL;indie;The 1975;NULL;Livre;5.44
Spotify PT;We Are The People;Música;2008;NULL;NULL;indie;Empire Of The Sun;NULL;Livre;4.46
Spotify PT;All For Us;Música;2019;NULL;NULL;indie;Labrinth;NULL;Livre;3.2
Spotify PT;What A Wonderful World;Música;1968;NULL;NULL;jazz;Louis Armstrong;NULL;Livre;2.32
Spotify PT;Wave;Música;1967;NULL;NULL;jazz;Antônio Carlos Jobim;NULL;Livre;2.95
Spotify PT;What Am I To You?;Música;2004;NULL;NULL;jazz;Norah Jones;NULL;Livre;3.5
Spotify PT;What A Difference A Day Made;Música;2003;NULL;NULL;jazz;Jamie Cullum;NULL;Livre;5.16
Spotify PT;wash my sins away;Música;2023;NULL;NULL;jazz;berlioz;NULL;Livre;3.88
Spotify PT;Wait for It;Música;2015;NULL;NULL;jazz;Leslie Odom Jr.;NULL;Livre;3.23
Spotify PT;Water - Bossa Nova Version;Música;2024;NULL;NULL;jazz;Groove Da Praia;NULL;Livre;2.73
Spotify PT;When Sunny Gets Blue;Música;1964;NULL;NULL;jazz;McCoy Tyner;NULL;Livre;4.71
Spotify PT;Boogie Wonderland;Música;1979;NULL;NULL;jazz;Earth Wind & Fire;NULL;Livre;4.8
Spotify PT;What a Difference a Day Makes;Música;2023;NULL;NULL;jazz;The Cooltrane Quartet;NULL;Livre;3.42
Spotify PT;Walk on By;Música;1964;NULL;NULL;jazz;Dionne Warwick;NULL;Livre;2.97
Spotify PT;Worrisome Heart;Música;2006;NULL;NULL;jazz;Melody Gardot;NULL;Livre;4.36
Spotify PT;What A Diff'rence A Day Made;Música;1959;NULL;NULL;jazz;Dinah Washington;NULL;Livre;2.53
Spotify PT;(What A) Wonderful World - Mono;Música;1960;NULL;NULL;jazz;Sam Cooke;NULL;Livre;2.15
Spotify PT;Wave;Música;1977;NULL;NULL;jazz;João Gilberto;NULL;Livre;4.7
Spotify PT;WILDFLOWER;Música;2024;NULL;NULL;jazz;The Cooltrane Quartet;NULL;Livre;3.42
Spotify PT;When I Fall In Love;Música;1957;NULL;NULL;jazz;Nat King Cole;NULL;Livre;3.18
Spotify PT;What Kinda Music;Música;2020;NULL;NULL;jazz;Tom Misch;NULL;Livre;3.84
Spotify PT;Don't Know Why;Música;2002;NULL;NULL;jazz;Norah Jones;NULL;Livre;3.1
Spotify PT;Ice Ice Baby;Música;2008;NULL;NULL;hip hop;Vanilla Ice;NULL;Livre;4.24
Spotify PT;Última Vez;Música;2024;NULL;NULL;hip hop;Hungria;NULL;18+;4.24
Spotify PT;Vocab - Refugees Hip Hop Remix;Música;2003;NULL;NULL;hip hop;Fugees;NULL;Livre;4.01
Spotify PT;Mais Brabo que Vovô;Música;2024;NULL;NULL;hip hop;Hungria;NULL;Livre;3.81
Spotify PT;HOP OUT THE VAN;Música;2023;NULL;NULL;hip hop;Offset;NULL;18+;2.0
Spotify PT;You Should've Known;Música;2019;NULL;NULL;hip hop;Hopsin;NULL;18+;3.24
Spotify PT;The Games You Play;Música;2007;NULL;NULL;hip hop;Wax Tailor;NULL;Livre;4.22
Spotify PT;Hope;Música;2022;NULL;NULL;hip hop;XXXTENTACION;NULL;18+;1.85
Spotify PT;Hopeless Romantic;Música;2017;NULL;NULL;hip hop;Meghan Trainor;NULL;Livre;4.09
Spotify PT;Hip Hop Police - Main;Música;2007;NULL;NULL;hip hop;Chamillionaire;NULL;18+;4.19
Spotify PT;Okok (Hibachi);Música;2019;NULL;NULL;hip hop;Jordan Ward;NULL;18+;2.22
Spotify PT;Look to the Sun;Música;2007;NULL;NULL;hip hop;Guru;NULL;Livre;3.45
Spotify PT;Hop Out Shoot;Música;2022;NULL;NULL;hip hop;Kodak Black;NULL;18+;2.97
Spotify PT;Hope We Meet Again (feat. Chris Brown);Música;2012;NULL;NULL;hip hop;Pitbull;NULL;Livre;3.68
Spotify PT;Louis Vuitton/Lost Hope;Música;2020;NULL;NULL;hip hop;M Huncho;NULL;18+;2.79
Spotify PT;Hip Hop ( Sou Eu E És Tu ) - Ao Vivo No CMPM;Música;2012;NULL;NULL;hip hop;Boss AC;NULL;Livre;4.34
Spotify PT;Vivrant Thing;Música;2018;NULL;NULL;hip hop;Q-Tip;NULL;Livre;3.18
Spotify PT;I Wonder If Heaven Got A Ghetto - Hip-Hop Version;Música;1997;NULL;NULL;hip hop;2Pac;NULL;18+;4.66
Spotify PT;peace;Música;2024;NULL;NULL;jazz;berlioz;NULL;Livre;3.65
Spotify PT;Para Machuchar Meu Coracao;Música;1964;NULL;NULL;jazz;Stan Getz;NULL;Livre;5.12
Spotify PT;Paris City Jazz;Música;2018;NULL;NULL;jazz;Bellaire;NULL;Livre;5.73
Spotify PT;Passin' Me By;Música;1992;NULL;NULL;jazz;The Pharcyde;NULL;Livre;5.06
Spotify PT;Petite fleur;Música;2013;NULL;NULL;jazz;Jill Barber;NULL;Livre;2.72
Spotify PT;Peaceful Life;Música;2016;NULL;NULL;jazz;Guts;NULL;Livre;4.1
Spotify PT;People From Ibiza;Música;2024;NULL;NULL;jazz;Stella Starlight Trio;NULL;Livre;2.86
Spotify PT;Por Las Buenas;Música;2007;NULL;NULL;jazz;Billo's Caracas Boys;NULL;Livre;2.59
Spotify PT;Prelude In E Minor;Música;1963;NULL;NULL;jazz;Gerry Mulligan Sextet;NULL;Livre;4.28
Spotify PT;Palpite Infeliz;Música;1991;NULL;NULL;jazz;João Gilberto;NULL;Livre;3.88
Spotify PT;Pata Pata - Stereo Version;Música;2017;NULL;NULL;jazz;Miriam Makeba;NULL;Livre;3.0
Spotify PT;Painting Silhouettes;Música;2014;NULL;NULL;jazz;Quantic;NULL;Livre;3.37
Spotify PT;Pra Que Discutir Com Madame?;Música;2004;NULL;NULL;jazz;João Gilberto;NULL;Livre;6.02
Spotify PT;I Put A Spell On You;Música;1965;NULL;NULL;jazz;Nina Simone;NULL;Livre;2.58
Spotify PT;Para Ti;Música;2020;NULL;NULL;jazz;Luísa Sobral;NULL;Livre;3.25
Spotify PT;The Princess;Música;2012;NULL;NULL;jazz;Parov Stelar;NULL;Livre;3.12
Spotify PT;Peaches;Música;2022;NULL;NULL;jazz;Eve St. Jones;NULL;Livre;3.33
Spotify PT;Preacherman;Música;2015;NULL;NULL;jazz;Melody Gardot;NULL;Livre;4.5
Spotify PT;Peaches;Música;2021;NULL;NULL;jazz;Nenei;NULL;18+;3.57
Spotify PT;Zombie;Música;1994;NULL;NULL;rock;The Cranberries;NULL;Livre;5.11
Spotify PT;The Zephyr Song;Música;2002;NULL;NULL;rock;Red Hot Chili Peppers;NULL;Livre;3.87
Spotify PT;ZITTI E BUONI;Música;2021;NULL;NULL;rock;Måneskin;NULL;18+;3.25
Spotify PT;The Kids Aren't Alright;Música;1998;NULL;NULL;rock;The Offspring;NULL;Livre;3.0
Spotify PT;The Reason;Música;2024;NULL;NULL;rock;Hoobastank;NULL;Livre;3.88
Spotify PT;The Kill;Música;2005;NULL;NULL;rock;Thirty Seconds To Mars;NULL;Livre;3.86
Spotify PT;Zóio De Lula;Música;1999;NULL;NULL;rock;Charlie Brown Jr.;NULL;Livre;4.2
Spotify PT;Zombie - Acoustic Version;Música;2017;NULL;NULL;rock;The Cranberries;NULL;Livre;4.03
Spotify PT;Zorro;Música;2010;NULL;NULL;rock;António Zambujo;NULL;Livre;3.26
Spotify PT;The Final Countdown;Música;1986;NULL;NULL;rock;Europe;NULL;Livre;5.17
Spotify PT;The Lady In Red;Música;1986;NULL;NULL;rock;Chris de Burgh;NULL;Livre;4.27
Spotify PT;"Zero - From the Original Motion Picture ""Ralph Breaks The Internet""";Música;2018;NULL;NULL;rock;Imagine Dragons;NULL;Livre;3.52
Spotify PT;The Middle;Música;2001;NULL;NULL;rock;Jimmy Eat World;NULL;Livre;2.76
Spotify PT;The Beautiful People;Música;1996;NULL;NULL;rock;Marilyn Manson;NULL;18+;3.65
Spotify PT;Zero - Remastered 2012;Música;1995;NULL;NULL;rock;The Smashing Pumpkins;NULL;18+;2.67
Spotify PT;Every Breath You Take;Música;1983;NULL;NULL;rock;The Police;NULL;Livre;4.23
Spotify PT;Sweater Weather;Música;2013;NULL;NULL;rock;The Neighbourhood;NULL;Livre;4.01
Spotify PT;The Passenger;Música;1977;NULL;NULL;rock;Iggy Pop;NULL;Livre;4.72
Spotify PT;Zeig dich;Música;2019;NULL;NULL;rock;Rammstein;NULL;Livre;4.26
Spotify PT;The Day That Never Comes;Música;2008;NULL;NULL;rock;Metallica;NULL;Livre;7.94
Spotify PT;Yonaguni;Música;2021;NULL;NULL;trap;Bad Bunny;NULL;18+;3.45
Spotify PT;Yo No Soy Celoso;Música;2022;NULL;NULL;trap;Bad Bunny;NULL;18+;3.85
Spotify PT;Yo Te Esperaré;Música;2012;NULL;NULL;trap;Cali Y El Dandee;NULL;Livre;3.87
Spotify PT;You;Música;2007;NULL;NULL;trap;Lloyd;NULL;Livre;4.55
Spotify PT;Yandel 150;Música;2023;NULL;NULL;trap;Yandel;NULL;18+;3.6
Spotify PT;Yes Indeed;Música;2018;NULL;NULL;trap;Lil Baby;NULL;18+;2.37
Spotify PT;Yo sé;Música;2024;NULL;NULL;trap;Yan Block;NULL;18+;2.16
Spotify PT;Yo Perreo Sola;Música;2020;NULL;NULL;trap;Bad Bunny;NULL;18+;2.87
Spotify PT;Young Miko: Bzrp Music Sessions Vol. 58;Música;2024;NULL;NULL;trap;Bizarrap;NULL;Livre;3.12
Spotify PT;You;Música;2018;NULL;NULL;trap;Jacquees;NULL;18+;3.62
Spotify PT;Young Metro;Música;2024;NULL;NULL;trap;Future;NULL;18+;3.42
Spotify PT;Y.D.L.R.;Música;2021;NULL;NULL;trap;Tory Lanez;NULL;18+;2.43
Spotify PT;Freestyle;Música;2022;NULL;NULL;trap;KayBlack;NULL;18+;3.0
Spotify PT;You Know You Like It;Música;2014;NULL;NULL;trap;DJ Snake;NULL;Livre;4.12
Spotify PT;São Paulo;Música;2020;NULL;NULL;trap;Yuri NR5;NULL;Livre;3.89
Spotify PT;See You Again (feat. Charlie Puth);Música;2015;NULL;NULL;trap;Wiz Khalifa;NULL;Livre;3.83
Spotify PT;Ysl;Música;2019;NULL;NULL;trap;Yunk Vino;NULL;18+;2.2
Spotify PT;Yo no Soy Tu Marido;Música;2003;NULL;NULL;trap;Nicky Jam;NULL;Livre;3.36
Spotify PT;La Santa;Música;2020;NULL;NULL;trap;Bad Bunny;NULL;18+;3.44
Spotify PT;Knockin' On Heaven's Door;Música;1973;NULL;NULL;folk;Bob Dylan;NULL;Livre;2.5
Spotify PT;Keep Your Head Up;Música;2011;NULL;NULL;folk;Ben Howard;NULL;Livre;4.41
Spotify PT;Keep Me;Música;2020;NULL;NULL;folk;Novo Amor;NULL;Livre;3.24
Spotify PT;Kiss Me;Música;2023;NULL;NULL;folk;Dermot Kennedy;NULL;Livre;3.82
Spotify PT;Kokomo;Música;2003;NULL;NULL;folk;The Beach Boys;NULL;Livre;3.63
Spotify PT;King And Lionheart;Música;2012;NULL;NULL;folk;Of Monsters and Men;NULL;Livre;4.56
Spotify PT;Krystal;Música;2020;NULL;NULL;folk;Matt Maltese;NULL;Livre;3.67
Spotify PT;Keeping Me Alive;Música;2021;NULL;NULL;folk;Jonathan Roy;NULL;Livre;3.65
Spotify PT;Crystals;Música;2015;NULL;NULL;folk;Of Monsters and Men;NULL;Livre;4.06
Spotify PT;Baby I Love Your Way - Live;Música;1976;NULL;NULL;folk;Peter Frampton;NULL;Livre;4.68
Spotify PT;Pupila;Música;2019;NULL;NULL;folk;ANAVITÓRIA;NULL;Livre;3.37
Spotify PT;God Only Knows - Remastered 1996;Música;1966;NULL;NULL;folk;The Beach Boys;NULL;Livre;2.92
Spotify PT;Kodachrome;Música;1973;NULL;NULL;folk;Paul Simon;NULL;Livre;3.59
Spotify PT;All Day and All of the Night;Música;1964;NULL;NULL;folk;The Kinks;NULL;Livre;2.37
Spotify PT;God Only Knows - Mono;Música;1966;NULL;NULL;folk;The Beach Boys;NULL;Livre;2.88
Spotify PT;Happier;Música;2018;NULL;NULL;edm;Marshmello;NULL;Livre;3.57
Spotify PT;Hey Brother;Música;2013;NULL;NULL;edm;Avicii;NULL;Livre;4.25
Spotify PT;Heaven Takes You Home (feat. Connie Constance);Música;2022;NULL;NULL;edm;Swedish House Mafia;NULL;Livre;3.57
Spotify PT;How Deep Is Your Love;Música;2024;NULL;NULL;edm;Calvin Harris;NULL;Livre;3.54
Spotify PT;Heroes (we could be);Música;2015;NULL;NULL;edm;Alesso;NULL;Livre;3.5
Spotify PT;Higher Love;Música;2019;NULL;NULL;edm;Kygo;NULL;Livre;3.8
Spotify PT;hate u love u;Música;2024;NULL;NULL;edm;Umur Anil Gokdag;NULL;Livre;2.67
Spotify PT;Heartbreak Anthem (with David Guetta & Little Mix);Música;2021;NULL;NULL;edm;Galantis;NULL;Livre;3.06
Spotify PT;Hey Mama (feat. Nicki Minaj Bebe Rexha & Afrojack);Música;2014;NULL;NULL;edm;David Guetta;NULL;Livre;3.21
Spotify PT;Homeless;Música;2020;NULL;NULL;edm;Mr. Belt & Wezol;NULL;Livre;3.8
Spotify PT;High On Life (feat. Bonn);Música;2018;NULL;NULL;edm;Martin Garrix;NULL;Livre;3.85
Spotify PT;Heaven Is A Place On Earth;Música;2022;NULL;NULL;edm;W&W;NULL;Livre;2.75
Spotify PT;Heroes Tonight;Música;2015;NULL;NULL;edm;Janji;NULL;Livre;3.47
Spotify PT;Summer;Música;2014;NULL;NULL;edm;Calvin Harris;NULL;Livre;3.71
Spotify PT;Outside (feat. Ellie Goulding);Música;2014;NULL;NULL;edm;Calvin Harris;NULL;Livre;3.79
Spotify PT;Help Me Lose My Mind;Música;2013;NULL;NULL;edm;Disclosure;NULL;Livre;4.07
Spotify PT;Hot In It (feat. Charli XCX);Música;2023;NULL;NULL;edm;Tiësto;NULL;Livre;2.16
Spotify PT;Heaven;Música;2019;NULL;NULL;edm;Avicii;NULL;Livre;4.62
Spotify PT;Je te laisserai des mots;Música;2010;NULL;NULL;indie;Patrick Watson;NULL;Livre;2.68
Spotify PT;Jigsaw Falling Into Place;Música;2007;NULL;NULL;indie;Radiohead;NULL;Livre;4.15
Spotify PT;Juna;Música;2024;NULL;NULL;indie;Clairo;NULL;Livre;3.25
Spotify PT;Jealous;Música;2019;NULL;NULL;indie;Eyedress;NULL;Livre;2.04
Spotify PT;Jeito Pra Tudo;Música;2023;NULL;NULL;indie;NAPA;NULL;Livre;3.93
Spotify PT;Just;Música;1995;NULL;NULL;indie;Radiohead;NULL;Livre;3.91
Spotify PT;John Wayne;Música;2017;NULL;NULL;indie;Cigarettes After Sex;NULL;Livre;4.3
Spotify PT;Jerk It Out;Música;2002;NULL;NULL;indie;Caesars;NULL;Livre;3.26
Spotify PT;Jolene;Música;2004;NULL;NULL;indie;Ray LaMontagne;NULL;Livre;4.18
Spotify PT;Juliet;Música;2019;NULL;NULL;indie;Cavetown;NULL;18+;4.65
Spotify PT;Junk Of The Heart (Happy);Música;2011;NULL;NULL;indie;The Kooks;NULL;Livre;3.12
Spotify PT;Back On 74;Música;2023;NULL;NULL;indie;Jungle;NULL;Livre;3.49
Spotify PT;Geronimo;Música;2015;NULL;NULL;indie;Sheppard;NULL;Livre;3.64
Spotify PT;Jumpsuit;Música;2018;NULL;NULL;indie;Twenty One Pilots;NULL;Livre;3.98
Spotify PT;Just Like Honey;Música;1985;NULL;NULL;indie;The Jesus and Mary Chain;NULL;Livre;3.04
Spotify PT;Just You and I;Música;2019;NULL;NULL;indie;Tom Walker;NULL;Livre;2.92
Spotify PT;Pontos de Exclamação;Música;2020;NULL;NULL;indie;Jovem Dionisio;NULL;Livre;3.02
Spotify PT;Jimmy Renda-Se;Música;1971;NULL;NULL;indie;Tom Zé;NULL;Livre;3.63
Spotify PT;Jackie And Wilson;Música;2014;NULL;NULL;indie;Hozier;NULL;Livre;3.72
Spotify PT;Budapest;Música;2014;NULL;NULL;folk;George Ezra;NULL;Livre;3.35
Spotify PT;Baile de São Simão;Música;2017;NULL;NULL;folk;Os Quatro e Meia;NULL;Livre;4.1
Spotify PT;Bloom - Bonus Track;Música;2013;NULL;NULL;folk;The Paper Kites;NULL;Livre;3.5
Spotify PT;Blowin' in the Wind;Música;1963;NULL;NULL;folk;Bob Dylan;NULL;Livre;2.76
Spotify PT;Brown Eyed Girl;Música;1967;NULL;NULL;folk;Van Morrison;NULL;Livre;3.06
Spotify PT;Bom Rapaz (feat. Carlão);Música;2020;NULL;NULL;folk;Os Quatro e Meia;NULL;Livre;2.92
Spotify PT;Beyond;Música;2018;NULL;NULL;folk;Leon Bridges;NULL;Livre;4.01
Spotify PT;Beach Baby;Música;2009;NULL;NULL;folk;Bon Iver;NULL;Livre;2.67
Spotify PT;Berlin;Música;2016;NULL;NULL;folk;RY X;NULL;Livre;2.9
Spotify PT;Baker Street;Música;1978;NULL;NULL;folk;Gerry Rafferty;NULL;Livre;6.09
Spotify PT;Big Black Car;Música;2009;NULL;NULL;folk;Gregory Alan Isakov;NULL;Livre;3.62
Spotify PT;Bad Bad News;Música;2018;NULL;NULL;folk;Leon Bridges;NULL;Livre;3.46
Spotify PT;Big Jet Plane;Música;2010;NULL;NULL;folk;Angus & Julia Stone;NULL;Livre;3.99
Spotify PT;Blame It on Me;Música;2014;NULL;NULL;folk;George Ezra;NULL;Livre;3.27
Spotify PT;Believe;Música;2015;NULL;NULL;folk;Mumford & Sons;NULL;Livre;3.68
Spotify PT;The Boxer;Música;1970;NULL;NULL;folk;Simon & Garfunkel;NULL;Livre;5.14
Spotify PT;Ballerina;Música;2019;NULL;NULL;folk;Yehezkel Raz;NULL;Livre;1.19
Spotify PT;Bloodbuzz Ohio;Música;2010;NULL;NULL;folk;The National;NULL;Livre;4.6
Spotify PT;Blessings;Música;2021;NULL;NULL;folk;Hollow Coves;NULL;Livre;4.18
Spotify PT;The Fall;Música;2013;NULL;NULL;indie;Rhye;NULL;Livre;3.74
Spotify PT;zombie girl;Música;2020;NULL;NULL;indie;Adrianne Lenker;NULL;Livre;2.74
Spotify PT;Zoom Zoom;Música;2017;NULL;NULL;indie;Polo & Pan;NULL;Livre;3.5
Spotify PT;Sweet Disposition;Música;2009;NULL;NULL;indie;The Temper Trap;NULL;Livre;3.91
Spotify PT;The Feminine Urge;Música;2024;NULL;NULL;indie;The Last Dinner Party;NULL;Livre;3.44
Spotify PT;The Wire;Música;2013;NULL;NULL;indie;HAIM;NULL;Livre;4.1
Spotify PT;Naive;Música;2006;NULL;NULL;indie;The Kooks;NULL;Livre;3.39
Spotify PT;ZITTI E BUONI - Eurovision Version;Música;2021;NULL;NULL;indie;Måneskin;NULL;Livre;3.06
Spotify PT;Intro;Música;2009;NULL;NULL;indie;The xx;NULL;Livre;2.13
Spotify PT;The Sound;Música;2016;NULL;NULL;indie;The 1975;NULL;Livre;4.15
Spotify PT;Crystalised;Música;2009;NULL;NULL;indie;The xx;NULL;Livre;3.37
Spotify PT;Follow The Sun;Música;2012;NULL;NULL;indie;Xavier Rudd;NULL;Livre;4.27
Spotify PT;Howlin' for You;Música;2020;NULL;NULL;indie;The Black Keys;NULL;Livre;3.2
Spotify PT;Runaway;Música;2015;NULL;NULL;indie;Ziggy Alberts;NULL;Livre;4.55
Spotify PT;Zionsville;Música;2015;NULL;NULL;indie;Khruangbin;NULL;Livre;4.2
Spotify PT;Hawái;Música;2020;NULL;NULL;trap;Maluma;NULL;Livre;3.32
Spotify PT;Horas Iguais;Música;2022;NULL;NULL;trap;WIU;NULL;Livre;4.12
Spotify PT;Hasta el Amanecer;Música;2017;NULL;NULL;trap;Nicky Jam;NULL;Livre;3.31
Spotify PT;Hey Mor;Música;2022;NULL;NULL;trap;Ozuna;NULL;Livre;3.28
Spotify PT;HEI;Música;2020;NULL;NULL;trap;ProfJam;NULL;Livre;3.47
Spotify PT;Hate It Or Love It;Música;2005;NULL;NULL;trap;The Game;NULL;18+;3.44
Spotify PT;HALLYWUD;Música;2022;NULL;NULL;trap;LON3R JOHNY;NULL;Livre;3.02
Spotify PT;Hotel Caro;Música;2022;NULL;NULL;trap;Baco Exu do Blues;NULL;Livre;3.7
Spotify PT;Hurts Me;Música;2023;NULL;NULL;trap;Tory Lanez;NULL;Livre;2.35
Spotify PT;hakuna matata;Música;2024;NULL;NULL;trap;Gunna;NULL;18+;2.13
Spotify PT;Hot (Remix) [feat. Gunna and Travis Scott];Música;2019;NULL;NULL;trap;Young Thug;NULL;18+;4.67
Spotify PT;Hora Errada;Música;2023;NULL;NULL;trap;Veigh;NULL;18+;3.5
Spotify PT;HP;Música;2019;NULL;NULL;trap;Maluma;NULL;18+;3.07
Spotify PT;Hat-Trick;Música;2020;NULL;NULL;trap;Wet Bed Gang;NULL;Livre;3.8
Spotify PT;Hasta Que Dios Diga;Música;2020;NULL;NULL;trap;Anuel AA;NULL;18+;4.1
Spotify PT;Hylander;Música;2020;NULL;NULL;trap;Abbot;NULL;Livre;1.61
Spotify PT;How We Do;Música;2005;NULL;NULL;trap;The Game;NULL;18+;3.93
Spotify PT;HIBIKI;Música;2023;NULL;NULL;trap;Bad Bunny;NULL;18+;3.47
Spotify PT;Hino dos Mlks;Música;2022;NULL;NULL;trap;BIN;NULL;18+;3.48
Spotify PT;Jazz Suite No. 2: VI. Waltz 2;Música;2002;NULL;NULL;classical;Dmitri Shostakovich;NULL;Livre;3.23
Spotify PT;Garota De Ipanema;Música;2007;NULL;NULL;classical;Antônio Carlos Jobim;NULL;Livre;4.05
Spotify PT;Jazz Suite No. 2: VI. Waltz II;Música;1992;NULL;NULL;classical;Dmitri Shostakovich;NULL;Livre;3.76
Spotify PT;JIN;Música;2017;NULL;NULL;classical;Martin Kohlstedt;NULL;Livre;3.87
Spotify PT;Jay;Música;2025;NULL;NULL;classical;Ludovico Einaudi;NULL;Livre;3.21
Spotify PT;Samba De Uma Nota Só;Música;2007;NULL;NULL;classical;Antônio Carlos Jobim;NULL;Livre;3.0
Spotify PT;Cello Suite No. 1 in G Major BWV 1007: I. Prélude;Música;1983;NULL;NULL;classical;Johann Sebastian Bach;NULL;Livre;2.54
Spotify PT;Chega De Saudade;Música;2007;NULL;NULL;classical;Antônio Carlos Jobim;NULL;Livre;3.89
Spotify PT;The Girl From Ipanema;Música;1967;NULL;NULL;classical;Antônio Carlos Jobim;NULL;Livre;3.34
Spotify PT;In A Sentimental Mood;Música;1963;NULL;NULL;classical;Duke Ellington;NULL;Livre;4.25
Spotify PT;Eu Sei Que Vou Te Amar;Música;2007;NULL;NULL;classical;Antônio Carlos Jobim;NULL;Livre;1.87
Spotify PT;Dindi - Live;Música;1989;NULL;NULL;classical;Antônio Carlos Jobim;NULL;Livre;5.34
Spotify PT;Beving: Ala;Música;2021;NULL;NULL;classical;Joep Beving;NULL;Livre;2.01
Spotify PT;Gianni Schicchi: O mio babbino caro;Música;2008;NULL;NULL;classical;Giacomo Puccini;NULL;Livre;2.82
Spotify PT;12 Songs Op. 21: V. Lilacs (Transcr. Rachmaninoff for Solo Piano);Música;2020;NULL;NULL;classical;Sergei Rachmaninoff;NULL;Livre;3.03
Spotify PT;13 Pieces for Piano Op. 76: II. Etude;Música;2020;NULL;NULL;classical;Jean Sibelius;NULL;Livre;2.81
Spotify PT;Janáček: On an Overgrown Path Book I: No. 7 Good Night!;Música;2020;NULL;NULL;classical;Leoš Janáček;NULL;Livre;3.32
Spotify PT;Jazz Suite No. 2: II. Lyric Waltz;Música;2002;NULL;NULL;classical;Dmitri Shostakovich;NULL;Livre;2.15
Spotify PT;Merry-Go-Round of Life - from 'Howl's Moving Castle';Música;2005;NULL;NULL;classical;Joe Hisaishi;NULL;Livre;5.19
Spotify PT;HOPE;Música;2023;NULL;NULL;hip hop;NF;NULL;Livre;4.41
Spotify PT;Não Troco;Música;2017;NULL;NULL;hip hop;Hungria;NULL;Livre;4.62
Spotify PT;Não Tenho Freio;Música;2015;NULL;NULL;hip hop;Hungria;NULL;18+;4.12
Spotify PT;HAPPY;Música;2023;NULL;NULL;hip hop;NF;NULL;Livre;4.04
Spotify PT;RUNNING;Música;2023;NULL;NULL;hip hop;NF;NULL;Livre;4.23
Spotify PT;Hip Hop Hooray;Música;1993;NULL;NULL;hip hop;Naughty By Nature;NULL;Livre;4.45
Spotify PT;Nha Familia;Música;2014;NULL;NULL;hip hop;Loreta Kba;NULL;Livre;3.87
Spotify PT;MISTAKE;Música;2023;NULL;NULL;hip hop;NF;NULL;Livre;3.59
Spotify PT;Still Dreaming;Música;2007;NULL;NULL;hip hop;Nas;NULL;18+;3.63
Spotify PT;Pisando Na Lua - Acústico;Música;2020;NULL;NULL;hip hop;Hungria;NULL;Livre;4.1
Spotify PT;GONE;Música;2023;NULL;NULL;hip hop;NF;NULL;Livre;4.1
Spotify PT;MOTTO;Música;2023;NULL;NULL;hip hop;NF;NULL;Livre;3.62
Spotify PT;CAREFUL;Música;2023;NULL;NULL;hip hop;NF;NULL;Livre;3.49
Spotify PT;Favela No Topo;Música;2021;NULL;NULL;hip hop;Hungria;NULL;18+;4.37
Spotify PT;PANDEMONIUM;Música;2023;NULL;NULL;hip hop;NF;NULL;Livre;3.28
Spotify PT;Rolê na City;Música;2015;NULL;NULL;hip hop;Hungria;NULL;18+;4.53
Spotify PT;LOST;Música;2021;NULL;NULL;hip hop;NF;NULL;Livre;3.91
Spotify PT;MAMA;Música;2023;NULL;NULL;hip hop;NF;NULL;Livre;3.47
Spotify PT;BULLET;Música;2023;NULL;NULL;hip hop;NF;NULL;Livre;3.71
Spotify PT;Feeling Good;Música;1965;NULL;NULL;jazz;Nina Simone;NULL;Livre;2.9
Spotify PT;Feeling Good;Música;2005;NULL;NULL;jazz;Michael Bublé;NULL;Livre;3.96
Spotify PT;Fly Me To The Moon;Música;1965;NULL;NULL;jazz;Astrud Gilberto;NULL;Livre;2.38
Spotify PT;Fotografia;Música;1974;NULL;NULL;jazz;Elis Regina;NULL;Livre;2.82
Spotify PT;Feather (feat. Cise Starr & Akin from CYNE);Música;2005;NULL;NULL;jazz;Nujabes;NULL;18+;2.92
Spotify PT;The First Time Ever I Saw Your Face;Música;1969;NULL;NULL;jazz;Roberta Flack;NULL;Livre;4.34
Spotify PT;Feel Like Makin' Love;Música;1975;NULL;NULL;jazz;Roberta Flack;NULL;Livre;2.92
Spotify PT;Fantasy;Música;1978;NULL;NULL;jazz;Earth Wind & Fire;NULL;Livre;3.77
Spotify PT;Fly Me to the Moon - Acoustic;Música;2017;NULL;NULL;jazz;Angelina Jordan;NULL;Livre;2.79
Spotify PT;Favela - Remastered;Música;2007;NULL;NULL;jazz;Ike Quebec;NULL;Livre;4.0
Spotify PT;Foto Viva;Música;1999;NULL;NULL;jazz;Mo' Horizons;NULL;Livre;6.08
Spotify PT;Fever;Música;2004;NULL;NULL;jazz;Ray Charles;NULL;Livre;3.51
Spotify PT;Find a Way;Música;1998;NULL;NULL;jazz;A Tribe Called Quest;NULL;Livre;3.38
Spotify PT;Feelin' The Same Way;Música;2002;NULL;NULL;jazz;Norah Jones;NULL;Livre;2.96
Spotify PT;O Morro Não Tem Vez;Música;1963;NULL;NULL;jazz;Antônio Carlos Jobim;NULL;Livre;3.35
Spotify PT;Sunrise;Música;2004;NULL;NULL;jazz;Norah Jones;NULL;Livre;3.34
Spotify PT;Feel The Music;Música;1995;NULL;NULL;jazz;Guru;NULL;Livre;3.96
Spotify PT;Feeling Good;Música;2022;NULL;NULL;jazz;Nenei;NULL;Livre;2.97
Spotify PT;Free;Música;2017;NULL;NULL;jazz;Jazzystics;NULL;Livre;3.48
Spotify PT;Finally;Música;2020;NULL;NULL;jazz;Stella Starlight Trio;NULL;Livre;3.65
Spotify PT;XO;Música;2016;NULL;NULL;folk;Anna Elizabeth Laube;NULL;Livre;3.93
Spotify PT;Grão de Areia;Música;2023;NULL;NULL;folk;Rubel;NULL;Livre;3.73
Spotify PT;Storm Boy;Música;2018;NULL;NULL;folk;Xavier Rudd;NULL;Livre;3.98
Spotify PT;Only;Música;2016;NULL;NULL;folk;RY X;NULL;Livre;4.47
Spotify PT;We Deserve To Dream;Música;2022;NULL;NULL;folk;Xavier Rudd;NULL;Livre;5.29
Spotify PT;Xiringüelu;Música;2019;NULL;NULL;folk;Rodrigo Cuevas;NULL;Livre;3.63
Spotify PT;Stoney Creek;Música;2022;NULL;NULL;folk;Xavier Rudd;NULL;18+;4.62
Spotify PT;Come Let Go;Música;2007;NULL;NULL;folk;Xavier Rudd;NULL;Livre;6.83
Spotify PT;Messages;Música;2005;NULL;NULL;folk;Xavier Rudd;NULL;Livre;4.04
Spotify PT;Howling;Música;2016;NULL;NULL;folk;RY X;NULL;Livre;5.16
Spotify PT;Xandinha;Música;1995;NULL;NULL;folk;Cesária Evora;NULL;Livre;5.72
Spotify PT;Walk Away;Música;2018;NULL;NULL;folk;Xavier Rudd;NULL;Livre;3.92
Spotify PT;Better People;Música;2007;NULL;NULL;folk;Xavier Rudd;NULL;Livre;3.09
Spotify PT;Let Me Be;Música;2004;NULL;NULL;folk;Xavier Rudd;NULL;Livre;4.23
Spotify PT;Butterfly;Música;2012;NULL;NULL;folk;Xavier Rudd;NULL;Livre;2.19
Spotify PT;Oceans;Música;2020;NULL;NULL;folk;RY X;NULL;Livre;4.66
Spotify PT;Nuvole Bianche;Música;2004;NULL;NULL;classical;Ludovico Einaudi;NULL;Livre;5.96
Spotify PT;Nocturne No. 2 in E-Flat Major Op. 9 No. 2;Música;1982;NULL;NULL;classical;Frédéric Chopin;NULL;Livre;4.56
Spotify PT;Nocturne Op. 9 No. 2;Música;2015;NULL;NULL;classical;Frédéric Chopin;NULL;Livre;5.04
Spotify PT;Nocturne No. 1 in B-Flat Minor Op. 9 No. 1;Música;2005;NULL;NULL;classical;Frédéric Chopin;NULL;Livre;4.78
Spotify PT;Nuestro Encuentro (Sentado A 'Beira Do Caminho);Música;2006;NULL;NULL;classical;Andrea Bocelli;NULL;Livre;4.11
Spotify PT;The Nutcracker Op. 71: Overture;Música;1992;NULL;NULL;classical;Pyotr Ilyich Tchaikovsky;NULL;Livre;1.72
Spotify PT;Night;Música;2015;NULL;NULL;classical;Ludovico Einaudi;NULL;Livre;5.51
Spotify PT;Nocturne in C Sharp;Música;2020;NULL;NULL;classical;Frédéric Chopin;NULL;Livre;4.56
Spotify PT;Nocturne en Mi Bémol Majeur Op. 9 No. 2;Música;2010;NULL;NULL;classical;Frédéric Chopin;NULL;Livre;4.47
Spotify PT;Nos Dias de Hoje;Música;2016;NULL;NULL;classical;Ricardo Ribeiro;NULL;Livre;3.6
Spotify PT;"Nelle tue mani - De ""Gladiator""";Música;2015;NULL;NULL;classical;Andrea Bocelli;NULL;Livre;4.35
Spotify PT;Natural Light;Música;2022;NULL;NULL;classical;Ludovico Einaudi;NULL;Livre;5.59
Spotify PT;Nocturne No. 2 in C Minor;Música;1999;NULL;NULL;classical;John Field;NULL;Livre;3.72
Spotify PT;Near Light;Música;2011;NULL;NULL;classical;Ólafur Arnalds;NULL;Livre;3.48
Spotify PT;Nocturne in C-sharp minor B. 49;Música;2010;NULL;NULL;classical;Frédéric Chopin;NULL;Livre;4.0
Spotify PT;Nocturne No. 10 In E Minor;Música;2000;NULL;NULL;classical;Benjamin Frith;NULL;Livre;3.21
Spotify PT;Nocturne No. 2 In E Flat Op. 9 No. 2;Música;2005;NULL;NULL;classical;Frédéric Chopin;NULL;Livre;4.04
Spotify PT;Nostalgia;Música;1998;NULL;NULL;classical;Joe Hisaishi;NULL;Livre;3.57
Spotify PT;Notturno for Strings and Harp;Música;2020;NULL;NULL;classical;Arnold Schoenberg;NULL;Livre;3.21
Spotify PT;Even;Música;2024;NULL;NULL;pop;Richie Campbell;NULL;Livre;3.13
Spotify PT;End of Beginning;Música;2022;NULL;NULL;pop;Djo;NULL;Livre;2.65
Spotify PT;Ela não sabe pois não?;Música;2024;NULL;NULL;pop;Bárbara Tinoco;NULL;Livre;3.09
Spotify PT;Espresso;Música;2024;NULL;NULL;pop;Sabrina Carpenter;NULL;18+;2.92
Spotify PT;E Agora;Música;2021;NULL;NULL;pop;Nininho Vaz Maia;NULL;Livre;3.1
Spotify PT;Everybody Wants To Rule The World;Música;1985;NULL;NULL;pop;Tears For Fears;NULL;Livre;4.19
Spotify PT;everything i wanted;Música;2019;NULL;NULL;pop;Billie Eilish;NULL;Livre;4.09
Spotify PT;exes;Música;2023;NULL;NULL;pop;Tate McRae;NULL;18+;2.66
Spotify PT;Entregador de Flor - Ao Vivo em Brasília;Música;2019;NULL;NULL;pop;Diego & Victor Hugo;NULL;Livre;3.17
Spotify PT;Eu Sei;Música;2018;NULL;NULL;pop;Badoxa;NULL;Livre;3.8
Spotify PT;Esquece o Mundo;Música;2017;NULL;NULL;pop;Yasmine;NULL;Livre;4.11
Spotify PT;Eu Não Danço Contigo;Música;2014;NULL;NULL;pop;Badoxa;NULL;Livre;4.3
Spotify PT;El Merengue;Música;2023;NULL;NULL;pop;Marshmello;NULL;Livre;3.16
Spotify PT;Easy On Me;Música;2021;NULL;NULL;pop;Adele;NULL;Livre;3.74
Spotify PT;Eu Chorava;Música;2016;NULL;NULL;pop;Nininho Vaz Maia;NULL;Livre;4.86
Spotify PT;Empire State Of Mind;Música;2009;NULL;NULL;pop;JAY-Z;NULL;18+;4.62
Spotify PT;Earned It (Fifty Shades Of Grey);Música;2021;NULL;NULL;pop;The Weeknd;NULL;18+;4.63
Spotify PT;Enemy (with JID) - from the series Arcane League of Legends;Música;2022;NULL;NULL;pop;Imagine Dragons;NULL;Livre;2.89
Spotify PT;It Was A Good Day;Música;1992;NULL;NULL;funk;Ice Cube;NULL;18+;4.33
Spotify PT;Irmã Gostosa;Música;2018;NULL;NULL;funk;Mc Livinho;NULL;18+;3.13
Spotify PT;Insegurança - Ao Vivo;Música;2007;NULL;NULL;funk;Pixote;NULL;Livre;3.01
Spotify PT;In the Shadows;Música;2003;NULL;NULL;funk;The Rasmus;NULL;Livre;4.3
Spotify PT;Iguaria;Música;2024;NULL;NULL;funk;Luísa Sonza;NULL;Livre;3.71
Spotify PT;INTENÇÃO;Música;2022;NULL;NULL;funk;MC Cabelinho;NULL;18+;3.78
Spotify PT;Incrível Jogando a Potranca;Música;2022;NULL;NULL;funk;Mc Gabzin;NULL;Livre;1.85
Spotify PT;Ilusão (Cracolândia);Música;2020;NULL;NULL;funk;MC Hariel;NULL;Livre;5.4
Spotify PT;Inevitável / Cheiro Bom;Música;2019;NULL;NULL;funk;MC Neguinho do Kaxeta;NULL;Livre;4.38
Spotify PT;Incendeia;Música;2022;NULL;NULL;funk;MC Kevin o Chris;NULL;18+;4.0
Spotify PT;I Got 5 On It;Música;1995;NULL;NULL;funk;Luniz;NULL;Livre;4.23
Spotify PT;Easy;Música;1977;NULL;NULL;funk;Commodores;NULL;Livre;4.27
Spotify PT;A Internet É Toxica;Música;2023;NULL;NULL;funk;Dj Lc;NULL;Livre;2.7
Spotify PT;Killing In The Name;Música;1992;NULL;NULL;funk;Rage Against The Machine;NULL;18+;5.23
Spotify PT;Interessante;Música;2023;NULL;NULL;funk;Ferrugem;NULL;Livre;2.88
Spotify PT;Isso Que é Vida;Música;2019;NULL;NULL;funk;DENNIS;NULL;18+;2.66
Spotify PT;Pra Inveja É Tchau;Música;2018;NULL;NULL;funk;Mc Kevin;NULL;Livre;2.89
Spotify PT;INTERE$$EIRA;Música;2021;NULL;NULL;funk;Luísa Sonza;NULL;Livre;2.17
Spotify PT;Zorro do Asfalto;Música;2015;NULL;NULL;hip hop;Hungria;NULL;Livre;3.56
Spotify PT;Zóio De Lula / Citação: Hoje Eu Só Procuro A Minha Paz;Música;2019;NULL;NULL;hip hop;Maneva;NULL;Livre;3.97
Spotify PT;LIFE SUCKS SO WE FUCK (feat. ZillaKami);Música;2023;NULL;NULL;hip hop;Night Lovell;NULL;18+;2.03
Spotify PT;Hope You Niggas Sleep (feat. Hot Boys & Big Tmer) - 2005 Remaster;Música;1999;NULL;NULL;hip hop;The Notorious B.I.G.;NULL;18+;4.17
Spotify PT;Or Nah (feat. The Weeknd Wiz Khalifa & DJ Mustard) - Remix;Música;2018;NULL;NULL;hip hop;Ty Dolla $ign;NULL;18+;4.05
Spotify PT;The Recipe;Música;2018;NULL;NULL;hip hop;Kendrick Lamar;NULL;18+;5.88
Spotify PT;Big Poppa;Música;2019;NULL;NULL;hip hop;The Notorious B.I.G.;NULL;18+;4.16
Spotify PT;The Seed (2.0);Música;2019;NULL;NULL;hip hop;The Roots;NULL;18+;4.47
Spotify PT;Only You [feat. The Notorious B.I.G. & Mase] - Bad Boy Remix;Música;2017;NULL;NULL;hip hop;112;NULL;18+;4.76
Spotify PT;Black Republican;Música;2007;NULL;NULL;hip hop;Nas;NULL;18+;3.76
Spotify PT;Fine and Free;Música;2007;NULL;NULL;hip hop;Guru;NULL;Livre;3.43
Spotify PT;Zaprogramowany;Música;2022;NULL;NULL;hip hop;Szymi Szyms;NULL;18+;3.02
Spotify PT;That's That Shit;Música;2023;NULL;NULL;hip hop;Snoop Dogg;NULL;18+;4.29
Spotify PT;I Do It For Hip Hop;Música;2008;NULL;NULL;hip hop;Ludacris;NULL;18+;5.37
Spotify PT;Hustlers;Música;2007;NULL;NULL;hip hop;Nas;NULL;18+;4.11
Spotify PT;Hopped Out Remix;Música;2022;NULL;NULL;hip hop;Chief Pound;NULL;18+;3.63
Spotify PT;Sailor Song;Música;2024;NULL;NULL;pop;Gigi Perez;NULL;Livre;3.53
Spotify PT;Stargazing;Música;2024;NULL;NULL;pop;Myles Smith;NULL;Livre;2.88
Spotify PT;Slow It Down;Música;2024;NULL;NULL;pop;Benson Boone;NULL;Livre;2.7
Spotify PT;The Scientist;Música;2002;NULL;NULL;pop;Coldplay;NULL;Livre;5.16
Spotify PT;Say You Won't Let Go;Música;2016;NULL;NULL;pop;James Arthur;NULL;Livre;3.52
Spotify PT;Something Just Like This;Música;2017;NULL;NULL;pop;The Chainsmokers;NULL;Livre;4.12
Spotify PT;Snooze;Música;2022;NULL;NULL;pop;SZA;NULL;18+;3.36
Spotify PT;Starboy;Música;2016;NULL;NULL;pop;The Weeknd;NULL;18+;3.84
Spotify PT;Sagrado Profano;Música;2024;NULL;NULL;pop;Luísa Sonza;NULL;Livre;3.28
Spotify PT;Sign of the Times;Música;2017;NULL;NULL;pop;Harry Styles;NULL;Livre;5.68
Spotify PT;Stick Season;Música;2022;NULL;NULL;pop;Noah Kahan;NULL;Livre;3.04
Spotify PT;Someone You Loved;Música;2019;NULL;NULL;pop;Lewis Capaldi;NULL;Livre;3.04
Spotify PT;Shallow;Música;2018;NULL;NULL;pop;Lady Gaga;NULL;Livre;3.6
Spotify PT;Shut up My Moms Calling;Música;2020;NULL;NULL;pop;Hotel Ugly;NULL;Livre;2.74
Spotify PT;Shape of You;Música;2017;NULL;NULL;pop;Ed Sheeran;NULL;Livre;3.9
Spotify PT;Stolen Dance;Música;2013;NULL;NULL;pop;Milky Chance;NULL;Livre;5.23
Spotify PT;Somewhere Only We Know;Música;2004;NULL;NULL;pop;Keane;NULL;Livre;3.93
Spotify PT;Someone Like You;Música;2011;NULL;NULL;pop;Adele;NULL;Livre;4.75
Spotify PT;Are You With Me;Música;2016;NULL;NULL;edm;Lost Frequencies;NULL;Livre;2.3
Spotify PT;All That Really Matters;Música;2023;NULL;NULL;edm;ILLENIUM;NULL;Livre;4.07
Spotify PT;All Around The World (La La La);Música;2019;NULL;NULL;edm;R3HAB;NULL;Livre;2.46
Spotify PT;adore u;Música;2023;NULL;NULL;edm;Fred again..;NULL;Livre;3.68
Spotify PT;Addicted To You;Música;2013;NULL;NULL;edm;Avicii;NULL;Livre;2.47
Spotify PT;Around The World (La La La La);Música;2023;NULL;NULL;edm;Umur Anil Gokdag;NULL;Livre;1.89
Spotify PT;All the Things She Said;Música;2024;NULL;NULL;edm;Robin Schulz;NULL;Livre;2.75
Spotify PT;abcdefu;Música;2022;NULL;NULL;edm;Umur Anil Gokdag;NULL;18+;2.77
Spotify PT;Where Are You Now;Música;2021;NULL;NULL;edm;Lost Frequencies;NULL;Livre;2.47
Spotify PT;Another World;Música;2024;NULL;NULL;edm;MEDUZA;NULL;Livre;2.4
Spotify PT;Animals;Música;2013;NULL;NULL;edm;Martin Garrix;NULL;Livre;5.07
Spotify PT;I Got U;Música;2014;NULL;NULL;edm;Duke Dumont;NULL;Livre;4.76
Spotify PT;All Night Long;Música;2024;NULL;NULL;edm;Kungs;NULL;Livre;2.98
Spotify PT;I Could Be The One (Avicii Vs. Nicky Romero) - Radio Edit;Música;2012;NULL;NULL;edm;Avicii;NULL;Livre;3.47
Spotify PT;Animals - Radio Edit;Música;2013;NULL;NULL;edm;Martin Garrix;NULL;Livre;2.94
Spotify PT;Sugar (feat. Francesco Yates);Música;2015;NULL;NULL;edm;Robin Schulz;NULL;Livre;3.65
Spotify PT;Sexy Bitch (feat. Akon);Música;2010;NULL;NULL;edm;David Guetta;NULL;18+;3.26
Spotify PT;Stole the Show;Música;2016;NULL;NULL;edm;Kygo;NULL;Livre;3.72
Spotify PT;Scared to Be Lonely;Música;2017;NULL;NULL;edm;Martin Garrix;NULL;Livre;3.68
Spotify PT;She’s Gone Dance On;Música;2024;NULL;NULL;edm;Disclosure;NULL;Livre;3.78
Spotify PT;Silence;Música;2017;NULL;NULL;edm;Marshmello;NULL;Livre;3.01
Spotify PT;Sou Musa do Verão;Música;2023;NULL;NULL;edm;Marshmello;NULL;Livre;3.12
Spotify PT;Slide (feat. Frank Ocean & Migos);Música;2017;NULL;NULL;edm;Calvin Harris;NULL;18+;3.85
Spotify PT;Somewhere Only We Know;Música;2022;NULL;NULL;edm;Umur Anil Gokdag;NULL;Livre;2.14
Spotify PT;Sweet Nothing (feat. Florence Welch);Música;2012;NULL;NULL;edm;Calvin Harris;NULL;Livre;3.54
Spotify PT;Sun Goes Down (feat. Jasmine Thompson) - Radio Mix;Música;2014;NULL;NULL;edm;Robin Schulz;NULL;Livre;3.0
Spotify PT;Sweater Weather;Música;2023;NULL;NULL;edm;Umur Anil Gokdag;NULL;Livre;2.52
Spotify PT;Save The World;Música;2011;NULL;NULL;edm;Swedish House Mafia;NULL;Livre;3.56
Spotify PT;Stars Will Align;Música;2024;NULL;NULL;edm;Kygo;NULL;Livre;3.91
Spotify PT;Stay;Música;2017;NULL;NULL;edm;Zedd;NULL;Livre;3.5
Spotify PT;Summer Days (feat. Macklemore & Patrick Stump of Fall Out Boy);Música;2019;NULL;NULL;edm;Martin Garrix;NULL;18+;2.73
Spotify PT;She Wolf (Falling to Pieces) [feat. Sia];Música;2012;NULL;NULL;edm;David Guetta;NULL;Livre;3.71
Spotify PT;Satisfaction;Música;2022;NULL;NULL;edm;David Guetta;NULL;Livre;2.59
Spotify PT;Xico;Música;2011;NULL;NULL;jazz;Luísa Sobral;NULL;Livre;3.21
Spotify PT;Dream A Little Dream Of Me;Música;1968;NULL;NULL;jazz;Louis Armstrong;NULL;Livre;3.28
Spotify PT;Dream A Little Dream Of Me - Single Version;Música;2007;NULL;NULL;jazz;Ella Fitzgerald;NULL;Livre;3.09
Spotify PT;Summertime;Música;1958;NULL;NULL;jazz;Ella Fitzgerald;NULL;Livre;4.97
Spotify PT;Cheek To Cheek;Música;1956;NULL;NULL;jazz;Ella Fitzgerald;NULL;Livre;5.89
Spotify PT;A Kiss To Build A Dream On - Single Version;Música;1952;NULL;NULL;jazz;Louis Armstrong;NULL;Livre;3.02
Spotify PT;Love X Love;Música;1980;NULL;NULL;jazz;George Benson;NULL;Livre;4.78
Spotify PT;They Can't Take That Away From Me;Música;1956;NULL;NULL;jazz;Ella Fitzgerald;NULL;Livre;4.66
Spotify PT;X is closer to A;Música;2024;NULL;NULL;jazz;Kessoncoda;NULL;Livre;3.77
Spotify PT;C'est si bon;Música;1952;NULL;NULL;jazz;Louis Armstrong;NULL;Livre;3.05
Spotify PT;Autumn In New York;Música;1957;NULL;NULL;jazz;Ella Fitzgerald;NULL;Livre;5.94
Spotify PT;Hello Dolly!;Música;1964;NULL;NULL;jazz;Louis Armstrong;NULL;Livre;2.45
Spotify PT;I've Got A Crush On You;Música;1950;NULL;NULL;jazz;Ella Fitzgerald;NULL;Livre;3.27
Spotify PT;Blue Skies;Música;1959;NULL;NULL;jazz;Ella Fitzgerald;NULL;Livre;3.77
Spotify PT;xoxoxo;Música;2023;NULL;NULL;jazz;corto.alto;NULL;Livre;5.4
Spotify PT;Night And Day;Música;1956;NULL;NULL;jazz;Ella Fitzgerald;NULL;Livre;3.1
Spotify PT;Mack the Knife;Música;1929;NULL;NULL;jazz;Louis Armstrong;NULL;Livre;3.36
Spotify PT;No One Noticed;Música;2024;NULL;NULL;indie;The Marías;NULL;Livre;3.95
Spotify PT;No Surprises;Música;1997;NULL;NULL;indie;Radiohead;NULL;Livre;3.82
Spotify PT;Na Lua;Música;2019;NULL;NULL;indie;NAPA;NULL;Livre;3.92
Spotify PT;Não Admira;Música;2023;NULL;NULL;indie;NAPA;NULL;Livre;4.7
Spotify PT;Notion;Música;2021;NULL;NULL;indie;The Rare Occasions;NULL;Livre;3.25
Spotify PT;Not Allowed;Música;2016;NULL;NULL;indie;TV Girl;NULL;18+;2.8
Spotify PT;Nothing's Gonna Hurt You Baby;Música;2012;NULL;NULL;indie;Cigarettes After Sex;NULL;Livre;4.77
Spotify PT;Navajo;Música;2017;NULL;NULL;indie;Masego;NULL;Livre;3.24
Spotify PT;Na Na Nada;Música;2024;NULL;NULL;indie;Capitão Fausto;NULL;Livre;2.71
Spotify PT;Nunca Nada Muda;Música;2024;NULL;NULL;indie;Capitão Fausto;NULL;Livre;4.03
Spotify PT;Northern Attitude;Música;2022;NULL;NULL;indie;Noah Kahan;NULL;18+;4.45
Spotify PT;Nothing's New;Música;2022;NULL;NULL;indie;Rio Romeo;NULL;Livre;3.52
Spotify PT;Nude;Música;2007;NULL;NULL;indie;Radiohead;NULL;Livre;4.26
Spotify PT;not a lot just forever;Música;2020;NULL;NULL;indie;Adrianne Lenker;NULL;Livre;4.17
Spotify PT;Nada de Mal;Música;2024;NULL;NULL;indie;Capitão Fausto;NULL;Livre;3.66
Spotify PT;Neverender;Música;2024;NULL;NULL;indie;Justice;NULL;Livre;4.44
Spotify PT;Need 2;Música;2015;NULL;NULL;indie;Pinegrove;NULL;Livre;3.2
Spotify PT;R U Mine?;Música;2013;NULL;NULL;indie;Arctic Monkeys;NULL;Livre;3.36
Spotify PT;Ride;Música;2015;NULL;NULL;indie;Twenty One Pilots;NULL;Livre;3.58
Spotify PT;Losing My Religion;Música;1991;NULL;NULL;indie;R.E.M.;NULL;Livre;4.47
Spotify PT;rises the moon;Música;2019;NULL;NULL;indie;Liana Flores;NULL;Livre;2.7
Spotify PT;Real Man;Música;2024;NULL;NULL;indie;beabadoobee;NULL;Livre;2.68
Spotify PT;Red Wine Supernova;Música;2023;NULL;NULL;indie;Chappell Roan;NULL;18+;3.21
Spotify PT;Rosyln;Música;2009;NULL;NULL;indie;Bon Iver;NULL;Livre;4.83
Spotify PT;River;Música;2015;NULL;NULL;indie;Leon Bridges;NULL;Livre;4.0
Spotify PT;You & Me - Rivo Remix;Música;2023;NULL;NULL;indie;Disclosure;NULL;Livre;3.48
Spotify PT;Real Love Baby;Música;2016;NULL;NULL;indie;Father John Misty;NULL;Livre;3.15
Spotify PT;Run Your Mouth;Música;2024;NULL;NULL;indie;The Marías;NULL;Livre;2.67
Spotify PT;Remember That Night?;Música;2020;NULL;NULL;indie;Sara Kays;NULL;Livre;3.79
Spotify PT;ROXANNE;Música;2019;NULL;NULL;indie;Arizona Zervas;NULL;18+;2.73
Spotify PT;Repeat Until Death;Música;2018;NULL;NULL;indie;Novo Amor;NULL;Livre;3.9
Spotify PT;Rosemary;Música;2012;NULL;NULL;indie;Deftones;NULL;Livre;6.89
Spotify PT;Creep;Música;1993;NULL;NULL;indie;Radiohead;NULL;18+;3.98
Spotify PT;Routines In The Night;Música;2024;NULL;NULL;indie;Twenty One Pilots;NULL;Livre;3.38
Spotify PT;Red Eyes;Música;2014;NULL;NULL;indie;The War On Drugs;NULL;Livre;4.98
Spotify PT;Reckoner;Música;2007;NULL;NULL;indie;Radiohead;NULL;Livre;4.84
Spotify PT;Rebellion (Lies);Música;2004;NULL;NULL;indie;Arcade Fire;NULL;Livre;5.18
Spotify PT;Otherside;Música;1999;NULL;NULL;funk;Red Hot Chili Peppers;NULL;Livre;4.26
Spotify PT;Olha A Explosão;Música;2016;NULL;NULL;funk;MC Kevinho;NULL;Livre;2.7
Spotify PT;Os Bico Tão Se Perguntando (Let’s Go 3);Música;2023;NULL;NULL;funk;MC PH;NULL;18+;2.96
Spotify PT;O Poder Dessa Garota;Música;2022;NULL;NULL;funk;Mc Gabzin;NULL;Livre;2.28
Spotify PT;O Grave Bater;Música;2017;NULL;NULL;funk;MC Kevinho;NULL;Livre;3.03
Spotify PT;Oh Juliana;Música;2020;NULL;NULL;funk;Niack;NULL;Livre;2.55
Spotify PT;Olá Moça;Música;2024;NULL;NULL;funk;Mc IG;NULL;Livre;2.74
Spotify PT;Opções;Música;2023;NULL;NULL;funk;Chefin;NULL;18+;3.01
Spotify PT;O Bebê;Música;2018;NULL;NULL;funk;MC Kevinho;NULL;Livre;2.97
Spotify PT;Oh Novinha;Música;2016;NULL;NULL;funk;Mc Don Juan;NULL;18+;3.59
Spotify PT;Os Menino Tá Com o Pacote;Música;2023;NULL;NULL;funk;MC PH;NULL;18+;3.06
Spotify PT;Tá OK;Música;2023;NULL;NULL;funk;DENNIS;NULL;Livre;1.53
Spotify PT;Oh Nanana;Música;2017;NULL;NULL;funk;Bonde R300;NULL;18+;3.63
Spotify PT;Ô Moça;Música;2020;NULL;NULL;funk;MC Zaquin;NULL;Livre;3.02
Spotify PT;Os Muleke É Liso;Música;2014;NULL;NULL;funk;MC Rodolfinho;NULL;Livre;3.88
Spotify PT;Open Your Eyes;Música;1997;NULL;NULL;funk;Guano Apes;NULL;Livre;3.13
Spotify PT;Gaiola É o Troco;Música;2019;NULL;NULL;funk;MC Du Black;NULL;18+;3.12
Spotify PT;Hoje o Dia Tá Bonito;Música;2024;NULL;NULL;funk;MC Marks;NULL;Livre;1.83
Spotify PT;Ordem do Mano;Música;2024;NULL;NULL;funk;Mc Poze do Rodo;NULL;18+;3.26
Spotify PT;Opção;Música;2021;NULL;NULL;funk;Mc Kevin;NULL;18+;4.18
Spotify PT;Ojitos Lindos;Música;2022;NULL;NULL;trap;Bad Bunny;NULL;Livre;4.3
Spotify PT;one of wun;Música;2024;NULL;NULL;trap;Gunna;NULL;18+;2.4
Spotify PT;Olha oq ce fez comigo;Música;2024;NULL;NULL;trap;WIU;NULL;18+;3.47
Spotify PT;Outros Corpos;Música;2024;NULL;NULL;trap;Orochi;NULL;Livre;3.15
Spotify PT;on one tonight;Música;2024;NULL;NULL;trap;Gunna;NULL;18+;1.51
Spotify PT;Oi Como Ce Tá?;Música;2022;NULL;NULL;trap;Vulgo FK;NULL;Livre;2.6
Spotify PT;O Som;Música;2024;NULL;NULL;trap;Matuê;NULL;18+;5.21
Spotify PT;Otro Atardecer;Música;2022;NULL;NULL;trap;Bad Bunny;NULL;Livre;4.07
Spotify PT;Outro Dia;Música;2019;NULL;NULL;trap;A Banca Records;NULL;18+;3.88
Spotify PT;Os Menino da Nova;Música;2024;NULL;NULL;trap;Supernova Ent;NULL;Livre;2.29
Spotify PT;Otra Noche Sin Ti;Música;2021;NULL;NULL;trap;J Balvin;NULL;Livre;3.82
Spotify PT;Acende o Isqueiro;Música;2019;NULL;NULL;trap;Orochi;NULL;Livre;3.46
Spotify PT;OA;Música;2023;NULL;NULL;trap;Anuel AA;NULL;18+;3.92
Spotify PT;O Meu Money;Música;2022;NULL;NULL;trap;LON3R JOHNY;NULL;Livre;2.77
Spotify PT;Se Preparó;Música;2017;NULL;NULL;trap;Ozuna;NULL;Livre;3.13
Spotify PT;Otro Trago - Remix;Música;2019;NULL;NULL;trap;Sech;NULL;18+;4.8
Spotify PT;Kenny G;Música;2019;NULL;NULL;trap;Matuê;NULL;18+;3.16
Spotify PT;Danza Kuduro;Música;2010;NULL;NULL;trap;Don Omar;NULL;Livre;3.31
Spotify PT;Con Calma;Música;2019;NULL;NULL;trap;Daddy Yankee;NULL;Livre;3.22
Spotify PT;Kiss Me Thru The Phone;Música;2008;NULL;NULL;trap;Soulja Boy;NULL;Livre;3.22
Spotify PT;Kyoto;Música;2023;NULL;NULL;trap;Omar Courtz;NULL;18+;4.13
Spotify PT;Mitsubishi;Música;2020;NULL;NULL;trap;Orochi;NULL;18+;3.04
Spotify PT;Celebridade;Música;2020;NULL;NULL;trap;Orochi;NULL;18+;3.85
Spotify PT;CONFISSÕES PT2;Música;2024;NULL;NULL;trap;Nagalli;NULL;18+;2.43
Spotify PT;Loucura;Música;2023;NULL;NULL;trap;Borges;NULL;18+;3.0
Spotify PT;Vida Chique;Música;2022;NULL;NULL;trap;Veigh;NULL;18+;3.51
Spotify PT;Antes do Sol Nascer;Música;2020;NULL;NULL;trap;Orochi;NULL;18+;3.82
Spotify PT;Champagne;Música;2021;NULL;NULL;trap;Orochi;NULL;18+;4.08
Spotify PT;Qué Más Pues?;Música;2021;NULL;NULL;trap;J Balvin;NULL;Livre;3.62
Spotify PT;Licor 43;Música;2022;NULL;NULL;trap;KayBlack;NULL;18+;2.37
Spotify PT;Sereia;Música;2023;NULL;NULL;trap;Orochi;NULL;18+;4.91
Spotify PT;King's Dead (with Kendrick Lamar Future & James Blake);Música;2018;NULL;NULL;trap;Jay Rock;NULL;18+;3.83
Spotify PT;Kill Yourself (Part III);Música;2015;NULL;NULL;trap;$uicideboy$;NULL;18+;2.42
Spotify PT;Joga Pra Lua;Música;2024;NULL;NULL;funk;Anitta;NULL;Livre;2.09
Spotify PT;Joga O Bum Bum Tam Tam;Música;2017;NULL;NULL;funk;MC Fioti;NULL;18+;2.59
Spotify PT;Jogo do Amor;Música;2018;NULL;NULL;funk;MC Bruninho;NULL;Livre;2.4
Spotify PT;Joga Essa Rabeta;Música;2022;NULL;NULL;funk;MC Teuzin PV;NULL;18+;2.58
Spotify PT;Joga na Cara;Música;2021;NULL;NULL;funk;MC Braz;NULL;18+;1.83
Spotify PT;JOIA RARA;Música;2023;NULL;NULL;funk;PEDRO SAMPAIO;NULL;Livre;2.55
Spotify PT;Jovens Milionários (Let's Go 2);Música;2023;NULL;NULL;funk;MC PH;NULL;18+;3.19
Spotify PT;Jesus Olhou pra Mim;Música;2020;NULL;NULL;funk;MC Marks;NULL;18+;3.87
Spotify PT;Downtown;Música;2017;NULL;NULL;funk;Anitta;NULL;Livre;3.22
Spotify PT;Junção Venenosa;Música;2021;NULL;NULL;funk;Mc Kevin;NULL;18+;3.43
Spotify PT;Jogo do Corinthians;Música;2023;NULL;NULL;funk;Mc IG;NULL;18+;2.45
Spotify PT;Just an Illusion;Música;1982;NULL;NULL;funk;Imagination;NULL;Livre;6.46
Spotify PT;Rather Be (feat. Jess Glynne);Música;2014;NULL;NULL;funk;Clean Bandit;NULL;Livre;3.8
Spotify PT;Nois Já Tá Rico;Música;2024;NULL;NULL;funk;Mc IG;NULL;Livre;4.8
Spotify PT;Ain't No Sunshine;Música;1971;NULL;NULL;funk;Bill Withers;NULL;Livre;2.08
Spotify PT;Ela joga no 7;Música;2023;NULL;NULL;funk;Tz da Coronel;NULL;Livre;3.33
Spotify PT;Just Like This;Música;1999;NULL;NULL;funk;Limp Bizkit;NULL;Livre;3.58
Spotify PT;Hip hop (sou eu e és tu);Música;2005;NULL;NULL;hip hop;Boss AC;NULL;Livre;3.71
Spotify PT;Hopeless Romantic (feat. Swae Lee);Música;2018;NULL;NULL;hip hop;Wiz Khalifa;NULL;18+;3.78
Spotify PT;Só Era Nós;Música;2022;NULL;NULL;hip hop;Hungria;NULL;Livre;3.25
Spotify PT;Sai do Meu Pé;Música;2015;NULL;NULL;hip hop;Hungria;NULL;Livre;3.73
Spotify PT;Seu Pai Falou;Música;2023;NULL;NULL;hip hop;Hungria;NULL;Livre;3.34
Spotify PT;Hop Off A Jet (feat. Travis Scott);Música;2019;NULL;NULL;hip hop;Young Thug;NULL;18+;2.9
Spotify PT;SUFFICE;Música;2023;NULL;NULL;hip hop;NF;NULL;Livre;4.43
Spotify PT;Swimming Pools (Drank);Música;2017;NULL;NULL;hip hop;Kendrick Lamar;NULL;18+;4.13
Spotify PT;Stand Up;Música;2007;NULL;NULL;hip hop;Guru;NULL;Livre;3.61
Spotify PT;CLYDE (I Hope at Least One of My Ex-Girlfriends Hears This);Música;2015;NULL;NULL;hip hop;$uicideboy$;NULL;18+;2.54
Spotify PT;State of Clarity;Música;2007;NULL;NULL;hip hop;Guru;NULL;Livre;3.54
Spotify PT;Street Hop;Música;2018;NULL;NULL;hip hop;Sacik Brow;NULL;Livre;3.13
Spotify PT;Still D.R.E.;Música;2008;NULL;NULL;hip hop;Dr. Dre;NULL;18+;4.47
Spotify PT;Sag My Pants;Música;2010;NULL;NULL;hip hop;Hopsin;NULL;18+;3.65
Spotify PT;SUPER HIP-HOP;Música;2024;NULL;NULL;hip hop;Febem;NULL;18+;2.6
Spotify PT;I Found;Música;2015;NULL;NULL;folk;Amber Run;NULL;Livre;4.55
Spotify PT;I Will Wait;Música;2012;NULL;NULL;folk;Mumford & Sons;NULL;Livre;4.61
Spotify PT;I Need My Girl;Música;2013;NULL;NULL;folk;The National;NULL;18+;4.09
Spotify PT;Inquietação;Música;1996;NULL;NULL;folk;José Mário Branco;NULL;Livre;3.84
Spotify PT;I'm a Believer - 2006 Remaster;Música;1967;NULL;NULL;folk;The Monkees;NULL;Livre;2.79
Spotify PT;It's Too Late;Música;1971;NULL;NULL;folk;Carole King;NULL;Livre;3.89
Spotify PT;Into the Mystic - 2013 Remaster;Música;1970;NULL;NULL;folk;Van Morrison;NULL;Livre;3.43
Spotify PT;Interludio - I've Never Been There - Ao Vivo no Estádio Cidade De Coimbra;Música;2023;NULL;NULL;folk;Os Quatro e Meia;NULL;Livre;1.24
Spotify PT;Into The Sun - EP Version;Música;2015;NULL;NULL;folk;Sons Of The East;NULL;Livre;5.01
Spotify PT;I Lied (with Allison Ponthier);Música;2021;NULL;NULL;folk;Lord Huron;NULL;Livre;3.91
Spotify PT;I Forget Where We Were;Música;2014;NULL;NULL;folk;Ben Howard;NULL;Livre;4.69
Spotify PT;I Still Haven't Found What I'm Looking For;Música;2021;NULL;NULL;folk;Sarah Jarosz;NULL;Livre;3.54
Spotify PT;I'm with You;Música;2018;NULL;NULL;folk;Vance Joy;NULL;Livre;4.0
Spotify PT;Layla;Música;1970;NULL;NULL;folk;Derek & The Dominos;NULL;Livre;7.06
Spotify PT;I Love You Like An Alcoholic;Música;2012;NULL;NULL;folk;The Taxpayers;NULL;Livre;3.6
Spotify PT;In Dreams;Música;2014;NULL;NULL;folk;Ben Howard;NULL;Livre;3.56
Spotify PT;I Think Of You;Música;1971;NULL;NULL;folk;Rodríguez;NULL;Livre;3.43
Spotify PT;It Ain't Me Babe;Música;2006;NULL;NULL;folk;Joan Baez;NULL;Livre;3.35
Spotify PT;If I Go I'm Goin;Música;2009;NULL;NULL;folk;Gregory Alan Isakov;NULL;Livre;4.45
Spotify PT;Tenho Que Me Decidir;Música;2023;NULL;NULL;funk;MC PH;NULL;18+;3.87
Spotify PT;Take A Look Around;Música;2000;NULL;NULL;funk;Limp Bizkit;NULL;Livre;5.35
Spotify PT;Também;Música;2024;NULL;NULL;funk;Mc Th;NULL;18+;2.03
Spotify PT;Terapia;Música;2020;NULL;NULL;funk;Mc Kevin;NULL;18+;3.54
Spotify PT;Toma Tapa;Música;2022;NULL;NULL;funk;Mc Jacaré;NULL;18+;2.05
Spotify PT;Te Maceto Depois Do Baile;Música;2024;NULL;NULL;funk;DJ Zigão;NULL;18+;3.82
Spotify PT;Tropa do Sem K.O;Música;2024;NULL;NULL;funk;MC Joãozinho VT;NULL;18+;6.27
Spotify PT;Trilogia 150;Música;2019;NULL;NULL;funk;MC Roger;NULL;18+;2.16
Spotify PT;The Next Episode;Música;1999;NULL;NULL;funk;Dr. Dre;NULL;18+;2.69
Spotify PT;Tumbalatum;Música;2016;NULL;NULL;funk;MC Kevinho;NULL;Livre;2.05
Spotify PT;Terremoto;Música;2019;NULL;NULL;funk;Anitta;NULL;Livre;2.44
Spotify PT;Tanto Faz;Música;2020;NULL;NULL;funk;MC L da Vinte;NULL;Livre;2.49
Spotify PT;Tem Café;Música;2017;NULL;NULL;funk;Gaab;NULL;18+;4.38
Spotify PT;Tudo no Sigilo;Música;2020;NULL;NULL;funk;Vytinho NG;NULL;18+;2.62
Spotify PT;Tchau Obrigado;Música;2021;NULL;NULL;funk;MC Ryan SP;NULL;18+;5.84
Spotify PT;Te Prometo;Música;2019;NULL;NULL;funk;DENNIS;NULL;Livre;2.69
Spotify PT;Tipo Gin - Ao Vivo;Música;2021;NULL;NULL;funk;MC Kevin o Chris;NULL;Livre;2.65
Spotify PT;Velha Infância - 2004 Digital Remaster;Música;2002;NULL;NULL;rock;Tribalistas;NULL;Livre;4.17
Spotify PT;Vienna;Música;1977;NULL;NULL;rock;Billy Joel;NULL;Livre;3.57
Spotify PT;Voa (Voa);Música;1998;NULL;NULL;rock;Quinta Do Bill;NULL;Livre;3.55
Spotify PT;Violent Pornography;Música;2005;NULL;NULL;rock;System Of A Down;NULL;18+;3.52
Spotify PT;Vamos Fugir;Música;2004;NULL;NULL;rock;Skank;NULL;Livre;4.0
Spotify PT;Veridis Quo;Música;2001;NULL;NULL;rock;Daft Punk;NULL;Livre;5.75
Spotify PT;Você Me Encantou Demais - Ao Vivo;Música;2012;NULL;NULL;rock;Natiruts;NULL;Livre;3.52
Spotify PT;Velvet Ring - 2023 Remaster;Música;2016;NULL;NULL;rock;Big Thief;NULL;Livre;2.6
Spotify PT;Você Me Leva ao Deserto;Música;2015;NULL;NULL;rock;Ministério Zoe;NULL;Livre;5.26
Spotify PT;Ventura Highway;Música;1972;NULL;NULL;rock;America;NULL;Livre;3.53
Spotify PT;VALENTINE;Música;2023;NULL;NULL;rock;Måneskin;NULL;Livre;3.62
Spotify PT;Via con me;Música;1981;NULL;NULL;rock;Paolo Conte;NULL;Livre;2.78
Spotify PT;Vicinity Of Obscenity;Música;2005;NULL;NULL;rock;System Of A Down;NULL;Livre;2.86
Spotify PT;Vou Deixar;Música;2003;NULL;NULL;rock;Skank;NULL;Livre;4.56
Spotify PT;Vapor barato;Música;1996;NULL;NULL;rock;O Rappa;NULL;Livre;4.39
Spotify PT;Bitter Sweet Symphony - Remastered 2016;Música;1997;NULL;NULL;rock;The Verve;NULL;Livre;5.95
Spotify PT;Tudo O Que Eu Te Dou;Música;1994;NULL;NULL;rock;Pedro Abrunhosa;NULL;Livre;3.89
Spotify PT;Duality;Música;2004;NULL;NULL;rock;Slipknot;NULL;Livre;4.21
Spotify PT;Vincent;Música;1971;NULL;NULL;rock;Don McLean;NULL;Livre;4.06
Spotify PT;How You Remind Me;Música;2001;NULL;NULL;metal;Nickelback;NULL;Livre;3.73
Spotify PT;Here Without You;Música;2002;NULL;NULL;metal;3 Doors Down;NULL;Livre;3.98
Spotify PT;Hail to the King;Música;2013;NULL;NULL;metal;Avenged Sevenfold;NULL;Livre;5.1
Spotify PT;Heavy Is the Crown;Música;2024;NULL;NULL;metal;Linkin Park;NULL;Livre;2.78
Spotify PT;Hypnotize;Música;2005;NULL;NULL;metal;System Of A Down;NULL;Livre;3.16
Spotify PT;Higher;Música;1999;NULL;NULL;metal;Creed;NULL;Livre;5.28
Spotify PT;Hero;Música;2009;NULL;NULL;metal;Skillet;NULL;Livre;3.11
Spotify PT;In the End;Música;2000;NULL;NULL;metal;Linkin Park;NULL;Livre;3.61
Spotify PT;Hot Dog;Música;2000;NULL;NULL;metal;Limp Bizkit;NULL;18+;3.84
Spotify PT;Heavy (feat. Kiiara);Música;2017;NULL;NULL;metal;Linkin Park;NULL;18+;2.83
Spotify PT;Here I Go Again - 2018 Remaster;Música;1987;NULL;NULL;metal;Whitesnake;NULL;Livre;4.59
Spotify PT;Hysteria;Música;1987;NULL;NULL;metal;Def Leppard;NULL;Livre;5.91
Spotify PT;Hallowed Be Thy Name - 2015 Remaster;Música;1982;NULL;NULL;metal;Iron Maiden;NULL;Livre;7.18
Spotify PT;Hunger Strike;Música;1990;NULL;NULL;metal;Temple Of The Dog;NULL;Livre;4.1
Spotify PT;Heaven and Hell;Música;1980;NULL;NULL;metal;Black Sabbath;NULL;Livre;6.96
Spotify PT;Here Without You - Acoustic Version;Música;2005;NULL;NULL;metal;3 Doors Down;NULL;Livre;3.87
Spotify PT;Holy Wars...The Punishment Due - 2004 Remix;Música;1990;NULL;NULL;metal;Megadeth;NULL;Livre;6.54
Spotify PT;One Step Closer;Música;2000;NULL;NULL;metal;Linkin Park;NULL;Livre;2.62
Spotify PT;Hey Joe;Música;1967;NULL;NULL;metal;Jimi Hendrix;NULL;Livre;3.5
Spotify PT;Help;Música;2017;NULL;NULL;metal;Papa Roach;NULL;Livre;3.58
Spotify PT;Rollin' (Air Raid Vehicle);Música;2000;NULL;NULL;funk;Limp Bizkit;NULL;18+;3.56
Spotify PT;Rabetão;Música;2017;NULL;NULL;funk;MC Lan;NULL;18+;2.84
Spotify PT;RAM TCHUM;Música;2024;NULL;NULL;funk;DENNIS;NULL;18+;2.16
Spotify PT;Replay;Música;2019;NULL;NULL;funk;MC Zaquin;NULL;18+;3.29
Spotify PT;recadin no espelho;Música;2024;NULL;NULL;funk;Luísa Sonza;NULL;18+;2.07
Spotify PT;Ritmo Mexicano;Música;2017;NULL;NULL;funk;Mc Gw;NULL;Livre;3.17
Spotify PT;Rockabye (feat. Sean Paul & Anne-Marie);Música;2018;NULL;NULL;funk;Clean Bandit;NULL;Livre;4.19
Spotify PT;Redes Sociais;Música;2021;NULL;NULL;funk;MC Luan da BS;NULL;Livre;3.29
Spotify PT;Lovely Day;Música;1977;NULL;NULL;funk;Bill Withers;NULL;Livre;4.24
Spotify PT;Rabiola;Música;2017;NULL;NULL;funk;MC Kevinho;NULL;Livre;2.93
Spotify PT;365 Dias (Vida Mansa);Música;2024;NULL;NULL;funk;MC Marks;NULL;Livre;8.79
Spotify PT;Refém - Papasessions #3;Música;2018;NULL;NULL;funk;L7NNON;NULL;Livre;3.22
Spotify PT;Revoada;Música;2022;NULL;NULL;funk;Mc Daniel;NULL;Livre;2.34
Spotify PT;Rave Na Praia;Música;2020;NULL;NULL;funk;Menor Teteu;NULL;18+;3.39
Spotify PT;A Terra Gira;Música;2020;NULL;NULL;folk;Os Quatro e Meia;NULL;Livre;3.29
Spotify PT;Amanhã;Música;2022;NULL;NULL;folk;Os Quatro e Meia;NULL;Livre;2.99
Spotify PT;Atlantis;Música;2016;NULL;NULL;folk;Seafret;NULL;Livre;3.82
Spotify PT;Ai Amor;Música;2018;NULL;NULL;folk;ANAVITÓRIA;NULL;Livre;3.68
Spotify PT;A Horse with No Name;Música;1972;NULL;NULL;folk;America;NULL;Livre;4.2
Spotify PT;American Pie;Música;1971;NULL;NULL;folk;Don McLean;NULL;Livre;8.61
Spotify PT;A Manta do Teu Coração;Música;2020;NULL;NULL;folk;Os Quatro e Meia;NULL;Livre;3.59
Spotify PT;Amarelo azul e branco;Música;2021;NULL;NULL;folk;ANAVITÓRIA;NULL;Livre;3.36
Spotify PT;A noite;Música;2014;NULL;NULL;folk;Tiê;NULL;Livre;3.63
Spotify PT;Agora Eu Quero Ir;Música;2016;NULL;NULL;folk;ANAVITÓRIA;NULL;Livre;3.21
Spotify PT;A Whiter Shade of Pale - Original Single Version;Música;2019;NULL;NULL;folk;Procol Harum;NULL;Livre;4.15
Spotify PT;The Alcott (feat. Taylor Swift);Música;2023;NULL;NULL;folk;The National;NULL;Livre;4.46
Spotify PT;The Air That I Breathe - 2008 Remaster;Música;1974;NULL;NULL;folk;The Hollies;NULL;Livre;4.29
Spotify PT;"Up Where We Belong - From ""An Officer And A Gentleman""";Música;1999;NULL;NULL;folk;Joe Cocker;NULL;Livre;3.88
Spotify PT;As the World Caves In;Música;2018;NULL;NULL;folk;Matt Maltese;NULL;Livre;3.65
Spotify PT;Amsterdam;Música;2013;NULL;NULL;folk;Gregory Alan Isakov;NULL;Livre;3.31
Spotify PT;Fadinho Alentejano;Música;2016;NULL;NULL;classical;Ricardo Ribeiro;NULL;Livre;3.39
Spotify PT;Fly;Música;2006;NULL;NULL;classical;Ludovico Einaudi;NULL;Livre;4.65
Spotify PT;"The Four Seasons: Concerto No. 2 in G Minor RV 315 ""L'estate"" (summer): III. Presto";Música;2015;NULL;NULL;classical;Antonio Vivaldi;NULL;Livre;2.8
Spotify PT;"The Four Seasons: Concerto No. 4 in F Minor RV 297 ""L'inverno"" (winter): I. Allegro non molto";Música;2015;NULL;NULL;classical;Antonio Vivaldi;NULL;Livre;3.36
Spotify PT;The Flower Garden;Música;2004;NULL;NULL;classical;Joe Hisaishi;NULL;Livre;2.98
Spotify PT;"The Four Seasons - Violin Concerto in F Minor Op. 8 No. 4 RV 297 ""Winter"": I. Allegro non molto";Música;2008;NULL;NULL;classical;Antonio Vivaldi;NULL;Livre;3.4
Spotify PT;Für Elise WoO 59;Música;1991;NULL;NULL;classical;Ludwig van Beethoven;NULL;Livre;3.14
Spotify PT;River Flows In You;Música;2001;NULL;NULL;classical;Yiruma;NULL;Livre;3.15
Spotify PT;Fantasia in D Minor K. 397;Música;2003;NULL;NULL;classical;Wolfgang Amadeus Mozart;NULL;Livre;5.28
Spotify PT;The Flying of a Leaf;Música;2017;NULL;NULL;classical;Mattia Vlad Morleo;NULL;Livre;3.04
Spotify PT;Für Elise Bagatelle in A Minor WoO 59;Música;2019;NULL;NULL;classical;Lang Lang;NULL;Livre;3.44
Spotify PT;Fyrsta;Música;2011;NULL;NULL;classical;Ólafur Arnalds;NULL;Livre;4.28
Spotify PT;"The Four Seasons Violin Concerto No. 2 in G Minor RV 315 ""L'estate"": III. Tempo impetuoso d'estate";Música;1999;NULL;NULL;classical;Antonio Vivaldi;NULL;Livre;2.51
Spotify PT;Four Dimensions;Música;2015;NULL;NULL;classical;Ludovico Einaudi;NULL;Livre;4.71
Spotify PT;Fama de Alfama (Bairro afamado);Música;2010;NULL;NULL;classical;Ricardo Ribeiro;NULL;Livre;4.67
Spotify PT;Fall On Me;Música;2018;NULL;NULL;classical;Andrea Bocelli;NULL;Livre;4.31
Spotify PT;Flight from the City;Música;2016;NULL;NULL;classical;Jóhann Jóhannsson;NULL;Livre;6.52
Spotify PT;Flora;Música;2022;NULL;NULL;classical;Ludovico Einaudi;NULL;Livre;5.68
Spotify PT;Aerials;Música;2001;NULL;NULL;metal;System Of A Down;NULL;Livre;3.92
Spotify PT;Alive;Música;1991;NULL;NULL;metal;Pearl Jam;NULL;Livre;5.68
Spotify PT;Always;Música;1994;NULL;NULL;metal;Bon Jovi;NULL;Livre;5.88
Spotify PT;Animal I Have Become;Música;2006;NULL;NULL;metal;Three Days Grace;NULL;Livre;3.86
Spotify PT;All The Small Things;Música;1999;NULL;NULL;metal;blink-182;NULL;Livre;2.78
Spotify PT;Like a Stone;Música;2002;NULL;NULL;metal;Audioslave;NULL;Livre;4.9
Spotify PT;A Place for My Head;Música;2000;NULL;NULL;metal;Linkin Park;NULL;Livre;3.08
Spotify PT;ATWA;Música;2001;NULL;NULL;metal;System Of A Down;NULL;Livre;2.94
Spotify PT;Alone;Música;1987;NULL;NULL;metal;Heart;NULL;Livre;3.65
Spotify PT;Afterlife;Música;2007;NULL;NULL;metal;Avenged Sevenfold;NULL;Livre;5.87
Spotify PT;All My Life;Música;2002;NULL;NULL;metal;Foo Fighters;NULL;Livre;4.39
Spotify PT;Sweet Child O' Mine;Música;1987;NULL;NULL;metal;Guns N' Roses;NULL;Livre;5.93
Spotify PT;Ace of Spades;Música;1980;NULL;NULL;metal;Motörhead;NULL;Livre;2.81
Spotify PT;Around the World;Música;1999;NULL;NULL;metal;Red Hot Chili Peppers;NULL;18+;3.98
Spotify PT;All Along the Watchtower;Música;1968;NULL;NULL;metal;Jimi Hendrix;NULL;Livre;4.01
Spotify PT;Always Somewhere (2015 - Remaster);Música;1979;NULL;NULL;metal;Scorpions;NULL;Livre;4.96
Spotify PT;Alkaline;Música;2021;NULL;NULL;metal;Sleep Token;NULL;Livre;3.57
Spotify PT;Animals;Música;2021;NULL;NULL;metal;Architects;NULL;18+;4.07
Spotify PT;Awake and Alive;Música;2009;NULL;NULL;metal;Skillet;NULL;Livre;3.49
Spotify PT;Amerika;Música;2004;NULL;NULL;metal;Rammstein;NULL;Livre;3.78
Spotify PT;Let Her Go;Música;2013;NULL;NULL;folk;Passenger;NULL;Livre;4.21
Spotify PT;Little Talks;Música;2012;NULL;NULL;folk;Of Monsters and Men;NULL;Livre;4.44
Spotify PT;Like a Rolling Stone;Música;1965;NULL;NULL;folk;Bob Dylan;NULL;Livre;6.16
Spotify PT;Long Train Runnin';Música;1973;NULL;NULL;folk;The Doobie Brothers;NULL;Livre;3.45
Spotify PT;Loser;Música;1994;NULL;NULL;folk;Beck;NULL;Livre;3.92
Spotify PT;Listen to the Music;Música;1972;NULL;NULL;folk;The Doobie Brothers;NULL;Livre;3.79
Spotify PT;Little Lion Man;Música;2009;NULL;NULL;folk;Mumford & Sons;NULL;18+;4.09
Spotify PT;Looking Too Closely;Música;2014;NULL;NULL;folk;Fink;NULL;Livre;5.18
Spotify PT;Long Cool Woman (In a Black Dress) - 1999 Remaster;Música;1971;NULL;NULL;folk;The Hollies;NULL;Livre;3.32
Spotify PT;Leave a Light On;Música;2019;NULL;NULL;folk;Tom Walker;NULL;Livre;3.1
Spotify PT;Ho Hey;Música;2012;NULL;NULL;folk;The Lumineers;NULL;Livre;2.72
Spotify PT;Line of Fire;Música;2021;NULL;NULL;folk;José González;NULL;Livre;3.13
Spotify PT;Lost With You;Música;2020;NULL;NULL;folk;Patrick Watson;NULL;Livre;2.93
Spotify PT;La Vie En Rose;Música;2015;NULL;NULL;folk;Daniela Andrade;NULL;Livre;1.76
Spotify PT;Light Years;Música;2019;NULL;NULL;folk;The National;NULL;Livre;3.56
Spotify PT;Words (feat. Zara Larsson);Música;2022;NULL;NULL;edm;Alesso;NULL;Livre;2.38
Spotify PT;The Days;Música;2014;NULL;NULL;edm;Avicii;NULL;Livre;4.64
Spotify PT;Get Low (with Liam Payne);Música;2017;NULL;NULL;edm;Zedd;NULL;Livre;3.41
Spotify PT;For Life (feat. Nile Rodgers);Música;2024;NULL;NULL;edm;Kygo;NULL;Livre;2.93
Spotify PT;There for You;Música;2017;NULL;NULL;edm;Martin Garrix;NULL;Livre;3.7
Spotify PT;Clarity;Música;2012;NULL;NULL;edm;Zedd;NULL;Livre;4.52
Spotify PT;ZENLESS;Música;2024;NULL;NULL;edm;Tiësto;NULL;Livre;2.41
Spotify PT;More Than You Know;Música;2017;NULL;NULL;edm;Axwell /\ Ingrosso;NULL;Livre;3.38
Spotify PT;Beautiful Now;Música;2015;NULL;NULL;edm;Zedd;NULL;Livre;3.64
Spotify PT;Crazy;Música;2017;NULL;NULL;edm;Lost Frequencies;NULL;Livre;2.56
Spotify PT;The Power;Música;2020;NULL;NULL;edm;Duke Dumont;NULL;Livre;3.29
Spotify PT;Stay The Night - Featuring Hayley Williams Of Paramore;Música;2014;NULL;NULL;edm;Zedd;NULL;Livre;3.62
Spotify PT;In the Name of Love;Música;2016;NULL;NULL;edm;Martin Garrix;NULL;Livre;3.26
Spotify PT;Nem de Graça;Música;2018;NULL;NULL;funk;Pixote;NULL;Livre;2.87
Spotify PT;Novidade na Área;Música;2023;NULL;NULL;funk;Mc Livinho;NULL;18+;2.0
Spotify PT;NÉ SEGREDO;Música;2022;NULL;NULL;funk;MC Cabelinho;NULL;Livre;2.6
Spotify PT;Não Temos Medo;Música;2024;NULL;NULL;funk;Tz da Coronel;NULL;18+;2.25
Spotify PT;Nosso Primeiro Beijo - Ao Vivo;Música;2024;NULL;NULL;funk;Gloria Groove;NULL;Livre;2.81
Spotify PT;Noite Fria;Música;2023;NULL;NULL;funk;Mc IG;NULL;18+;2.68
Spotify PT;NO CHÃO NOVINHA;Música;2021;NULL;NULL;funk;Anitta;NULL;Livre;2.28
Spotify PT;Não Nasceu pra Namorar;Música;2021;NULL;NULL;funk;MC Zaquin;NULL;18+;2.34
Spotify PT;Never Tear Us Apart;Música;1987;NULL;NULL;funk;INXS;NULL;Livre;3.08
Spotify PT;Nosso Lugar;Música;2019;NULL;NULL;funk;Mc Kevin;NULL;Livre;3.05
Spotify PT;Nem de Graça / Saudade Arregaça - Ao Vivo;Música;2019;NULL;NULL;funk;Pixote;NULL;Livre;5.71
Spotify PT;Namorar pra Quê?​;Música;2016;NULL;NULL;funk;MC Kekel;NULL;Livre;2.78
Spotify PT;Não faz isso Comigo não;Música;2022;NULL;NULL;funk;Tz da Coronel;NULL;Livre;2.0
Spotify PT;Need You Tonight;Música;1987;NULL;NULL;funk;INXS;NULL;Livre;3.02
Spotify PT;Nookie;Música;1999;NULL;NULL;funk;Limp Bizkit;NULL;18+;4.83
Spotify PT;Nosso Amor;Música;2016;NULL;NULL;funk;Mc Pedrinho;NULL;Livre;3.6
Spotify PT;My Baby Just Cares for Me (2013 - Remaster);Música;2013;NULL;NULL;jazz;Nina Simone;NULL;Livre;3.6
Spotify PT;Mas Que Nada - 2011 Rio Version;Música;2011;NULL;NULL;jazz;Sérgio Mendes;NULL;Livre;2.74
Spotify PT;Manha de Carnaval;Música;1965;NULL;NULL;jazz;João Donato;NULL;Livre;3.16
Spotify PT;My Funny Valentine;Música;1956;NULL;NULL;jazz;Chet Baker;NULL;Livre;2.35
Spotify PT;Mi Swing es Tropical;Música;2006;NULL;NULL;jazz;Nickodemus;NULL;Livre;3.72
Spotify PT;My One And Only Love;Música;1963;NULL;NULL;jazz;John Coltrane;NULL;Livre;4.92
Spotify PT;Movie;Música;2018;NULL;NULL;jazz;Tom Misch;NULL;Livre;5.96
Spotify PT;Mumma Don't Tell;Música;2018;NULL;NULL;jazz;Leifur James;NULL;Livre;5.14
Spotify PT;Muy Tranquilo;Música;2010;NULL;NULL;jazz;Gramatik;NULL;Livre;3.9
Spotify PT;More Than a Woman;Música;2020;NULL;NULL;jazz;Ituana;NULL;Livre;2.97
Spotify PT;Morning Sun;Música;2015;NULL;NULL;jazz;Melody Gardot;NULL;Livre;5.09
Spotify PT;My Little Brown Book;Música;1963;NULL;NULL;jazz;Duke Ellington;NULL;Livre;5.33
Spotify PT;Me and Mrs. Jones;Música;2007;NULL;NULL;jazz;Michael Bublé;NULL;Livre;4.53
Spotify PT;Man Funk;Música;2014;NULL;NULL;jazz;Guts;NULL;Livre;3.9
Spotify PT;Madalena;Música;1971;NULL;NULL;jazz;Elis Regina;NULL;Livre;2.63
Spotify PT;Morning Matters;Música;2020;NULL;NULL;jazz;Yazmin Lacey;NULL;Livre;4.11
Spotify PT;My Romance - Remastered 2006;Música;2006;NULL;NULL;jazz;Gene Ammons;NULL;Livre;4.22
Spotify PT;My One and Only Love;Música;2018;NULL;NULL;jazz;Karen Souza;NULL;Livre;4.68
Spotify PT;Killing Me Softly With His Song;Música;1973;NULL;NULL;jazz;Roberta Flack;NULL;Livre;4.78
Spotify PT;Águas De Março;Música;1974;NULL;NULL;jazz;Elis Regina;NULL;Livre;3.57
Spotify PT;Unchained Melody;Música;1965;NULL;NULL;folk;The Righteous Brothers;NULL;Livre;3.63
Spotify PT;universo de coisas que eu desconheço;Música;2022;NULL;NULL;folk;ANAVITÓRIA;NULL;Livre;3.3
Spotify PT;Unchain My Heart;Música;1987;NULL;NULL;folk;Joe Cocker;NULL;Livre;5.07
Spotify PT;Um Sim P'ra Regressar;Música;2017;NULL;NULL;folk;Os Quatro e Meia;NULL;Livre;4.96
Spotify PT;Up Where We Belong;Música;2003;NULL;NULL;folk;Joe Cocker;NULL;Livre;3.89
Spotify PT;Until You;Música;2021;NULL;NULL;folk;AHI;NULL;Livre;3.31
Spotify PT;Untamed;Música;2017;NULL;NULL;folk;Eddie Berman;NULL;Livre;3.97
Spotify PT;Ulveham;Música;2024;NULL;NULL;folk;Gåte;NULL;Livre;3.0
Spotify PT;Surfin' U.S.A. - Remastered 2001;Música;1963;NULL;NULL;folk;The Beach Boys;NULL;Livre;2.49
Spotify PT;Undone;Música;2022;NULL;NULL;folk;Sons Of The East;NULL;Livre;3.63
Spotify PT;Um violeiro toca;Música;1989;NULL;NULL;folk;Almir Sater;NULL;Livre;3.65
Spotify PT;Una Noche Más;Música;2023;NULL;NULL;folk;Blanco White;NULL;Livre;3.34
Spotify PT;Unfortunate Love;Música;2020;NULL;NULL;folk;Hayden Calnin;NULL;Livre;3.78
Spotify PT;Um Dia Após o Outro - Ao Vivo;Música;2016;NULL;NULL;folk;TIAGO IORC;NULL;Livre;3.31
Spotify PT;ESCADA DO PRÉDIO;Música;2024;NULL;NULL;funk;PEDRO SAMPAIO;NULL;18+;2.29
Spotify PT;Evoluiu;Música;2019;NULL;NULL;funk;MC Kevin o Chris;NULL;18+;2.99
Spotify PT;Eterna Sacanagem;Música;2019;NULL;NULL;funk;MC JottaPê;NULL;Livre;2.81
Spotify PT;Eu sou Cantor Não Sou Bandido;Música;2024;NULL;NULL;funk;Mc Lele JP;NULL;Livre;4.44
Spotify PT;Ela Vem Brota no Meu Setor;Música;2024;NULL;NULL;funk;DJ Zigão;NULL;18+;2.77
Spotify PT;Ela É Sensacional;Música;2023;NULL;NULL;funk;MC Menor MT;NULL;18+;2.47
Spotify PT;Ela Vem;Música;2019;NULL;NULL;funk;MC G15;NULL;18+;3.28
Spotify PT;E Aí Como Que Tá ?;Música;2024;NULL;NULL;funk;MC Tuto;NULL;Livre;2.23
Spotify PT;ESSÊNCIA DE CRIA;Música;2021;NULL;NULL;funk;MC Cabelinho;NULL;18+;3.2
Spotify PT;Envolver;Música;2022;NULL;NULL;funk;Anitta;NULL;Livre;3.23
Spotify PT;Eu Fiz o Jogo Virar;Música;2021;NULL;NULL;funk;Mc Poze do Rodo;NULL;Livre;2.43
Spotify PT;Eu Vou Te Pegar;Música;2018;NULL;NULL;funk;Mc Pedrinho;NULL;Livre;3.38
Spotify PT;Evoque Prata;Música;2022;NULL;NULL;funk;MC MENOR HR;NULL;18+;1.78
Spotify PT;Eu Vou Cair na Noite;Música;2023;NULL;NULL;funk;DJ RENAN DA BL;NULL;Livre;2.09
Spotify PT;ENSAIO DAS MARAVILHAS;Música;2023;NULL;NULL;funk;PEDRO SAMPAIO;NULL;Livre;2.93
Spotify PT;Ela Só Pensa em Beijar (Se Ela Dança Eu Danço) Rmx DJ Marlboro;Música;2020;NULL;NULL;funk;MC Leozinho;NULL;Livre;4.09
Spotify PT;Rainha da Finesse;Música;2024;NULL;NULL;trap;WIU;NULL;18+;2.77
Spotify PT;R&bsr&b$;Música;2018;NULL;NULL;trap;T-Rex;NULL;Livre;3.93
Spotify PT;Rolé na Favela de Nave;Música;2024;NULL;NULL;trap;Oruam;NULL;18+;3.2
Spotify PT;Rolê de Sempre;Música;2024;NULL;NULL;trap;WIU;NULL;18+;3.67
Spotify PT;Relationship Goals;Música;2020;NULL;NULL;trap;Prodigio;NULL;18+;3.94
Spotify PT;Ric Flair Drip (with Metro Boomin);Música;2017;NULL;NULL;trap;Offset;NULL;18+;2.88
Spotify PT;Rockstar Shit;Música;2022;NULL;NULL;trap;LON3R JOHNY;NULL;18+;3.51
Spotify PT;Rara Vez;Música;2023;NULL;NULL;trap;Milo j;NULL;Livre;2.14
Spotify PT;Rojo;Música;2020;NULL;NULL;trap;J Balvin;NULL;Livre;2.51
Spotify PT;Limbo;Música;2012;NULL;NULL;trap;Daddy Yankee;NULL;Livre;3.74
Spotify PT;REAL GANGSTA LOVE;Música;2024;NULL;NULL;trap;Trueno;NULL;18+;2.42
Spotify PT;ROCKSTAR (feat. Roddy Ricch);Música;2020;NULL;NULL;trap;DaBaby;NULL;18+;3.03
Spotify PT;Rompe;Música;2005;NULL;NULL;trap;Daddy Yankee;NULL;18+;3.14
Spotify PT;Me Rehúso;Música;2019;NULL;NULL;trap;Danny Ocean;NULL;Livre;3.43
Spotify PT;Rakata;Música;2005;NULL;NULL;trap;Wisin & Yandel;NULL;Livre;2.88
Spotify PT;Reza do Milhão;Música;2024;NULL;NULL;trap;Matuê;NULL;Livre;3.07
Spotify PT;Under the Bridge;Música;1991;NULL;NULL;funk;Red Hot Chili Peppers;NULL;Livre;4.41
Spotify PT;Uma nora pra cada dia;Música;2019;NULL;NULL;funk;MC Kevinho;NULL;Livre;2.19
Spotify PT;Faz um Vuk Vuk (Teto Espelhado);Música;2023;NULL;NULL;funk;MC Kevin o Chris;NULL;18+;2.31
Spotify PT;UM ERRO;Música;2022;NULL;NULL;funk;MC Cabelinho;NULL;18+;3.05
Spotify PT;Use Me;Música;1972;NULL;NULL;funk;Bill Withers;NULL;Livre;3.81
Spotify PT;Um Sabadão Desse Uma Lua Dessa;Música;2020;NULL;NULL;funk;Mc Talibã;NULL;Livre;2.88
Spotify PT;Uma Cavala Mesmo;Música;2021;NULL;NULL;funk;MC Meno K;NULL;Livre;2.52
Spotify PT;Comprei um Lança;Música;2020;NULL;NULL;funk;Mc Jacaré;NULL;18+;1.87
Spotify PT;Universally Speaking;Música;2002;NULL;NULL;funk;Red Hot Chili Peppers;NULL;Livre;4.28
Spotify PT;Hit 'Em Up - Single Version;Música;1998;NULL;NULL;funk;2Pac;NULL;18+;5.21
Spotify PT;Um Love;Música;2021;NULL;NULL;funk;MC Josh;NULL;18+;1.85
Spotify PT;Coming Undone;Música;2005;NULL;NULL;funk;Korn;NULL;Livre;3.33
Spotify PT;Foto da Unha;Música;2024;NULL;NULL;funk;L7NNON;NULL;Livre;3.33
Spotify PT;Um Minuto;Música;2021;NULL;NULL;funk;MC Maneirinho;NULL;18+;2.85
Spotify PT;Casal Bem Louco;Música;2018;NULL;NULL;funk;MC Marks;NULL;Livre;2.19
Spotify PT;Uma Luta Por Dia;Música;2020;NULL;NULL;funk;Mc Kevin;NULL;Livre;3.09
Spotify PT;Until The End Of Time;Música;2001;NULL;NULL;funk;2Pac;NULL;18+;4.44
Spotify PT;Used To Be;Música;2023;NULL;NULL;funk;Anitta;NULL;18+;2.88
Spotify PT;Scar Tissue;Música;1999;NULL;NULL;funk;Red Hot Chili Peppers;NULL;Livre;3.6
Spotify PT;Set Dj Gm 6.0;Música;2023;NULL;NULL;funk;Dj GM;NULL;Livre;10.4
Spotify PT;Segredo;Música;2023;NULL;NULL;funk;KayBlack;NULL;Livre;1.74
Spotify PT;Samba de Malandro;Música;2024;NULL;NULL;funk;MC Paulin da Capital;NULL;18+;5.01
Spotify PT;Sem Aliança no Dedo;Música;2022;NULL;NULL;funk;MC Xenon;NULL;18+;2.01
Spotify PT;Sorriso no Rosto;Música;2024;NULL;NULL;funk;Mc IG;NULL;18+;2.47
